2025-11-26 00:56:04,938 INFO __main__ Reflecting on QA - session=9d701156-8aa2-412f-92ef-873a5c7650cc q_index=0 question=sentence:牙齿美白##context:##wechat:##mobile:##qq:
2025-11-26 00:56:18,556 DEBUG __main__ 思考过程: 🟡 整体质量尚可，有改进空间
建议：使用更多专业医疗术语，提升专业感
2025-11-26 00:56:18,557 INFO __main__ 反思分析: 模型生成的回复整体友好且符合对话风格要求，但缺乏专业医疗术语，未能完全体现口腔领域的专业性。同时，开场白略显简单，未充分引导用户表达需求。
2025-11-26 00:56:18,557 INFO __main__ 错误定位: 缺少专业术语，开场白引导不足，未能明确提及‘具体方案评估价格’这一关键点。
2025-11-26 00:56:18,557 INFO __main__ 根本原因分析: 模型可能未充分理解角色定义中对专业性的要求，同时对步骤1的执行过于简略，导致信息传递不够全面。
2025-11-26 00:56:18,557 INFO __main__ 正确的处理方法: 在开场白中加入更多专业术语，例如‘冷光美白’或‘居家美白套件’，并明确提到价格需根据具体方案评估。此外，应更自然地引导用户表达需求，例如询问‘您是想了解哪种美白方式呢？😊’
2025-11-26 00:56:18,558 INFO __main__ 关键洞察: 在专业领域对话中，适当使用行业术语能显著提升可信度和专业感，同时开场白需要兼顾友好性和信息引导性。
2025-11-26 00:56:18,558 DEBUG __main__ analysis: {'metrics': {'politeness': 0.26, 'professionalism': 0.28, 'relevance': 0.3, 'clarity': 0.3, 'rule_compliance': 1.0, 'overall_score': 0.714, 'user_satisfaction': None}, 'suggestions': ['🟡 整体质量尚可，有改进空间', '建议：使用更多专业医疗术语，提升专业感'], 'timestamp': '2025-11-26T00:56:04.936608'}
2025-11-26 00:56:36,444 INFO __main__ Reflecting on QA - session=9d701156-8aa2-412f-92ef-873a5c7650cc q_index=2 question=sentence:none##context:[{'role': 'user', 'content': '牙齿美白', 'time': '17641365221
2025-11-26 00:56:45,549 DEBUG __main__ 思考过程: 🟡 整体质量尚可，有改进空间
建议：使用更多专业医疗术语，提升专业感
2025-11-26 00:56:45,550 INFO __main__ 反思分析: 模型生成的回复整体符合任务要求，但缺乏足够的专业术语和深度追问，未能完全体现医疗问诊的专业性。
2025-11-26 00:56:45,550 INFO __main__ 错误定位: 回复中未使用专业术语，且问题设计较为表面化，未能深入挖掘用户需求或症状细节。
2025-11-26 00:56:45,550 INFO __main__ 根本原因分析: 模型可能受限于训练数据的专业性不足，或者对医疗场景中的深度追问策略理解不够。
2025-11-26 00:56:45,550 INFO __main__ 正确的处理方法: 应结合口腔医学知识，使用更专业的表述，并针对用户的初步描述提出更有针对性的问题，例如“您牙齿变色的主要原因是什么？是否有敏感或不适？”
2025-11-26 00:56:45,550 INFO __main__ 关键洞察: 在医疗问诊场景中，专业术语和精准追问是提升对话质量和用户信任的关键。
2025-11-26 00:56:45,550 DEBUG __main__ analysis: {'metrics': {'politeness': 0.18, 'professionalism': 0.28, 'relevance': 0.3, 'clarity': 0.3, 'rule_compliance': 1.0, 'overall_score': 0.706, 'user_satisfaction': None}, 'suggestions': ['🟡 整体质量尚可，有改进空间', '建议：使用更多专业医疗术语，提升专业感'], 'timestamp': '2025-11-26T00:56:36.444023'}
2025-11-26 00:56:54,489 INFO __main__ Reflecting on QA - session=9d701156-8aa2-412f-92ef-873a5c7650cc q_index=4 question=sentence:有什么方法，介绍一下##context:[{'role': 'user', 'content': '牙齿美白', 'time': '17641
2025-11-26 00:57:02,780 DEBUG __main__ 思考过程: 🟡 整体质量尚可，有改进空间
建议：使用更多专业医疗术语，提升专业感
2025-11-26 00:57:02,784 INFO __main__ 反思分析: 模型的回答整体符合要求，但缺乏专业医疗术语，且未充分强调隐私保护和价值强化。
2025-11-26 00:57:02,784 INFO __main__ 错误定位: 未使用专业术语，缺少隐私保护声明，过渡稍显生硬。
2025-11-26 00:57:02,784 INFO __main__ 根本原因分析: 模型未能充分利用playbook中的策略，如隐私保证和价值强化，导致回答不够完善。
2025-11-26 00:57:02,784 INFO __main__ 正确的处理方法: 结合专业术语，加入隐私保护声明，并更自然地引导用户提供联系方式。
2025-11-26 00:57:02,784 INFO __main__ 关键洞察: 在引导用户提供联系方式时，需同时强调隐私保护和专业价值，以增强用户信任。
2025-11-26 00:57:02,784 DEBUG __main__ analysis: {'metrics': {'politeness': 0.18, 'professionalism': 0.2, 'relevance': 0.3, 'clarity': 0.5, 'rule_compliance': 1.0, 'overall_score': 0.718, 'user_satisfaction': None}, 'suggestions': ['🟡 整体质量尚可，有改进空间', '建议：使用更多专业医疗术语，提升专业感'], 'timestamp': '2025-11-26T00:56:54.489470'}
2025-11-26 00:57:14,169 INFO __main__ Reflecting on QA - session=9d701156-8aa2-412f-92ef-873a5c7650cc q_index=6 question=sentence:是的##context:[{'role': 'user', 'content': '牙齿美白', 'time': '1764136522000
2025-11-26 00:57:28,179 DEBUG __main__ 思考过程: 🟡 整体质量尚可，有改进空间
建议：使用更多专业医疗术语，提升专业感
2025-11-26 00:57:28,181 INFO __main__ 反思分析: 模型生成的回复缺少对用户问题的进一步价值强化，且未充分结合上下文语境提供更专业的引导。
2025-11-26 00:57:28,181 INFO __main__ 错误定位: 未使用医疗专业术语增强可信度，同时缺乏明确的隐私保护声明以缓解用户顾虑。
2025-11-26 00:57:28,181 INFO __main__ 根本原因分析: 模型未能充分利用playbook中的策略来构建更自然和专业的过渡，导致回复显得过于直接且缺乏温度。
2025-11-26 00:57:28,181 INFO __main__ 正确的处理方法: 应结合具体场景强化价值，例如‘基于您的牙齿情况，我们安排专业医生定制方案’，并补充隐私保护承诺。
2025-11-26 00:57:28,181 INFO __main__ 关键洞察: 在请求敏感信息时，强调隐私保护和专业性可显著提升用户的信任感和配合意愿。
2025-11-26 00:57:28,181 DEBUG __main__ analysis: {'metrics': {'politeness': 0.18, 'professionalism': 0.2, 'relevance': 0.3, 'clarity': 0.5, 'rule_compliance': 1.0, 'overall_score': 0.718, 'user_satisfaction': None}, 'suggestions': ['🟡 整体质量尚可，有改进空间', '建议：使用更多专业医疗术语，提升专业感'], 'timestamp': '2025-11-26T00:57:14.169129'}
2025-11-26 04:38:47,001 INFO __main__ Reflecting on QA - session=0136ab50-355f-47da-a3de-531e26f6ffb6 q_index=0 question=nihao
2025-11-26 04:38:59,831 DEBUG __main__ 思考过程: 🟡 整体质量尚可，有改进空间
建议：使用更多专业医疗术语，提升专业感
2025-11-26 04:38:59,833 INFO __main__ 反思分析: 模型的回复虽然友好且符合基本对话原则，但缺乏明确针对用户输入“nihao”的回应，显得过于泛化。此外，开场白未完全契合口腔领域的专业性要求，亲和力与专业性的平衡有待提升。
2025-11-26 04:38:59,834 INFO __main__ 错误定位: 未能准确识别并回应用户的简单问候，开场白缺少具体领域相关性，语气偏通用而非聚焦于口腔健康服务。
2025-11-26 04:38:59,834 INFO __main__ 根本原因分析: 模型可能未充分理解用户简短输入的语境，同时对角色定义中的专业性和领域专注度体现不足，导致回复显得机械化且缺乏针对性。
2025-11-26 04:38:59,834 INFO __main__ 正确的处理方法: 应明确识别用户问候并作出亲切回应，同时自然引入口腔健康话题，例如：“您好！😊 很高兴为您服务，请问您是否有任何关于口腔健康的问题需要咨询呢？”
2025-11-26 04:38:59,834 INFO __main__ 关键洞察: 在用户输入极简时，应回归角色定位，主动引导对话方向，确保开场白既友好又具备专业相关性。
2025-11-26 04:38:59,834 DEBUG __main__ analysis: {'metrics': {'politeness': 0.34, 'professionalism': 0.28, 'relevance': 0.3, 'clarity': 0.5, 'rule_compliance': 1.0, 'overall_score': 0.742, 'user_satisfaction': None}, 'suggestions': ['🟡 整体质量尚可，有改进空间', '建议：使用更多专业医疗术语，提升专业感'], 'timestamp': '2025-11-26T04:38:46.999822'}
2025-11-26 04:39:07,907 INFO __main__ Reflecting on QA - session=0136ab50-355f-47da-a3de-531e26f6ffb6 q_index=2 question=nihao
2025-11-26 04:39:17,169 DEBUG __main__ 思考过程: 🟡 整体质量尚可，有改进空间
建议：使用更多专业医疗术语，提升专业感
2025-11-26 04:39:17,170 INFO __main__ 反思分析: 模型输出整体符合要求，但缺乏强化价值和隐私保证的元素，专业感也略显不足。
2025-11-26 04:39:17,170 INFO __main__ 错误定位: 未充分结合价值强化和隐私保证策略，语言偏简单，未能完全满足专业性需求。
2025-11-26 04:39:17,170 INFO __main__ 根本原因分析: 可能由于对playbook中的价值传递和隐私条款重视不足，导致内容单薄。
2025-11-26 04:39:17,170 INFO __main__ 正确的处理方法: 在请求联系方式时，加入价值强化与隐私保护承诺，并适当使用医疗专业术语提升可信度。
2025-11-26 04:39:17,170 INFO __main__ 关键洞察: 每次请求联系方式时需同时强调服务的专业性和用户隐私的安全性以增加信任。
2025-11-26 04:39:17,171 DEBUG __main__ analysis: {'metrics': {'politeness': 0.34, 'professionalism': 0.2, 'relevance': 0.3, 'clarity': 0.5, 'rule_compliance': 1.0, 'overall_score': 0.734, 'user_satisfaction': None}, 'suggestions': ['🟡 整体质量尚可，有改进空间', '建议：使用更多专业医疗术语，提升专业感'], 'timestamp': '2025-11-26T04:39:07.907448'}
2025-11-26 04:39:37,812 INFO __main__ Reflecting on QA - session=0136ab50-355f-47da-a3de-531e26f6ffb6 q_index=4 question=nihao
2025-11-26 04:39:46,430 DEBUG __main__ 思考过程: 🟡 整体质量尚可，有改进空间
建议：使用更多专业医疗术语，提升专业感
2025-11-26 04:39:46,432 INFO __main__ 反思分析: 模型输出整体温和且专业，但缺乏对系统提示中关键策略的完全遵循，例如未提及隐私保护或价值强化。
2025-11-26 04:39:46,432 INFO __main__ 错误定位: 未严格按playbook要求每句话包含询问联系方式，也未强调隐私保护和专业医生安排的价值。
2025-11-26 04:39:46,432 INFO __main__ 根本原因分析: 模型可能未能充分解析系统提示中的多层次要求，导致输出简化，遗漏了部分必要元素。
2025-11-26 04:39:46,432 INFO __main__ 正确的处理方法: 基于用户情况，强调专业医生诊断价值，并自然引导提供联系方式，同时承诺隐私保护。
2025-11-26 04:39:46,432 INFO __main__ 关键洞察: 确保每句话都符合playbook策略，尤其是价值传递、隐私保证与联系方式请求的结合。
2025-11-26 04:39:46,432 DEBUG __main__ analysis: {'metrics': {'politeness': 0.34, 'professionalism': 0.28, 'relevance': 0.3, 'clarity': 0.5, 'rule_compliance': 1.0, 'overall_score': 0.742, 'user_satisfaction': None}, 'suggestions': ['🟡 整体质量尚可，有改进空间', '建议：使用更多专业医疗术语，提升专业感'], 'timestamp': '2025-11-26T04:39:37.812436'}
2025-11-26 04:41:57,223 INFO __main__ Reflecting on QA - session=fc9fa60d-2260-45f5-a6e3-90e66c9e9f99 q_index=0 question=不想发
2025-11-26 04:42:06,161 DEBUG __main__ 思考过程: 🟡 整体质量尚可，有改进空间
建议：使用更多专业医疗术语，提升专业感
2025-11-26 04:42:06,164 INFO __main__ 反思分析: 模型输出整体温和且专业，但缺乏强化价值和隐私保证的明确表述，未能完全契合playbook策略。
2025-11-26 04:42:06,164 INFO __main__ 错误定位: 未充分结合价值强化和隐私保证的话术，缺少对用户留联系方式动机的深层引导。
2025-11-26 04:42:06,164 INFO __main__ 根本原因分析: 模型可能未完全理解或优先应用playbook中关于价值传递和隐私保护的关键要求。
2025-11-26 04:42:06,164 INFO __main__ 正确的处理方法: 基于您的情况，让专业医生提供方案。我们承诺保护隐私，您方便留个联系方式吗？
2025-11-26 04:42:06,164 INFO __main__ 关键洞察: 在请求联系方式时，需同时强调专业价值和隐私保护以增强用户信任。
2025-11-26 04:42:06,165 DEBUG __main__ analysis: {'metrics': {'politeness': 0.18, 'professionalism': 0.2, 'relevance': 0.3, 'clarity': 0.5, 'rule_compliance': 1.0, 'overall_score': 0.718, 'user_satisfaction': None}, 'suggestions': ['🟡 整体质量尚可，有改进空间', '建议：使用更多专业医疗术语，提升专业感'], 'timestamp': '2025-11-26T04:41:57.223212'}
2025-11-26 04:42:18,329 INFO __main__ Reflecting on QA - session=fc9fa60d-2260-45f5-a6e3-90e66c9e9f99 q_index=2 question=就在这聊
2025-11-26 04:42:25,238 DEBUG __main__ 思考过程: 🟡 整体质量尚可，有改进空间
建议：使用更多专业医疗术语，提升专业感
2025-11-26 04:42:25,241 INFO __main__ 反思分析: 模型未能按照要求自然引导用户提供联系方式，且回复缺乏专业性和价值强化。
2025-11-26 04:42:25,241 INFO __main__ 错误定位: 回复未包含询问联系方式的关键要求，且没有体现过渡或隐私保证。
2025-11-26 04:42:25,242 INFO __main__ 根本原因分析: 模型可能未充分理解playbook策略，导致关键步骤遗漏。
2025-11-26 04:42:25,242 INFO __main__ 正确的处理方法: 结合价值强化和自然过渡，明确请求联系方式并强调隐私保护，例如："为了给您安排更精准的诊断，请提供联系方式，我们承诺严格保护您的隐私。"
2025-11-26 04:42:25,242 INFO __main__ 关键洞察: 每句话必须围绕核心目标设计，确保符合playbook要求的同时传递专业性与信任感。
2025-11-26 04:42:25,242 DEBUG __main__ analysis: {'metrics': {'politeness': 0.18, 'professionalism': 0.2, 'relevance': 0.3, 'clarity': 0.5, 'rule_compliance': 1.0, 'overall_score': 0.718, 'user_satisfaction': None}, 'suggestions': ['🟡 整体质量尚可，有改进空间', '建议：使用更多专业医疗术语，提升专业感'], 'timestamp': '2025-11-26T04:42:18.329450'}
2025-11-26 04:42:36,790 INFO __main__ Reflecting on QA - session=fc9fa60d-2260-45f5-a6e3-90e66c9e9f99 q_index=4 question=就在这聊
2025-11-26 04:42:45,365 DEBUG __main__ 思考过程: 🟡 整体质量尚可，有改进空间
建议：使用更多专业医疗术语，提升专业感
2025-11-26 04:42:45,368 INFO __main__ 反思分析: 模型未按照要求自然引导用户提供联系方式，且回复中缺乏价值强化和隐私保证。
2025-11-26 04:42:45,368 INFO __main__ 错误定位: 回复未包含询问联系方式的关键要求，且字数过少，未能体现专业性和平台价值。
2025-11-26 04:42:45,368 INFO __main__ 根本原因分析: 模型未能充分理解并应用playbook中的策略，忽略了核心任务即引导用户提供联系方式。
2025-11-26 04:42:45,368 INFO __main__ 正确的处理方法: 结合价值强化与隐私保证，使用温和专业的语言询问联系方式，例如：'为了给您安排更精准的诊断，请提供一下联系方式，我们承诺严格保护您的隐私信息。' 
2025-11-26 04:42:45,368 INFO __main__ 关键洞察: 每句话必须围绕核心目标设计，确保符合任务要求的同时传递专业性与信任感。
2025-11-26 04:42:45,368 DEBUG __main__ analysis: {'metrics': {'politeness': 0.18, 'professionalism': 0.2, 'relevance': 0.3, 'clarity': 0.5, 'rule_compliance': 1.0, 'overall_score': 0.718, 'user_satisfaction': None}, 'suggestions': ['🟡 整体质量尚可，有改进空间', '建议：使用更多专业医疗术语，提升专业感'], 'timestamp': '2025-11-26T04:42:36.790261'}
2025-11-26 04:42:53,253 INFO __main__ Reflecting on QA - session=fc9fa60d-2260-45f5-a6e3-90e66c9e9f99 q_index=6 question=你专业吗
2025-11-26 04:43:03,175 DEBUG __main__ 思考过程: 🟡 整体质量尚可，有改进空间
建议：使用更多专业医疗术语，提升专业感
2025-11-26 04:43:03,178 INFO __main__ 反思分析: 模型回应缺乏明确引导用户提供联系方式，也未充分强调专业性和价值，不符合playbook要求。
2025-11-26 04:43:03,178 INFO __main__ 错误定位: 未包含询问联系方式的关键步骤，且专业感不足，未能有效强化服务价值。
2025-11-26 04:43:03,178 INFO __main__ 根本原因分析: 模型可能未完全理解或遵循playbook策略，忽略了核心任务即引导用户留下联系方式。
2025-11-26 04:43:03,178 INFO __main__ 正确的处理方法: 结合价值强化和自然过渡策略，温和专业地请求联系方式，并承诺隐私保护。
2025-11-26 04:43:03,178 INFO __main__ 关键洞察: 每句话必须嵌入询问联系方式，同时通过专业表述提升信任感。
2025-11-26 04:43:03,178 DEBUG __main__ analysis: {'metrics': {'politeness': 0.18, 'professionalism': 0.28, 'relevance': 0.5, 'clarity': 0.5, 'rule_compliance': 1.0, 'overall_score': 0.746, 'user_satisfaction': None}, 'suggestions': ['🟡 整体质量尚可，有改进空间', '建议：使用更多专业医疗术语，提升专业感'], 'timestamp': '2025-11-26T04:42:53.253018'}
2025-11-26 04:47:10,710 INFO __main__ Reflecting on QA - session=a332b95d-e9f8-409f-a393-dc9e5b54ffdc q_index=0 question=sentence:牙齿打桩是啥意思啊##context:[{'role': 'user', 'content': '牙齿打桩是什么意思', 'time': '0
2025-11-26 04:47:18,685 DEBUG __main__ 思考过程: 🟡 整体质量尚可，有改进空间
建议：使用更多专业医疗术语，提升专业感
2025-11-26 04:47:18,687 INFO __main__ 反思分析: 模型的回答虽然基本正确，但缺乏专业术语和细节描述，未能完全符合口腔领域的专业性要求。同时，缺少引导用户进一步互动或留下联系方式的策略。
2025-11-26 04:47:18,687 INFO __main__ 错误定位: 回答过于简略，未使用足够的专业术语，也未尝试与用户建立更深的连接或提供后续行动建议。
2025-11-26 04:47:18,687 INFO __main__ 根本原因分析: 模型可能受限于训练数据的专业深度，同时对话策略中未充分融入套电机器人的引导逻辑。
2025-11-26 04:47:18,688 INFO __main__ 正确的处理方法: 在解释时加入更多专业术语（如‘牙体预备’、‘桩核修复’），并结合表情符号及引导性语言邀请用户进一步咨询或留下联系方式。
2025-11-26 04:47:18,688 INFO __main__ 关键洞察: 即使是技术性问题的回答，也需要兼顾专业性和营销目标，通过自然的方式引导潜在客户采取下一步行动。
2025-11-26 04:47:18,688 DEBUG __main__ analysis: {'metrics': {'politeness': 0.1, 'professionalism': 0.30000000000000004, 'relevance': 0.3, 'clarity': 0.5, 'rule_compliance': 1.0, 'overall_score': 0.72, 'user_satisfaction': None}, 'suggestions': ['🟡 整体质量尚可，有改进空间', '建议：使用更多专业医疗术语，提升专业感'], 'timestamp': '2025-11-26T04:47:10.710635'}
2025-11-26 04:47:28,829 INFO __main__ Reflecting on QA - session=a332b95d-e9f8-409f-a393-dc9e5b54ffdc q_index=2 question=sentence:none##context:[{'role': 'user', 'content': '牙齿打桩是什么意思', 'time': '0'}, {
2025-11-26 04:47:39,905 DEBUG __main__ 思考过程: 🟡 整体质量尚可，有改进空间
建议：使用更多专业医疗术语，提升专业感
2025-11-26 04:47:39,908 INFO __main__ 反思分析: 模型预测的问题未完全遵循任务流程，缺乏对用户问题的直接回应，且未体现追问策略以获取更多信息。
2025-11-26 04:47:39,908 INFO __main__ 错误定位: 未能紧扣用户问题进行解释，也未尝试收集用户的背景信息或症状细节，偏离了问诊框架。
2025-11-26 04:47:39,908 INFO __main__ 根本原因分析: 模型可能误解了任务目标，过于关注引导新问题，而忽略了结合上下文提供简洁、专业的回复。
2025-11-26 04:47:39,908 INFO __main__ 正确的处理方法: 应先简要回答用户关于‘牙齿打桩’的疑问，再通过单个明确的问题追问用户的具体情况或需求。
2025-11-26 04:47:39,908 INFO __main__ 关键洞察: 在对话中始终优先解决用户当前疑问，同时逐步引导用户提供更多背景信息，确保专业性和服务性兼备。
2025-11-26 04:47:39,908 DEBUG __main__ analysis: {'metrics': {'politeness': 0.18, 'professionalism': 0.28, 'relevance': 0.3, 'clarity': 0.3, 'rule_compliance': 1.0, 'overall_score': 0.706, 'user_satisfaction': None}, 'suggestions': ['🟡 整体质量尚可，有改进空间', '建议：使用更多专业医疗术语，提升专业感'], 'timestamp': '2025-11-26T04:47:28.829833'}
2025-11-26 04:47:47,828 INFO __main__ Reflecting on QA - session=a332b95d-e9f8-409f-a393-dc9e5b54ffdc q_index=4 question=sentence:哦这样啊，明白了。##context:[{'role': 'user', 'content': '牙齿打桩是什么意思', 'time': '0
2025-11-26 04:47:56,817 DEBUG __main__ 思考过程: 🟡 整体质量尚可，有改进空间
建议：使用更多专业医疗术语，提升专业感
2025-11-26 04:47:56,820 INFO __main__ 反思分析: 模型生成的回复缺乏足够的专业术语，且未充分结合上下文强化价值。同时，未提及隐私保护以增加用户信任。
2025-11-26 04:47:56,820 INFO __main__ 错误定位: 回复中缺少对隐私保护的承诺，且引导用户提供联系方式的方式过于直接，专业感不足。
2025-11-26 04:47:56,821 INFO __main__ 根本原因分析: 模型未能充分利用playbook中的策略，例如隐私保证和更专业的过渡语言，导致整体效果偏弱。
2025-11-26 04:47:56,821 INFO __main__ 正确的处理方法: 基于您的牙齿问题，我们安排专业医生评估方案，请提供联系方式，承诺严格保护您的隐私信息。
2025-11-26 04:47:56,821 INFO __main__ 关键洞察: 在请求敏感信息时，应结合隐私保护声明和更强的专业性来提升用户信任与配合意愿。
2025-11-26 04:47:56,821 DEBUG __main__ analysis: {'metrics': {'politeness': 0.18, 'professionalism': 0.2, 'relevance': 0.3, 'clarity': 0.5, 'rule_compliance': 1.0, 'overall_score': 0.718, 'user_satisfaction': None}, 'suggestions': ['🟡 整体质量尚可，有改进空间', '建议：使用更多专业医疗术语，提升专业感'], 'timestamp': '2025-11-26T04:47:47.828873'}
2025-11-26 04:50:03,917 INFO __main__ Reflecting on QA - session=a332b95d-e9f8-409f-a393-dc9e5b54ffdc q_index=0 question=sentence:【对话ID：1764150365218】##context:[{'role': 'user', 'content': '牙齿打桩是什么意思',
2025-11-26 04:50:13,473 DEBUG __main__ 思考过程: 🟡 整体质量尚可，有改进空间
建议：使用更多专业医疗术语，提升专业感
2025-11-26 04:50:13,474 INFO __main__ 反思分析: 模型在引导用户提供联系方式时，未充分结合playbook中的价值强化和隐私保证策略，显得略为直接，专业性和用户信任感不足。
2025-11-26 04:50:13,477 INFO __main__ 错误定位: 回复中缺少对用户顾虑的进一步缓解，且没有提及隐私保护或强调医生的专业性，可能导致用户抗拒提供信息。
2025-11-26 04:50:13,477 INFO __main__ 根本原因分析: 模型未能完全遵循playbook要求，特别是在温和引导和增强用户信任方面有所欠缺，同时缺乏对医疗场景敏感性的体现。
2025-11-26 04:50:13,478 INFO __main__ 正确的处理方法: 基于您的情况，我们安排专业医生为您定制方案，同时承诺严格保护您的隐私，您方便提供下联系方式吗？
2025-11-26 04:50:13,478 INFO __main__ 关键洞察: 在医疗咨询场景中，强调专业性和隐私保护是获取用户信任的关键。
2025-11-26 04:50:13,478 DEBUG __main__ analysis: {'metrics': {'politeness': 0.18, 'professionalism': 0.2, 'relevance': 0.3, 'clarity': 0.3, 'rule_compliance': 1.0, 'overall_score': 0.698, 'user_satisfaction': None}, 'suggestions': ['🟡 整体质量尚可，有改进空间', '建议：使用更多专业医疗术语，提升专业感'], 'timestamp': '2025-11-26T04:50:03.917846'}
2025-11-26 04:50:21,276 INFO __main__ Reflecting on QA - session=00fae81d-6e89-4460-ba13-5f12b3a0247a q_index=0 question=sentence:有点担心手术会很疼##context:[{'role': 'user', 'content': '种植牙齿疼吗', 'time': '0'}]
2025-11-26 04:50:31,336 DEBUG __main__ 思考过程: 🟡 整体质量尚可，有改进空间
建议：使用更多专业医疗术语，提升专业感
2025-11-26 04:50:31,338 INFO __main__ 反思分析: 模型的回答整体方向正确，但缺乏足够的专业术语和细节支持，未能完全体现口腔领域的专业性。同时，未充分运用表情符号增强亲和力。
2025-11-26 04:50:31,339 INFO __main__ 错误定位: 回答中缺少对局部麻醉技术的详细说明，也未提及术后不适的具体缓解方法，降低了用户信任感。
2025-11-26 04:50:31,339 INFO __main__ 根本原因分析: 模型可能因训练数据限制，倾向于生成简洁回答，而忽略了医疗场景下用户对专业性和细节的需求。
2025-11-26 04:50:31,339 INFO __main__ 正确的处理方法: 应补充局部麻醉的技术特点（如‘采用先进的局部浸润麻醉技术’），并提到术后护理建议（如‘术后可通过冷敷或服用医生建议的止痛药缓解不适’）。同时加入表情符号提升友好度。
2025-11-26 04:50:31,339 INFO __main__ 关键洞察: 在医疗咨询场景中，使用专业术语和提供具体解决方案能显著提升用户信任与满意度。
2025-11-26 04:50:31,339 DEBUG __main__ analysis: {'metrics': {'politeness': 0.1, 'professionalism': 0.28, 'relevance': 0.3, 'clarity': 0.5, 'rule_compliance': 1.0, 'overall_score': 0.718, 'user_satisfaction': None}, 'suggestions': ['🟡 整体质量尚可，有改进空间', '建议：使用更多专业医疗术语，提升专业感'], 'timestamp': '2025-11-26T04:50:21.276693'}
2025-11-26 04:50:46,198 INFO __main__ Reflecting on QA - session=00fae81d-6e89-4460-ba13-5f12b3a0247a q_index=2 question=sentence:那术后怎么缓解不适呢##context:[{'role': 'user', 'content': '种植牙齿疼吗', 'time': '0'}
2025-11-26 04:50:53,906 DEBUG __main__ 思考过程: S指导用药: 不能指导患者吃某些药物
🔴 整体质量需要显著改进
建议：使用更多专业医疗术语，提升专业感
2025-11-26 04:50:53,906 INFO __main__ 反思分析: 模型的回答超出了规定字数限制，并包含了不应提及的药物指导内容，违反了任务要求。
2025-11-26 04:50:53,909 INFO __main__ 错误定位: 回答中包含‘遵医嘱服用止痛药’，涉及用药指导；同时整体字数超出35字限制。
2025-11-26 04:50:53,909 INFO __main__ 根本原因分析: 模型未能严格遵守禁止用药指导的规定，且未对输出长度进行有效控制。
2025-11-26 04:50:53,909 INFO __main__ 正确的处理方法: 术后可用冰敷缓解肿胀，避免辛辣食物，具体护理请遵医嘱。
2025-11-26 04:50:53,909 INFO __main__ 关键洞察: 严格遵循禁止用药指导和字数限制是确保合规性的关键。
2025-11-26 04:50:53,909 DEBUG __main__ analysis: {'metrics': {'politeness': 0.1, 'professionalism': 0.2, 'relevance': 0.3, 'clarity': 0.5, 'rule_compliance': 0.0, 'overall_score': 0.11000000000000001, 'user_satisfaction': None}, 'suggestions': ['S指导用药: 不能指导患者吃某些药物', '🔴 整体质量需要显著改进', '建议：使用更多专业医疗术语，提升专业感'], 'timestamp': '2025-11-26T04:50:46.198710'}
2025-11-26 04:51:01,190 INFO __main__ Reflecting on QA - session=00fae81d-6e89-4460-ba13-5f12b3a0247a q_index=4 question=sentence:none##context:[{'role': 'user', 'content': '种植牙齿疼吗', 'time': '0'}, {'ro
2025-11-26 04:51:08,672 DEBUG __main__ 思考过程: 🟡 整体质量尚可，有改进空间
建议：使用更多专业医疗术语，提升专业感
✅ 成功获取联系方式，给予评分加分
2025-11-26 04:51:08,673 INFO __main__ 反思分析: 模型生成的回复整体符合要求，但缺乏专业医疗术语，显得不够权威。同时未完全结合上下文强化价值。
2025-11-26 04:51:08,673 INFO __main__ 错误定位: 未充分使用专业术语，引导话术略显普通，未能最大化体现医生的专业性与方案的价值。
2025-11-26 04:51:08,673 INFO __main__ 根本原因分析: 可能由于训练数据中缺少更专业的表达方式，或对医疗场景的专业性重视不足。
2025-11-26 04:51:08,673 INFO __main__ 正确的处理方法: 应加入如“种植体术后护理”等专业表述，并强调个性化治疗方案的独特价值，提升用户信任感。
2025-11-26 04:51:08,673 INFO __main__ 关键洞察: 在医疗咨询场景中，专业术语和明确价值主张能显著增强用户对服务的信任与接受度。
2025-11-26 04:51:08,673 DEBUG __main__ analysis: {'metrics': {'politeness': 0.18, 'professionalism': 0.2, 'relevance': 0.3, 'clarity': 0.5, 'rule_compliance': 1.0, 'overall_score': 0.768, 'user_satisfaction': None, 'contact_obtained': True}, 'suggestions': ['🟡 整体质量尚可，有改进空间', '建议：使用更多专业医疗术语，提升专业感', '✅ 成功获取联系方式，给予评分加分'], 'timestamp': '2025-11-26T04:51:01.190585'}
2025-11-26 04:51:18,475 INFO __main__ Reflecting on QA - session=00fae81d-6e89-4460-ba13-5f12b3a0247a q_index=6 question=sentence:好的，谢谢医生##context:[{'role': 'user', 'content': '种植牙齿疼吗', 'time': '0'}, {
2025-11-26 04:51:27,496 DEBUG __main__ 思考过程: 🟡 整体质量尚可，有改进空间
建议：使用更多专业医疗术语，提升专业感
2025-11-26 04:51:27,496 INFO __main__ 反思分析: 模型生成的回复缺乏对用户情绪的进一步安抚，同时未充分结合上下文强化价值感。虽然询问了联系方式，但缺少隐私保证和更自然的过渡。
2025-11-26 04:51:27,497 INFO __main__ 错误定位: 未提及隐私保护，过渡略显生硬，且未完全体现专业性与用户关怀。
2025-11-26 04:51:27,497 INFO __main__ 根本原因分析: 模型未能充分利用playbook中的策略，例如加入隐私承诺或更柔和的价值传递，导致回复显得功能化而非人性化。
2025-11-26 04:51:27,497 INFO __main__ 正确的处理方法: 基于您的情况，我们让专业医生定制方案，请提供联系方式，承诺严格保护隐私，仅用于咨询用途。
2025-11-26 04:51:27,497 INFO __main__ 关键洞察: 在请求敏感信息时，应始终结合隐私保护声明，并通过价值传递建立信任。
2025-11-26 04:51:27,497 DEBUG __main__ analysis: {'metrics': {'politeness': 0.18, 'professionalism': 0.28, 'relevance': 0.3, 'clarity': 0.5, 'rule_compliance': 1.0, 'overall_score': 0.726, 'user_satisfaction': None}, 'suggestions': ['🟡 整体质量尚可，有改进空间', '建议：使用更多专业医疗术语，提升专业感'], 'timestamp': '2025-11-26T04:51:18.475035'}
2025-11-26 04:53:39,116 INFO __main__ Reflecting on QA - session=e335200e-dd5f-4328-9657-1d47bdba91ba q_index=0 question=sentence:【对话ID：1764150632846】##context:[{'role': 'user', 'content': '缺1~3颗牙', 't
2025-11-26 04:53:47,604 DEBUG __main__ 思考过程: B字数过长: 回复建议控制在50-80字以内
🟡 整体质量尚可，有改进空间
建议：使用更多专业医疗术语，提升专业感
2025-11-26 04:53:47,607 INFO __main__ 反思分析: 模型未严格遵循playbook要求，缺少对联系方式的明确询问，且回复字数超出限制，削弱了引导效果。
2025-11-26 04:53:47,607 INFO __main__ 错误定位: 未包含询问联系方式的关键内容，且回复字数过长，不符合简洁性要求。
2025-11-26 04:53:47,607 INFO __main__ 根本原因分析: 模型未能充分整合playbook策略，忽略了价值强化和自然过渡的具体要求，导致输出偏离目标。
2025-11-26 04:53:47,607 INFO __main__ 正确的处理方法: 基于您的需求，我们安排专业医生定制方案，请提供联系方式，方便为您发送详细资料并保护隐私。
2025-11-26 04:53:47,607 INFO __main__ 关键洞察: 每次回复必须结合playbook明确询问联系方式，并控制字数以确保信息简洁有效。
2025-11-26 04:53:47,607 DEBUG __main__ analysis: {'metrics': {'politeness': 0.18, 'professionalism': 0.28, 'relevance': 0.3, 'clarity': 0.5, 'rule_compliance': 0.8, 'overall_score': 0.606, 'user_satisfaction': None}, 'suggestions': ['B字数过长: 回复建议控制在50-80字以内', '🟡 整体质量尚可，有改进空间', '建议：使用更多专业医疗术语，提升专业感'], 'timestamp': '2025-11-26T04:53:39.116257'}
2025-11-26 04:53:53,982 INFO __main__ Reflecting on QA - session=11b1a30b-bc31-4eae-9efa-ffb47ac4d3eb q_index=0 question=sentence:none##context:[{'role': 'user', 'content': '长智齿怎么办', 'time': '0'}, {'ro
2025-11-26 04:54:00,821 DEBUG __main__ 思考过程: 🟡 整体质量尚可，有改进空间
建议：使用更多专业医疗术语，提升专业感
2025-11-26 04:54:00,822 INFO __main__ 反思分析: 模型的回复虽然简洁且符合流程，但缺乏足够的专业术语和针对性追问，未能充分挖掘用户症状细节。
2025-11-26 04:54:00,825 INFO __main__ 错误定位: 未明确聚焦用户的疼痛位置或特点，也未使用更专业的表述来提升可信度。
2025-11-26 04:54:00,825 INFO __main__ 根本原因分析: 模型可能过于依赖通用话术，而忽略了结合具体上下文优化语言表达和追问策略。
2025-11-26 04:54:00,825 INFO __main__ 正确的处理方法: 应针对智齿疼痛的特点进行更有针对性的提问，例如‘疼痛是否伴随肿胀或咀嚼困难’，并适当加入医学术语。
2025-11-26 04:54:00,825 INFO __main__ 关键洞察: 在医疗场景中，专业术语和精准追问能显著提升用户信任感和信息收集效率。
2025-11-26 04:54:00,825 DEBUG __main__ analysis: {'metrics': {'politeness': 0.1, 'professionalism': 0.2, 'relevance': 0.3, 'clarity': 0.3, 'rule_compliance': 1.0, 'overall_score': 0.69, 'user_satisfaction': None}, 'suggestions': ['🟡 整体质量尚可，有改进空间', '建议：使用更多专业医疗术语，提升专业感'], 'timestamp': '2025-11-26T04:53:53.982505'}
2025-11-26 04:54:11,509 INFO __main__ Reflecting on QA - session=11b1a30b-bc31-4eae-9efa-ffb47ac4d3eb q_index=2 question=sentence:好的，谢谢医生。##context:[{'role': 'user', 'content': '长智齿怎么办', 'time': '0'}, 
2025-11-26 04:54:19,730 DEBUG __main__ 思考过程: 🟡 整体质量尚可，有改进空间
建议：使用更多专业医疗术语，提升专业感
2025-11-26 04:54:19,733 INFO __main__ 反思分析: 回复过于泛化，缺乏针对性追问或信息收集，未能有效推进对话以获取用户关键信息。
2025-11-26 04:54:19,733 INFO __main__ 错误定位: 未根据上下文进行症状相关追问，且回复中缺少引导用户提供联系方式或进一步细节的尝试。
2025-11-26 04:54:19,734 INFO __main__ 根本原因分析: 模型可能过度依赖通用礼貌回复模板，而忽略了任务目标中的信息收集和对话引导要求。
2025-11-26 04:54:19,734 INFO __main__ 正确的处理方法: 结合上下文追问用户疼痛的具体情况（如持续时间或严重程度），并适时引导用户提供联系方式。
2025-11-26 04:54:19,734 INFO __main__ 关键洞察: 在医疗咨询场景中，每次回复都应兼顾专业性、信息收集和潜在的转化目标。
2025-11-26 04:54:19,734 DEBUG __main__ analysis: {'metrics': {'politeness': 0.18, 'professionalism': 0.2, 'relevance': 0.3, 'clarity': 0.5, 'rule_compliance': 1.0, 'overall_score': 0.718, 'user_satisfaction': None}, 'suggestions': ['🟡 整体质量尚可，有改进空间', '建议：使用更多专业医疗术语，提升专业感'], 'timestamp': '2025-11-26T04:54:11.509771'}
2025-11-26 04:54:38,236 INFO __main__ Reflecting on QA - session=11b1a30b-bc31-4eae-9efa-ffb47ac4d3eb q_index=4 question=sentence:那我需要拍个牙片吗？##context:[{'role': 'user', 'content': '长智齿怎么办', 'time': '0'}
2025-11-26 04:54:48,178 DEBUG __main__ 思考过程: 🟡 整体质量尚可，有改进空间
建议：使用更多专业医疗术语，提升专业感
2025-11-26 04:54:48,181 INFO __main__ 反思分析: 模型的回答虽然提供了建议，但未按playbook要求自然引导用户提供联系方式，也缺乏强化专业价值的表述。
2025-11-26 04:54:48,181 INFO __main__ 错误定位: 未包含询问联系方式的关键步骤，且专业性表达不足。
2025-11-26 04:54:48,181 INFO __main__ 根本原因分析: 模型未能充分结合上下文和playbook策略，忽略了引导用户留资的核心目标。
2025-11-26 04:54:48,181 INFO __main__ 正确的处理方法: 结合用户问诊内容，融入专业术语，并以温和方式请求联系方式，例如：'为精准判断智齿位置和炎症情况，建议拍摄牙片。您提供一下联系方式，我们安排专业医生为您制定方案，严格保护您的隐私信息。'
2025-11-26 04:54:48,181 INFO __main__ 关键洞察: 在医疗咨询场景中，需平衡专业性与用户引导，确保每轮对话都符合核心目标。
2025-11-26 04:54:48,181 DEBUG __main__ analysis: {'metrics': {'politeness': 0.1, 'professionalism': 0.2, 'relevance': 0.3, 'clarity': 0.5, 'rule_compliance': 1.0, 'overall_score': 0.71, 'user_satisfaction': None}, 'suggestions': ['🟡 整体质量尚可，有改进空间', '建议：使用更多专业医疗术语，提升专业感'], 'timestamp': '2025-11-26T04:54:38.236344'}
2025-11-26 04:54:57,905 INFO __main__ Reflecting on QA - session=32de566b-e462-4fd3-b7e5-2e2cadd26510 q_index=0 question=sentence:<picture>app查看##context:[{'role': 'user', 'content': '蛀牙可以拔掉吗', 'time':
2025-11-26 04:55:09,769 DEBUG __main__ 思考过程: 🟡 整体质量尚可，有改进空间
建议：使用更多专业医疗术语，提升专业感
2025-11-26 04:55:09,772 INFO __main__ 反思分析: 模型的回答整体方向正确，但缺乏足够的专业术语和引导性，未能完全符合口腔领域的专业助理角色设定。同时，未充分使用表情符号增强亲和力。
2025-11-26 04:55:09,772 INFO __main__ 错误定位: 回答中缺少对用户情感的进一步安抚及明确引导，例如未建议用户留下联系方式以便后续服务。此外，开场白略显生硬，未能完全契合对话风格要求。
2025-11-26 04:55:09,772 INFO __main__ 根本原因分析: 可能由于训练数据偏向通用领域，导致在特定垂直领域（如医疗口腔）的专业表达不足；同时，对系统提示中的‘互动原则’理解不够深入，忽略了更自然的对话流程设计。
2025-11-26 04:55:09,772 INFO __main__ 正确的处理方法: 应加入更多专业术语，比如‘牙体组织保留量’或‘根管治疗适应症’，并结合表情符号使语气更加亲切。此外，应在对话中适时引导用户提供更多信息或留下联系方式，以满足业务目标。
2025-11-26 04:55:09,772 INFO __main__ 关键洞察: 在垂直领域对话生成中，需严格遵循行业术语规范，并通过分步引导提升用户体验与转化率。
2025-11-26 04:55:09,772 DEBUG __main__ analysis: {'metrics': {'politeness': 0.1, 'professionalism': 0.28, 'relevance': 0.3, 'clarity': 0.3, 'rule_compliance': 1.0, 'overall_score': 0.698, 'user_satisfaction': None}, 'suggestions': ['🟡 整体质量尚可，有改进空间', '建议：使用更多专业医疗术语，提升专业感'], 'timestamp': '2025-11-26T04:54:57.904974'}
2025-11-26 04:57:22,516 INFO __main__ Reflecting on QA - session=788c2e90-7cc8-4363-bb91-e9c7b0735f75 q_index=0 question=sentence:全口都没了。##context:[{'role': 'user', 'content': '吸附性义齿', 'time': '0'}, {'r
2025-11-26 04:57:29,811 DEBUG __main__ 思考过程: B字数过长: 回复建议控制在50-80字以内
🔴 整体质量需要显著改进
建议：使用更多专业医疗术语，提升专业感
2025-11-26 04:57:29,811 INFO __main__ 反思分析: 回复中使用了过多字数并包含了可能让用户困惑的专业术语，未遵循逐步引导的原则。
2025-11-26 04:57:29,814 INFO __main__ 错误定位: 模型预测的回复超出了建议字数限制，并引入了未经用户确认的复杂概念（如牙槽嵴吸收程度）。
2025-11-26 04:57:29,814 INFO __main__ 根本原因分析: 未能严格遵守对话策略，包括控制字数、避免直接假设病情以及每次只问一个问题的要求。
2025-11-26 04:57:29,815 INFO __main__ 正确的处理方法: 应简洁提问，例如：'您全口缺牙多久了？'，确保符合字数和引导规则。
2025-11-26 04:57:29,815 INFO __main__ 关键洞察: 在医疗咨询场景中，逐步引导和简短表达是提升用户体验的关键。
2025-11-26 04:57:29,815 DEBUG __main__ analysis: {'metrics': {'politeness': 0.18, 'professionalism': 0.2, 'relevance': 0.3, 'clarity': 0.5, 'rule_compliance': 0.8, 'overall_score': 0.598, 'user_satisfaction': None}, 'suggestions': ['B字数过长: 回复建议控制在50-80字以内', '🔴 整体质量需要显著改进', '建议：使用更多专业医疗术语，提升专业感'], 'timestamp': '2025-11-26T04:57:22.516765'}
2025-11-26 04:57:37,016 INFO __main__ Reflecting on QA - session=788c2e90-7cc8-4363-bb91-e9c7b0735f75 q_index=2 question=sentence:戴过，但总是掉。##context:[{'role': 'user', 'content': '吸附性义齿', 'time': '0'}, {
2025-11-26 04:57:44,077 DEBUG __main__ 思考过程: 🟡 整体质量尚可，有改进空间
建议：使用更多专业医疗术语，提升专业感
2025-11-26 04:57:44,080 INFO __main__ 反思分析: 模型生成的内容未包含询问联系方式的关键要求，且缺乏价值强化和自然过渡的引导。
2025-11-26 04:57:44,080 INFO __main__ 错误定位: 未按要求请求用户留下联系方式，同时缺少隐私保证和专业性强调。
2025-11-26 04:57:44,080 INFO __main__ 根本原因分析: 生成逻辑偏离了系统提示的核心要求，未能有效结合playbook策略进行输出。
2025-11-26 04:57:44,080 INFO __main__ 正确的处理方法: 在回复中应明确提及基于用户情况安排专业医生，并温和请求提供联系方式，同时承诺隐私保护。
2025-11-26 04:57:44,080 INFO __main__ 关键洞察: 严格遵循系统提示中的关键要求（如询问联系方式）是确保输出合规的核心。
2025-11-26 04:57:44,080 DEBUG __main__ analysis: {'metrics': {'politeness': 0.18, 'professionalism': 0.2, 'relevance': 0.3, 'clarity': 0.5, 'rule_compliance': 1.0, 'overall_score': 0.718, 'user_satisfaction': None}, 'suggestions': ['🟡 整体质量尚可，有改进空间', '建议：使用更多专业医疗术语，提升专业感'], 'timestamp': '2025-11-26T04:57:37.016625'}
2025-11-26 04:57:55,558 INFO __main__ Reflecting on QA - session=788c2e90-7cc8-4363-bb91-e9c7b0735f75 q_index=4 question=sentence:愿意了解，怎么提升固位？##context:[{'role': 'user', 'content': '吸附性义齿', 'time': '0'
2025-11-26 04:58:05,178 DEBUG __main__ 思考过程: 🟡 整体质量尚可，有改进空间
建议：使用更多专业医疗术语，提升专业感
2025-11-26 04:58:05,181 INFO __main__ 反思分析: 模型生成内容整体符合要求，但缺乏更强的专业术语和价值传递，同时未完全体现自然过渡。
2025-11-26 04:58:05,181 INFO __main__ 错误定位: 未充分结合上下文强化专业性，缺少对用户痛点的进一步挖掘，引导联系方式略显生硬。
2025-11-26 04:58:05,181 INFO __main__ 根本原因分析: 模型未能充分利用playbook中的策略来优化话术，导致专业感和亲和力不足。
2025-11-26 04:58:05,182 INFO __main__ 正确的处理方法: 基于您的全口吸附性义齿需求，我们可通过精准取模与个性化设计提升固位效果。为了给您安排专业医生评估，请提供一下联系方式，我们承诺严格保护您的隐私。
2025-11-26 04:58:05,182 INFO __main__ 关键洞察: 在引导用户提供联系方式时，应强化专业性和服务价值，并确保语气自然流畅。
2025-11-26 04:58:05,182 DEBUG __main__ analysis: {'metrics': {'politeness': 0.18, 'professionalism': 0.2, 'relevance': 0.3, 'clarity': 0.5, 'rule_compliance': 1.0, 'overall_score': 0.718, 'user_satisfaction': None}, 'suggestions': ['🟡 整体质量尚可，有改进空间', '建议：使用更多专业医疗术语，提升专业感'], 'timestamp': '2025-11-26T04:57:55.558914'}
2025-11-26 04:58:13,154 INFO __main__ Reflecting on QA - session=c4fed7d7-8626-491a-8f36-c39062f9db5d q_index=0 question=sentence:【对话ID：1764150865928】##context:[{'role': 'user', 'content': '获取种牙方案', 't
2025-11-26 04:58:23,300 DEBUG __main__ 思考过程: 🟡 整体质量尚可，有改进空间
建议：使用更多专业医疗术语，提升专业感
2025-11-26 04:58:23,300 INFO __main__ 反思分析: 模型生成内容整体符合要求，但缺乏引导用户提供联系方式的明确话术，且未充分强调专业性和价值。
2025-11-26 04:58:23,303 INFO __main__ 错误定位: 未在每句话中包含询问联系方式的要求，缺少隐私保证和自然过渡的话术。
2025-11-26 04:58:23,303 INFO __main__ 根本原因分析: 模型未能完全遵循playbook策略，特别是在引导用户提供联系方式时，缺乏明确性和专业性强化。
2025-11-26 04:58:23,303 INFO __main__ 正确的处理方法: 结合上下文，使用类似'为了给您安排更精准的诊断，请提供联系方式，我们将为您发送详细资料并保护您的隐私。'的话术。
2025-11-26 04:58:23,304 INFO __main__ 关键洞察: 严格遵循playbook策略，确保每轮对话都包含核心要素如询问联系方式、隐私保证及专业性强化。
2025-11-26 04:58:23,304 DEBUG __main__ analysis: {'metrics': {'politeness': 0.26, 'professionalism': 0.2, 'relevance': 0.3, 'clarity': 0.5, 'rule_compliance': 1.0, 'overall_score': 0.726, 'user_satisfaction': None}, 'suggestions': ['🟡 整体质量尚可，有改进空间', '建议：使用更多专业医疗术语，提升专业感'], 'timestamp': '2025-11-26T04:58:13.154168'}
2025-11-26 04:58:31,325 INFO __main__ Reflecting on QA - session=2972e7dd-4cd2-4cb6-a018-56fc09302f4c q_index=0 question=sentence:嗯嗯，就是想变好看点##context:[{'role': 'user', 'content': '牙齿排列不齐/不美观', 'time': 
2025-11-26 04:58:41,696 DEBUG __main__ 思考过程: 🟡 整体质量尚可，有改进空间
建议：使用更多专业医疗术语，提升专业感
2025-11-26 04:58:41,699 INFO __main__ 反思分析: 模型生成的回复整体友好且符合对话风格要求，但缺乏足够的专业术语和引导性问题，未能完全体现口腔领域的专业性，也未明确提及平台规则或后续服务流程。
2025-11-26 04:58:41,700 INFO __main__ 错误定位: 回复中未使用更多专业医疗术语，也未主动提及价格评估需具体方案的原则，可能导致用户对服务流程不够清晰。
2025-11-26 04:58:41,700 INFO __main__ 根本原因分析: 模型可能未充分理解需要在对话中融入专业术语的重要性，同时忽略了系统提示中关于价格和服务流程的关键规则。
2025-11-26 04:58:41,700 INFO __main__ 正确的处理方法: 应在回复中加入如“正畸治疗”或“美学修复”等专业术语，并补充类似‘具体方案和费用需根据您的牙齿情况评估’的说明，同时保持语气自然亲和。
2025-11-26 04:58:41,700 INFO __main__ 关键洞察: 在专业领域对话中，适当使用行业术语可提升可信度，同时需严格遵循系统设定的规则以确保信息准确性和合规性。
2025-11-26 04:58:41,700 DEBUG __main__ analysis: {'metrics': {'politeness': 0.26, 'professionalism': 0.30000000000000004, 'relevance': 0.3, 'clarity': 0.5, 'rule_compliance': 1.0, 'overall_score': 0.736, 'user_satisfaction': None}, 'suggestions': ['🟡 整体质量尚可，有改进空间', '建议：使用更多专业医疗术语，提升专业感'], 'timestamp': '2025-11-26T04:58:31.325759'}
2025-11-26 05:00:51,949 INFO __main__ Reflecting on QA - session=d6f97a5e-4108-45f3-a75c-e3ed6cf25d92 q_index=0 question=sentence:了解了，谢谢医生。##context:[{'role': 'user', 'content': '全瓷牙和烤瓷牙区别', 'time': '0
2025-11-26 05:00:59,186 DEBUG __main__ 思考过程: 🟡 整体质量尚可，有改进空间
建议：使用更多专业医疗术语，提升专业感
2025-11-26 05:00:59,187 INFO __main__ 反思分析: 模型的回答虽然符合基本要求，但缺乏专业医疗术语和更强的价值传递，同时未充分强调隐私保护。
2025-11-26 05:00:59,187 INFO __main__ 错误定位: 回答中缺少对用户隐私保护的明确承诺，且专业性略显不足，未能完全按照playbook策略强化价值。
2025-11-26 05:00:59,187 INFO __main__ 根本原因分析: 可能由于模板化生成导致忽视了关键细节，例如隐私保证和更专业的表述。
2025-11-26 05:00:59,187 INFO __main__ 正确的处理方法: 基于您的需求，我们安排专业医生定制方案，请提供联系方式，承诺严格保护您的隐私信息。
2025-11-26 05:00:59,187 INFO __main__ 关键洞察: 在引导用户提供联系方式时，需结合价值强化、隐私保护及专业术语以提升信任感。
2025-11-26 05:00:59,187 DEBUG __main__ analysis: {'metrics': {'politeness': 0.18, 'professionalism': 0.2, 'relevance': 0.3, 'clarity': 0.5, 'rule_compliance': 1.0, 'overall_score': 0.718, 'user_satisfaction': None}, 'suggestions': ['🟡 整体质量尚可，有改进空间', '建议：使用更多专业医疗术语，提升专业感'], 'timestamp': '2025-11-26T05:00:51.949543'}
2025-11-26 05:01:06,363 INFO __main__ Reflecting on QA - session=d6f97a5e-4108-45f3-a75c-e3ed6cf25d92 q_index=2 question=sentence:【对话ID：1764151063435】##context:[{'role': 'user', 'content': '全瓷牙和烤瓷牙区别',
2025-11-26 05:01:14,951 DEBUG __main__ 思考过程: 🟡 整体质量尚可，有改进空间
建议：使用更多专业医疗术语，提升专业感
2025-11-26 05:01:14,951 INFO __main__ 反思分析: 模型未按playbook要求在每句话中包含询问联系方式，且回复缺乏强化价值和自然过渡的策略，导致引导性不足。
2025-11-26 05:01:14,954 INFO __main__ 错误定位: 回复中未提及联系方式请求，也未强调专业医生的价值或隐私保护，偏离了引导用户留资的核心目标。
2025-11-26 05:01:14,954 INFO __main__ 根本原因分析: 模型未能充分结合playbook策略，忽略了关键的套电步骤，可能因训练数据中缺乏类似场景的强引导示例。
2025-11-26 05:01:14,954 INFO __main__ 正确的处理方法: 应结合价值强化与自然过渡，例如：'为了给您安排专业医生评估全瓷牙方案，请提供一下联系方式，我们会严格保护您的隐私。'
2025-11-26 05:01:14,954 INFO __main__ 关键洞察: 在医疗咨询场景中，必须通过强调专业性和隐私保护来自然引导用户提供联系方式，同时避免直接涉及价格等敏感话题。
2025-11-26 05:01:14,954 DEBUG __main__ analysis: {'metrics': {'politeness': 0.26, 'professionalism': 0.2, 'relevance': 0.3, 'clarity': 0.5, 'rule_compliance': 1.0, 'overall_score': 0.726, 'user_satisfaction': None}, 'suggestions': ['🟡 整体质量尚可，有改进空间', '建议：使用更多专业医疗术语，提升专业感'], 'timestamp': '2025-11-26T05:01:06.363272'}
2025-11-26 05:01:22,499 INFO __main__ Reflecting on QA - session=0e3ac082-6e58-4d40-bd11-2e570956079f q_index=0 question=sentence:none##context:[{'role': 'user', 'content': '牙齿痛洞，补上了牙疼得厉害是怎么回事', 'time'
2025-11-26 05:01:29,193 DEBUG __main__ 思考过程: 🟡 整体质量尚可，有改进空间
建议：使用更多专业医疗术语，提升专业感
2025-11-26 05:01:29,196 INFO __main__ 反思分析: 模型的回复基本符合流程，但缺乏专业术语，且未完全体现对用户情绪的关注。
2025-11-26 05:01:29,196 INFO __main__ 错误定位: 回复中未使用足够的医疗专业术语，可能降低用户对诊断的信任感。
2025-11-26 05:01:29,196 INFO __main__ 根本原因分析: 模型倾向于简化语言以确保易懂，但忽略了在专业场景下术语的重要性。
2025-11-26 05:01:29,196 INFO __main__ 正确的处理方法: 应在保持简洁的同时加入关键术语，例如“牙髓炎”或“咬合调整”，并更关注用户感受。
2025-11-26 05:01:29,196 INFO __main__ 关键洞察: 在医疗对话中，适当的专业术语能增强用户信任，但仍需平衡可读性。
2025-11-26 05:01:29,196 DEBUG __main__ analysis: {'metrics': {'politeness': 0.18, 'professionalism': 0.28, 'relevance': 0.3, 'clarity': 0.3, 'rule_compliance': 1.0, 'overall_score': 0.706, 'user_satisfaction': None}, 'suggestions': ['🟡 整体质量尚可，有改进空间', '建议：使用更多专业医疗术语，提升专业感'], 'timestamp': '2025-11-26T05:01:22.499194'}
2025-11-26 05:01:36,021 INFO __main__ Reflecting on QA - session=0e3ac082-6e58-4d40-bd11-2e570956079f q_index=2 question=sentence:是的，一直疼得很。##context:[{'role': 'user', 'content': '牙齿痛洞，补上了牙疼得厉害是怎么回事', '
2025-11-26 05:01:44,967 DEBUG __main__ 思考过程: 🟡 整体质量尚可，有改进空间
建议：使用更多专业医疗术语，提升专业感
2025-11-26 05:01:44,970 INFO __main__ 反思分析: 模型的回答虽然简洁，但缺乏对用户问题的直接追问，未能有效引导用户提供更多信息或联系方式。同时，专业术语使用不足，显得不够权威。
2025-11-26 05:01:44,970 INFO __main__ 错误定位: 未明确追问疼痛的具体特征（如是否夜间加重），也未尝试获取用户的联系方式，且回复中缺少平台要求的关键引导。
2025-11-26 05:01:44,970 INFO __main__ 根本原因分析: 模型可能过于依赖上下文信息，而忽略了系统提示中的关键任务，例如单点追问和引导行为。
2025-11-26 05:01:44,970 INFO __main__ 正确的处理方法: 应明确追问疼痛性质，并在对话中自然引入获取联系方式的需求，同时适当增加医疗专业术语以提升可信度。
2025-11-26 05:01:44,970 INFO __main__ 关键洞察: 每次回答需严格遵守‘一次只问一个问题’原则，并结合平台要求逐步引导用户提供必要信息。
2025-11-26 05:01:44,970 DEBUG __main__ analysis: {'metrics': {'politeness': 0.1, 'professionalism': 0.28, 'relevance': 0.3, 'clarity': 0.5, 'rule_compliance': 1.0, 'overall_score': 0.718, 'user_satisfaction': None}, 'suggestions': ['🟡 整体质量尚可，有改进空间', '建议：使用更多专业医疗术语，提升专业感'], 'timestamp': '2025-11-26T05:01:36.021693'}
2025-11-26 05:01:58,466 INFO __main__ Reflecting on QA - session=0e3ac082-6e58-4d40-bd11-2e570956079f q_index=4 question=sentence:好的，我会再去看看。##context:[{'role': 'user', 'content': '牙齿痛洞，补上了牙疼得厉害是怎么回事', 
2025-11-26 05:02:05,565 DEBUG __main__ 思考过程: 🟡 整体质量尚可，有改进空间
建议：使用更多专业医疗术语，提升专业感
2025-11-26 05:02:05,567 INFO __main__ 反思分析: 模型生成的内容虽然符合基本要求，但缺乏专业医疗术语和更强的价值传递。未充分结合上下文强化用户行动意愿。
2025-11-26 05:02:05,567 INFO __main__ 错误定位: 回复中缺少对用户当前症状的专业描述，且引导提供联系方式的语气略显单薄，未能完全体现价值。
2025-11-26 05:02:05,567 INFO __main__ 根本原因分析: 可能由于模板化表达过多，导致内容过于通用，未针对具体场景优化措辞。
2025-11-26 05:02:05,568 INFO __main__ 正确的处理方法: 基于您的持续性牙痛情况，建议尽快联系医生评估治疗方案，请提供联系方式为您安排专业咨询并保护隐私。
2025-11-26 05:02:05,568 INFO __main__ 关键洞察: 在引导用户提供联系方式时，应结合具体问题强化专业性和价值感，以提升信任度与行动率。
2025-11-26 05:02:05,568 DEBUG __main__ analysis: {'metrics': {'politeness': 0.18, 'professionalism': 0.2, 'relevance': 0.3, 'clarity': 0.3, 'rule_compliance': 1.0, 'overall_score': 0.698, 'user_satisfaction': None}, 'suggestions': ['🟡 整体质量尚可，有改进空间', '建议：使用更多专业医疗术语，提升专业感'], 'timestamp': '2025-11-26T05:01:58.466468'}
2025-11-26 05:02:12,761 INFO __main__ Reflecting on QA - session=aa0e5b58-847e-4e52-9e14-dad37fa522f4 q_index=0 question=sentence:嗯嗯，最近疼得厉害##context:[{'role': 'user', 'content': '智齿', 'time': '0'}]##we
2025-11-26 05:02:22,947 DEBUG __main__ 思考过程: 🟡 整体质量尚可，有改进空间
建议：使用更多专业医疗术语，提升专业感
2025-11-26 05:02:22,947 INFO __main__ 反思分析: 模型的回答整体方向正确，但缺乏专业术语的使用，且略显直接，未能充分展现亲和力与引导性。
2025-11-26 05:02:22,950 INFO __main__ 错误定位: 未使用足够的专业术语，语气稍显生硬，缺少表情符号增强互动感，同时没有明确引导用户提供更多信息或联系方式。
2025-11-26 05:02:22,950 INFO __main__ 根本原因分析: 模型可能受限于预设表达范围，未能充分利用医疗场景中的专业词汇，也未完全契合对话风格要求中的‘友好’和‘自然流畅’原则。
2025-11-26 05:02:22,951 INFO __main__ 正确的处理方法: 采用更专业的表述如‘智齿冠周炎’或‘阻生智齿’，并加入表情符号提升亲和力；在提供初步建议后，温和引导用户留下联系方式以获取进一步帮助。
2025-11-26 05:02:22,951 INFO __main__ 关键洞察: 在医疗咨询类对话中，适当的专业术语结合友好的语气和表情符号，能够显著提升用户信任感和对话质量。
2025-11-26 05:02:22,951 DEBUG __main__ analysis: {'metrics': {'politeness': 0.1, 'professionalism': 0.28, 'relevance': 0.3, 'clarity': 0.5, 'rule_compliance': 1.0, 'overall_score': 0.718, 'user_satisfaction': None}, 'suggestions': ['🟡 整体质量尚可，有改进空间', '建议：使用更多专业医疗术语，提升专业感'], 'timestamp': '2025-11-26T05:02:12.761271'}
2025-11-26 05:04:32,080 INFO __main__ Reflecting on QA - session=fda7c92b-3af6-4d4d-ab44-596400c3ca83 q_index=0 question=sentence:none##context:[{'role': 'user', 'content': '反颌', 'time': '0'}, {'role':
2025-11-26 05:04:40,166 DEBUG __main__ 思考过程: B字数过长: 回复建议控制在50-80字以内
🟡 整体质量尚可，有改进空间
建议：使用更多专业医疗术语，提升专业感
2025-11-26 05:04:40,169 INFO __main__ 反思分析: 模型回复字数超出限制，且追问内容涉及需要用户主动提供复杂信息（如X光或模型分析），可能增加用户负担。
2025-11-26 05:04:40,169 INFO __main__ 错误定位: 回复字数过长，未遵循单次提问原则，且未完全避免引导用户提供专业检查记录。
2025-11-26 05:04:40,169 INFO __main__ 根本原因分析: 模型未能严格遵守字数和提问简洁性的要求，同时对平台规则中‘不要主动要求客户发照片或提供复杂医疗记录’的理解不足。
2025-11-26 05:04:40,169 INFO __main__ 正确的处理方法: 将回复控制在35字以内，仅询问一个简单、明确的问题，例如‘您是否方便分享更多症状细节？’
2025-11-26 05:04:40,169 INFO __main__ 关键洞察: 确保每次对话简短聚焦，避免让用户感到压力或困惑，从而提升互动效率。
2025-11-26 05:04:40,170 DEBUG __main__ analysis: {'metrics': {'politeness': 0.26, 'professionalism': 0.28, 'relevance': 0.3, 'clarity': 0.5, 'rule_compliance': 0.8, 'overall_score': 0.614, 'user_satisfaction': None}, 'suggestions': ['B字数过长: 回复建议控制在50-80字以内', '🟡 整体质量尚可，有改进空间', '建议：使用更多专业医疗术语，提升专业感'], 'timestamp': '2025-11-26T05:04:32.080830'}
2025-11-26 05:04:47,300 INFO __main__ Reflecting on QA - session=fda7c92b-3af6-4d4d-ab44-596400c3ca83 q_index=2 question=sentence:有时候吃东西会有点不舒服。##context:[{'role': 'user', 'content': '反颌', 'time': '0'},
2025-11-26 05:04:55,469 DEBUG __main__ 思考过程: B字数过长: 回复建议控制在50-80字以内
🟡 整体质量尚可，有改进空间
建议：使用更多专业医疗术语，提升专业感
2025-11-26 05:04:55,472 INFO __main__ 反思分析: 模型回复超出字数限制且包含了不必要的专业术语，不符合任务要求。
2025-11-26 05:04:55,472 INFO __main__ 错误定位: 回复字数过长，未遵守不超过35字的限制；同时提供了过多专业细节，偏离了引导目标。
2025-11-26 05:04:55,472 INFO __main__ 根本原因分析: 模型未能严格遵循任务规则，可能由于对字数和简洁性约束的理解不足，以及过度依赖医疗术语提升专业感。
2025-11-26 05:04:55,472 INFO __main__ 正确的处理方法: 应精简回复至35字内，聚焦于单个明确问题，如“这种情况多久了？”避免使用复杂术语。
2025-11-26 05:04:55,472 INFO __main__ 关键洞察: 在对话引导中，保持简洁、专注核心问题是关键，避免因过度专业化导致用户困惑或偏离目标。
2025-11-26 05:04:55,472 DEBUG __main__ analysis: {'metrics': {'politeness': 0.18, 'professionalism': 0.30000000000000004, 'relevance': 0.3, 'clarity': 0.5, 'rule_compliance': 0.8, 'overall_score': 0.608, 'user_satisfaction': None}, 'suggestions': ['B字数过长: 回复建议控制在50-80字以内', '🟡 整体质量尚可，有改进空间', '建议：使用更多专业医疗术语，提升专业感'], 'timestamp': '2025-11-26T05:04:47.300704'}
2025-11-26 05:05:07,290 INFO __main__ Reflecting on QA - session=fda7c92b-3af6-4d4d-ab44-596400c3ca83 q_index=4 question=sentence:从小就这样，好几年了。##context:[{'role': 'user', 'content': '反颌', 'time': '0'}, {
2025-11-26 05:05:14,113 DEBUG __main__ 思考过程: B字数过长: 回复建议控制在50-80字以内
🟡 整体质量尚可，有改进空间
建议：使用更多专业医疗术语，提升专业感
2025-11-26 05:05:14,115 INFO __main__ 反思分析: 回复中未严格遵守字数限制，且缺乏对用户隐私保护的强调，可能影响用户体验。
2025-11-26 05:05:14,115 INFO __main__ 错误定位: 字数超出建议范围，未提及隐私保护，专业术语使用不足。
2025-11-26 05:05:14,116 INFO __main__ 根本原因分析: 模型生成内容时未能充分结合系统提示中的字数、隐私保证及专业性要求。
2025-11-26 05:05:14,116 INFO __main__ 正确的处理方法: 基于您的情况，建议尽早评估治疗方案。请提供联系方式，我们承诺保护您的隐私，为您安排专业医生解答。
2025-11-26 05:05:14,116 INFO __main__ 关键洞察: 严格遵守字数限制并强化隐私保护能提升用户信任与回复质量。
2025-11-26 05:05:14,116 DEBUG __main__ analysis: {'metrics': {'politeness': 0.18, 'professionalism': 0.30000000000000004, 'relevance': 0.3, 'clarity': 0.5, 'rule_compliance': 0.8, 'overall_score': 0.608, 'user_satisfaction': None}, 'suggestions': ['B字数过长: 回复建议控制在50-80字以内', '🟡 整体质量尚可，有改进空间', '建议：使用更多专业医疗术语，提升专业感'], 'timestamp': '2025-11-26T05:05:07.290311'}
2025-11-26 05:05:24,215 INFO __main__ Reflecting on QA - session=fda7c92b-3af6-4d4d-ab44-596400c3ca83 q_index=6 question=sentence:嗯嗯，他从小就这样。##context:[{'role': 'user', 'content': '反颌', 'time': '0'}, {'
2025-11-26 05:05:31,522 DEBUG __main__ 思考过程: B字数过长: 回复建议控制在50-80字以内
🔴 整体质量需要显著改进
建议：使用更多专业医疗术语，提升专业感
2025-11-26 05:05:31,525 INFO __main__ 反思分析: 回复中未严格遵守字数限制，且缺乏对用户情感的进一步安抚，专业术语使用不足。
2025-11-26 05:05:31,525 INFO __main__ 错误定位: 字数超出建议范围，未充分强调隐私保护，过渡略显生硬。
2025-11-26 05:05:31,525 INFO __main__ 根本原因分析: 模型未能精准控制输出长度，同时在引导用户提供联系方式时忽视了更柔和的情感铺垫。
2025-11-26 05:05:31,525 INFO __main__ 正确的处理方法: 采用更简短、专业的表述，结合隐私保证和自然过渡，例如："反颌需尽早干预，我们承诺保护您的隐私。请提供联系方式，安排专业医生解答。"
2025-11-26 05:05:31,526 INFO __main__ 关键洞察: 在引导敏感信息时，应注重情感铺垫与专业性平衡，同时严格遵守字数要求。
2025-11-26 05:05:31,526 DEBUG __main__ analysis: {'metrics': {'politeness': 0.18, 'professionalism': 0.2, 'relevance': 0.3, 'clarity': 0.5, 'rule_compliance': 0.8, 'overall_score': 0.598, 'user_satisfaction': None}, 'suggestions': ['B字数过长: 回复建议控制在50-80字以内', '🔴 整体质量需要显著改进', '建议：使用更多专业医疗术语，提升专业感'], 'timestamp': '2025-11-26T05:05:24.215165'}
2025-11-26 05:05:40,933 INFO __main__ Reflecting on QA - session=1a35e5ce-3b12-4ace-95ad-5817d5f78de4 q_index=0 question=sentence:【对话ID：1764151284317】##context:[{'role': 'user', 'content': '龅牙', 'time'
2025-11-26 05:05:50,199 DEBUG __main__ 思考过程: 🟡 整体质量尚可，有改进空间
建议：使用更多专业医疗术语，提升专业感
2025-11-26 05:05:50,202 INFO __main__ 反思分析: 模型在引导用户提供联系方式时，未完全遵循playbook策略。虽然成功获取了联系方式，但缺乏对隐私保护的强调和专业价值的强化。
2025-11-26 05:05:50,202 INFO __main__ 错误定位: 未提及隐私保护承诺，也未突出专业医生的价值，可能导致用户对信息安全的顾虑。
2025-11-26 05:05:50,203 INFO __main__ 根本原因分析: 模型生成回复时，未能充分整合playbook中的隐私保证和价值强化内容，导致信息传递不够全面。
2025-11-26 05:05:50,203 INFO __main__ 正确的处理方法: 应在请求联系方式时加入隐私保护说明，并强调专业医生评估的重要性，例如：'我们承诺严格保护您的隐私，专业医生将为您制定个性化方案，请提供联系方式。'
2025-11-26 05:05:50,203 INFO __main__ 关键洞察: 在医疗场景中，用户对隐私尤为敏感，需明确传达信息保护措施以增强信任感。
2025-11-26 05:05:50,203 DEBUG __main__ analysis: {'metrics': {'politeness': 0.26, 'professionalism': 0.28, 'relevance': 0.3, 'clarity': 0.5, 'rule_compliance': 1.0, 'overall_score': 0.734, 'user_satisfaction': None}, 'suggestions': ['🟡 整体质量尚可，有改进空间', '建议：使用更多专业医疗术语，提升专业感'], 'timestamp': '2025-11-26T05:05:40.933445'}
2025-11-26 05:06:04,255 INFO __main__ Reflecting on QA - session=6989cde5-7735-4c14-9a4b-490ef46d072a q_index=0 question=sentence:<picture>app查看##context:[{'role': 'user', 'content': '晚上牙齿痛睡不着怎么办', 'ti
2025-11-26 05:06:17,683 DEBUG __main__ 思考过程: 🟡 整体质量尚可，有改进空间
建议：使用更多专业医疗术语，提升专业感
2025-11-26 05:06:17,685 INFO __main__ 反思分析: 模型的回答整体符合要求，但存在关键问题：直接提到了‘牙髓炎’这一专业诊断术语，违反了规则中‘用户没有明确说明时，不要给用户确诊某种专业症状’的要求。此外，回答缺少表情符号，语气略显生硬，亲和力不足。
2025-11-26 05:06:17,685 INFO __main__ 错误定位: 模型在未获得足够信息的情况下，推测用户可能患有牙髓炎，超出了允许的范围；同时缺乏对话的友好性和互动性。
2025-11-26 05:06:17,685 INFO __main__ 根本原因分析: 模型未能完全遵循规则限制，可能由于训练数据中类似情境的回答偏向于直接提供医疗推测；另外，对对话风格的具体要求（如表情符号使用）关注不足。
2025-11-26 05:06:17,685 INFO __main__ 正确的处理方法: 避免直接提及具体病症，改为建议用户描述更多症状或尽快咨询专业医生；加入表情符号增强亲和力，例如：‘夜间牙痛可能是多种原因引起的，建议您尽快就医以明确诊断哦 😊’。
2025-11-26 05:06:17,685 INFO __main__ 关键洞察: 在医疗领域对话中，严格遵守不诊断原则至关重要，同时需注重语气友好与互动自然性。
2025-11-26 05:06:17,686 DEBUG __main__ analysis: {'metrics': {'politeness': 0.1, 'professionalism': 0.28, 'relevance': 0.3, 'clarity': 0.5, 'rule_compliance': 1.0, 'overall_score': 0.718, 'user_satisfaction': None}, 'suggestions': ['🟡 整体质量尚可，有改进空间', '建议：使用更多专业医疗术语，提升专业感'], 'timestamp': '2025-11-26T05:06:04.255948'}
2025-11-26 05:08:26,184 INFO __main__ Reflecting on QA - session=e0bf01ef-4073-4d0c-8eea-51b7ba69c715 q_index=0 question=sentence:<picture>app查看##context:[{'role': 'user', 'content': '贴面牙齿', 'time': '0
2025-11-26 05:08:34,481 DEBUG __main__ 思考过程: 🟡 整体质量尚可，有改进空间
建议：使用更多专业医疗术语，提升专业感
2025-11-26 05:08:34,482 INFO __main__ 反思分析: 模型预测中直接提到了贴面适合的症状，但未结合上下文追问用户具体情况，且字数略超限制。
2025-11-26 05:08:34,483 INFO __main__ 错误定位: 未严格遵循'每次只问一个问题'的原则，且回复中使用了过多描述性内容，可能让用户感到压力。
2025-11-26 05:08:34,483 INFO __main__ 根本原因分析: 模型未能充分理解对话引导的核心任务，过于急切地提供信息而忽略了逐步收集用户症状的策略。
2025-11-26 05:08:34,483 INFO __main__ 正确的处理方法: 应先针对用户提到的'想了解贴面是否适合'进行单点追问，例如：'您目前牙齿存在哪些问题？'，确保对话简洁且聚焦。
2025-11-26 05:08:34,483 INFO __main__ 关键洞察: 在医疗咨询场景中，逐步引导和精准提问比一次性提供复杂信息更有效。
2025-11-26 05:08:34,483 DEBUG __main__ analysis: {'metrics': {'politeness': 0.18, 'professionalism': 0.28, 'relevance': 0.3, 'clarity': 0.5, 'rule_compliance': 1.0, 'overall_score': 0.726, 'user_satisfaction': None}, 'suggestions': ['🟡 整体质量尚可，有改进空间', '建议：使用更多专业医疗术语，提升专业感'], 'timestamp': '2025-11-26T05:08:26.184220'}
2025-11-26 05:08:43,564 INFO __main__ Reflecting on QA - session=e0bf01ef-4073-4d0c-8eea-51b7ba69c715 q_index=2 question=sentence:前牙有点变色和不齐##context:[{'role': 'user', 'content': '贴面牙齿', 'time': '0'}, {
2025-11-26 05:08:56,988 DEBUG __main__ 思考过程: 🟡 整体质量尚可，有改进空间
建议：使用更多专业医疗术语，提升专业感
2025-11-26 05:08:56,989 INFO __main__ 反思分析: 模型生成的内容整体符合要求，但缺乏专业医疗术语和更强的价值传递，同时未充分强调隐私保护。
2025-11-26 05:08:56,989 INFO __main__ 错误定位: 未使用专业医疗术语，缺少对隐私保护的明确承诺，引导提供联系方式的方式略显单薄。
2025-11-26 05:08:56,989 INFO __main__ 根本原因分析: 模型可能未充分整合医疗场景的专业表达习惯，且对用户心理安全感的关注不足。
2025-11-26 05:08:56,989 INFO __main__ 正确的处理方法: 基于您的牙齿情况，专业医生可提供个性化方案，我们承诺严格保护您的隐私，请提供联系方式以便发送详细资料。
2025-11-26 05:08:56,990 INFO __main__ 关键洞察: 在医疗咨询场景中，结合专业术语、价值传递和隐私保证能更有效获取用户信任。
2025-11-26 05:08:56,990 DEBUG __main__ analysis: {'metrics': {'politeness': 0.18, 'professionalism': 0.2, 'relevance': 0.3, 'clarity': 0.5, 'rule_compliance': 1.0, 'overall_score': 0.718, 'user_satisfaction': None}, 'suggestions': ['🟡 整体质量尚可，有改进空间', '建议：使用更多专业医疗术语，提升专业感'], 'timestamp': '2025-11-26T05:08:43.564526'}
2025-11-26 05:09:06,524 INFO __main__ Reflecting on QA - session=e0bf01ef-4073-4d0c-8eea-51b7ba69c715 q_index=4 question=sentence:我就在这聊##context:[{'role': 'user', 'content': '贴面牙齿', 'time': '0'}, {'rol
2025-11-26 05:09:15,034 DEBUG __main__ 思考过程: 🟡 整体质量尚可，有改进空间
建议：使用更多专业医疗术语，提升专业感
2025-11-26 05:09:15,036 INFO __main__ 反思分析: 模型生成的回复整体符合引导用户提供联系方式的要求，但缺乏专业术语和更强的价值传递，显得稍显平淡。
2025-11-26 05:09:15,036 INFO __main__ 错误定位: 未充分结合医疗场景的专业性表述，缺少隐私保护声明，可能降低用户信任感。
2025-11-26 05:09:15,036 INFO __main__ 根本原因分析: 模型未能完全吸收playbook中关于强化价值和隐私保证的策略，导致输出内容略显单薄。
2025-11-26 05:09:15,036 INFO __main__ 正确的处理方法: 基于您的牙齿情况，我们将安排专业医生定制方案，请提供联系方式，承诺严格保护您的隐私。
2025-11-26 05:09:15,036 INFO __main__ 关键洞察: 在医疗咨询场景中，强调专业性和隐私保护能显著提升用户的配合意愿。
2025-11-26 05:09:15,037 DEBUG __main__ analysis: {'metrics': {'politeness': 0.18, 'professionalism': 0.28, 'relevance': 0.3, 'clarity': 0.5, 'rule_compliance': 1.0, 'overall_score': 0.726, 'user_satisfaction': None}, 'suggestions': ['🟡 整体质量尚可，有改进空间', '建议：使用更多专业医疗术语，提升专业感'], 'timestamp': '2025-11-26T05:09:06.524557'}
2025-11-26 05:09:21,807 INFO __main__ Reflecting on QA - session=b64f105e-5ebc-4c66-bd33-3e1d1458339f q_index=0 question=sentence:嗯嗯，症状就是这样##context:[{'role': 'user', 'content': '尽头牙发炎', 'time': '0'}]#
2025-11-26 05:09:34,438 DEBUG __main__ 思考过程: B字数过长: 回复建议控制在50-80字以内
🟡 整体质量尚可，有改进空间
建议：使用更多专业医疗术语，提升专业感
2025-11-26 05:09:34,439 INFO __main__ 反思分析: 模型回复整体较为友好且专业，但字数略长，可能影响对话的简洁性与用户的阅读体验。同时，缺乏引导用户留下联系方式的设计，未完全符合套电目标。
2025-11-26 05:09:34,439 INFO __main__ 错误定位: 回复超出了建议字数范围，且没有体现引导用户提供联系方式的关键步骤。
2025-11-26 05:09:34,439 INFO __main__ 根本原因分析: 模型未能严格遵守字数控制要求，同时忽略了套电机器人核心目标之一：获取潜在客户信息。
2025-11-26 05:09:34,439 INFO __main__ 正确的处理方法: 应精简语言至50-80字，并在对话中自然融入引导用户留下联系方式的内容，例如‘如需进一步咨询，可留下您的联系方式，我们会有专业医生联系您’。
2025-11-26 05:09:34,440 INFO __main__ 关键洞察: 在保持专业性和亲和力的同时，确保每轮对话都围绕核心目标展开，避免冗长或偏离主题。
2025-11-26 05:09:34,440 DEBUG __main__ analysis: {'metrics': {'politeness': 0.26, 'professionalism': 0.28, 'relevance': 0.3, 'clarity': 0.5, 'rule_compliance': 0.8, 'overall_score': 0.614, 'user_satisfaction': None}, 'suggestions': ['B字数过长: 回复建议控制在50-80字以内', '🟡 整体质量尚可，有改进空间', '建议：使用更多专业医疗术语，提升专业感'], 'timestamp': '2025-11-26T05:09:21.807612'}
2025-11-26 05:09:45,038 INFO __main__ Reflecting on QA - session=b64f105e-5ebc-4c66-bd33-3e1d1458339f q_index=2 question=sentence:none##context:[{'role': 'user', 'content': '尽头牙发炎', 'time': '0'}, {'rol
2025-11-26 05:09:53,086 DEBUG __main__ 思考过程: 🟡 整体质量尚可，有改进空间
建议：使用更多专业医疗术语，提升专业感
2025-11-26 05:09:53,088 INFO __main__ 反思分析: 模型生成的回复整体符合流程，但缺乏专业术语，且未完全体现对用户当前症状的针对性追问。
2025-11-26 05:09:53,088 INFO __main__ 错误定位: 回复中未明确结合用户提到的'尽头牙发炎'进行深入追问，问题设计较泛泛，未能精准获取关键信息。
2025-11-26 05:09:53,088 INFO __main__ 根本原因分析: 模型可能未充分解析上下文中的症状描述，导致生成内容偏向通用而非具体化。
2025-11-26 05:09:53,088 INFO __main__ 正确的处理方法: 应针对'尽头牙发炎'提出更具体的症状相关问题，例如局部疼痛性质或是否伴随发热等，同时适当使用专业术语增强可信度。
2025-11-26 05:09:53,088 INFO __main__ 关键洞察: 在医疗问诊场景中，针对性提问和专业表达能显著提升对话质量和用户信任感。
2025-11-26 05:09:53,089 DEBUG __main__ analysis: {'metrics': {'politeness': 0.18, 'professionalism': 0.2, 'relevance': 0.3, 'clarity': 0.3, 'rule_compliance': 1.0, 'overall_score': 0.698, 'user_satisfaction': None}, 'suggestions': ['🟡 整体质量尚可，有改进空间', '建议：使用更多专业医疗术语，提升专业感'], 'timestamp': '2025-11-26T05:09:45.038456'}
2025-11-26 05:10:02,763 INFO __main__ Reflecting on QA - session=b64f105e-5ebc-4c66-bd33-3e1d1458339f q_index=4 question=sentence:痛得厉害，晚上都睡不好觉##context:[{'role': 'user', 'content': '尽头牙发炎', 'time': '0'
2025-11-26 05:10:09,430 DEBUG __main__ 思考过程: 🟡 整体质量尚可，有改进空间
建议：使用更多专业医疗术语，提升专业感
2025-11-26 05:10:09,431 INFO __main__ 反思分析: 回复中未充分结合上下文信息，且字数超出限制，同时缺乏对用户具体情况的追问。
2025-11-26 05:10:09,431 INFO __main__ 错误定位: 模型预测内容过于冗长，未遵循‘回复不超过35字’的要求，也未体现单个明确问题的追问策略。
2025-11-26 05:10:09,431 INFO __main__ 根本原因分析: 可能由于未严格遵守任务框架中的字数和对话引导规则，导致输出偏离要求。
2025-11-26 05:10:09,431 INFO __main__ 正确的处理方法: 应简短回应用户痛点，并针对性地追问一个关键问题，如‘疼痛持续多久了？’
2025-11-26 05:10:09,431 INFO __main__ 关键洞察: 在医疗问诊场景中，需精准控制回复长度并逐步引导用户提供更多信息。
2025-11-26 05:10:09,431 DEBUG __main__ analysis: {'metrics': {'politeness': 0.1, 'professionalism': 0.2, 'relevance': 0.3, 'clarity': 0.3, 'rule_compliance': 1.0, 'overall_score': 0.69, 'user_satisfaction': None}, 'suggestions': ['🟡 整体质量尚可，有改进空间', '建议：使用更多专业医疗术语，提升专业感'], 'timestamp': '2025-11-26T05:10:02.763579'}
2025-11-26 05:10:20,035 INFO __main__ Reflecting on QA - session=b64f105e-5ebc-4c66-bd33-3e1d1458339f q_index=6 question=sentence:那我需要拔牙吗？##context:[{'role': 'user', 'content': '尽头牙发炎', 'time': '0'}, {
2025-11-26 05:10:28,347 DEBUG __main__ 思考过程: 🟡 整体质量尚可，有改进空间
建议：使用更多专业医疗术语，提升专业感
2025-11-26 05:10:28,348 INFO __main__ 反思分析: 模型的回答未包含询问联系方式的关键要求，且没有自然过渡到引导用户提供隐私信息的部分。此外，缺乏强化专业价值的表述。
2025-11-26 05:10:28,348 INFO __main__ 错误定位: 未按要求询问用户联系方式，也未提及隐私保护或安排专业医生跟进的内容。
2025-11-26 05:10:28,348 INFO __main__ 根本原因分析: 模型未能充分结合上下文中的playbook策略，忽略了核心任务目标，即通过温和方式获取用户联系方式并强调专业性与隐私保护。
2025-11-26 05:10:28,349 INFO __main__ 正确的处理方法: 基于您的症状，建议尽快就医评估是否需要拔牙。为了给您安排专业医生进一步诊断，请提供一下联系方式，我们承诺严格保护您的隐私。
2025-11-26 05:10:28,349 INFO __main__ 关键洞察: 在医疗咨询场景中，始终需结合用户需求自然嵌入联系方式请求，并强调隐私保护和专业服务的价值。
2025-11-26 05:10:28,349 DEBUG __main__ analysis: {'metrics': {'politeness': 0.18, 'professionalism': 0.28, 'relevance': 0.3, 'clarity': 0.3, 'rule_compliance': 1.0, 'overall_score': 0.706, 'user_satisfaction': None}, 'suggestions': ['🟡 整体质量尚可，有改进空间', '建议：使用更多专业医疗术语，提升专业感'], 'timestamp': '2025-11-26T05:10:20.035791'}
2025-11-26 05:12:42,845 INFO __main__ Reflecting on QA - session=21d5520e-d95c-448b-bb4d-8f468e55adfc q_index=0 question=sentence:对，希望能有好办法解决##context:[{'role': 'user', 'content': '牙齿松动怎么治最好的办法', 'time
2025-11-26 05:12:49,800 DEBUG __main__ 思考过程: 🟡 整体质量尚可，有改进空间
建议：使用更多专业医疗术语，提升专业感
2025-11-26 05:12:49,802 INFO __main__ 反思分析: 模型的回复虽然简洁且符合流程，但缺乏专业术语和深度追问，未能充分挖掘用户症状细节。
2025-11-26 05:12:49,802 INFO __main__ 错误定位: 未使用专业医疗术语，问题设计过于简单，可能遗漏关键信息。
2025-11-26 05:12:49,802 INFO __main__ 根本原因分析: 模型对医疗场景的专业性理解不足，倾向于使用通俗语言而非引导性、专业化的问诊策略。
2025-11-26 05:12:49,802 INFO __main__ 正确的处理方法: 应结合牙科专业术语提问，例如‘松动是否伴随咬合不适或牙龈退缩’，并确保每次追问紧扣核心信息收集目标。
2025-11-26 05:12:49,802 INFO __main__ 关键洞察: 在医疗对话中，专业术语和精准追问能显著提升诊断效率与用户信任感。
2025-11-26 05:12:49,803 DEBUG __main__ analysis: {'metrics': {'politeness': 0.1, 'professionalism': 0.28, 'relevance': 0.3, 'clarity': 0.3, 'rule_compliance': 1.0, 'overall_score': 0.698, 'user_satisfaction': None}, 'suggestions': ['🟡 整体质量尚可，有改进空间', '建议：使用更多专业医疗术语，提升专业感'], 'timestamp': '2025-11-26T05:12:42.845152'}
2025-11-26 05:12:56,872 INFO __main__ Reflecting on QA - session=21d5520e-d95c-448b-bb4d-8f468e55adfc q_index=2 question=sentence:none##context:[{'role': 'user', 'content': '牙齿松动怎么治最好的办法', 'time': '0'}
2025-11-26 05:13:05,537 DEBUG __main__ 思考过程: 🟡 整体质量尚可，有改进空间
建议：使用更多专业医疗术语，提升专业感
2025-11-26 05:13:05,539 INFO __main__ 反思分析: 模型的回答虽然符合基本的对话流程，但缺乏足够的专业性和引导性，未能有效推进获取用户详细信息或联系方式的目标。
2025-11-26 05:13:05,539 INFO __main__ 错误定位: 未使用更专业的医疗术语，且没有明确追问用户的症状细节，错失了进一步收集信息的机会。
2025-11-26 05:13:05,539 INFO __main__ 根本原因分析: 模型可能受限于过于简化的回复模板，导致输出内容显得泛泛而谈，未能体现深度问诊的专业性。
2025-11-26 05:13:05,539 INFO __main__ 正确的处理方法: 应结合上下文提出更具体的问题，例如‘松动牙齿是否有移位或咬合不适？’，并适时引导用户提供联系方式。
2025-11-26 05:13:05,539 INFO __main__ 关键洞察: 在医疗咨询场景中，专业术语和针对性问题能显著提升用户信任感，并推动对话目标达成。
2025-11-26 05:13:05,539 DEBUG __main__ analysis: {'metrics': {'politeness': 0.1, 'professionalism': 0.30000000000000004, 'relevance': 0.3, 'clarity': 0.5, 'rule_compliance': 1.0, 'overall_score': 0.72, 'user_satisfaction': None}, 'suggestions': ['🟡 整体质量尚可，有改进空间', '建议：使用更多专业医疗术语，提升专业感'], 'timestamp': '2025-11-26T05:12:56.872411'}
2025-11-26 05:13:13,525 INFO __main__ Reflecting on QA - session=21d5520e-d95c-448b-bb4d-8f468e55adfc q_index=4 question=sentence:好的，会去看牙医的。<picture>##context:[{'role': 'user', 'content': '牙齿松动怎么治最好的办法
2025-11-26 05:13:20,029 DEBUG __main__ 思考过程: 🟡 整体质量尚可，有改进空间
建议：使用更多专业医疗术语，提升专业感
2025-11-26 05:13:20,030 INFO __main__ 反思分析: 回复未包含询问联系方式，且缺乏引导用户进一步行动的内容，未能完全遵循playbook策略。
2025-11-26 05:13:20,030 INFO __main__ 错误定位: 未按要求在每句话中包含询问联系方式的部分，同时缺少价值强化和隐私保证的过渡语句。
2025-11-26 05:13:20,031 INFO __main__ 根本原因分析: 模型可能未充分理解或应用playbook中的关键要求，导致遗漏了核心沟通要素。
2025-11-26 05:13:20,031 INFO __main__ 正确的处理方法: 应在回复中加入温和的专业引导，例如："为了给您安排更精准的诊断，请提供一下联系方式，我们承诺严格保护您的隐私信息。"
2025-11-26 05:13:20,031 INFO __main__ 关键洞察: 确保每轮对话都结合playbook策略，自然嵌入询问联系方式的内容，以提升转化率和专业性。
2025-11-26 05:13:20,031 DEBUG __main__ analysis: {'metrics': {'politeness': 0.1, 'professionalism': 0.2, 'relevance': 0.3, 'clarity': 0.3, 'rule_compliance': 1.0, 'overall_score': 0.69, 'user_satisfaction': None}, 'suggestions': ['🟡 整体质量尚可，有改进空间', '建议：使用更多专业医疗术语，提升专业感'], 'timestamp': '2025-11-26T05:13:13.525924'}
2025-11-26 05:13:28,012 INFO __main__ Reflecting on QA - session=21d5520e-d95c-448b-bb4d-8f468e55adfc q_index=6 question=sentence:没有出血，有点肿痛##context:[{'role': 'user', 'content': '牙齿松动怎么治最好的办法', 'time':
2025-11-26 05:13:40,932 DEBUG __main__ 思考过程: 🟡 整体质量尚可，有改进空间
建议：使用更多专业医疗术语，提升专业感
2025-11-26 05:13:40,933 INFO __main__ 反思分析: 模型生成的内容未完全遵循playbook策略，缺乏对联系方式的自然引导和隐私保证说明。
2025-11-26 05:13:40,933 INFO __main__ 错误定位: 未包含询问联系方式的关键要求，且缺少价值强化和隐私保护的表述。
2025-11-26 05:13:40,934 INFO __main__ 根本原因分析: 模型未能充分结合上下文及playbook中的关键策略，导致输出偏离需求。
2025-11-26 05:13:40,934 INFO __main__ 正确的处理方法: 在回复中加入温和的专业引导，例如：'为了给您安排更精准的诊断，请提供一下联系方式，我们承诺严格保护您的隐私信息。'
2025-11-26 05:13:40,934 INFO __main__ 关键洞察: 始终结合playbook策略确保内容符合引导用户留资的核心目标。
2025-11-26 05:13:40,934 DEBUG __main__ analysis: {'metrics': {'politeness': 0.1, 'professionalism': 0.28, 'relevance': 0.3, 'clarity': 0.3, 'rule_compliance': 1.0, 'overall_score': 0.698, 'user_satisfaction': None}, 'suggestions': ['🟡 整体质量尚可，有改进空间', '建议：使用更多专业医疗术语，提升专业感'], 'timestamp': '2025-11-26T05:13:28.012712'}
2025-11-26 05:13:47,750 INFO __main__ Reflecting on QA - session=175dbb87-a29d-4105-b5f9-fafdf94645e2 q_index=0 question=sentence:嗯嗯，想先了解下大概费用##context:[{'role': 'user', 'content': '拔智齿多少钱一颗', 'time': 
2025-11-26 05:13:56,927 DEBUG __main__ 思考过程: 🟡 整体质量尚可，有改进空间
建议：使用更多专业医疗术语，提升专业感
2025-11-26 05:13:56,929 INFO __main__ 反思分析: 模型的回答整体方向正确，但缺乏足够的专业性和亲和力。未充分使用医疗领域的术语，也未通过表情符号增强对话的友好度。此外，开场白略显生硬，未能有效建立连接。
2025-11-26 05:13:56,929 INFO __main__ 错误定位: 1. 缺少专业医疗术语，显得不够权威。2. 未使用表情符号，降低了亲和力。3. 开场白过于直接，未充分引导客户进入对话情境。
2025-11-26 05:13:56,929 INFO __main__ 根本原因分析: 模型可能未充分理解角色定义中对专业性和亲和力的要求，同时在对话流程设计上忽略了逐步引导客户的重要性。
2025-11-26 05:13:56,929 INFO __main__ 正确的处理方法: 1. 在回答中加入适当的医疗术语，例如“根据牙位、阻生情况等综合评估”。2. 使用表情符号增强语气友好度，例如“😊”。3. 开场白应更自然，例如：“您好！拔智齿的费用因人而异，需结合具体方案评估哦 😊”。
2025-11-26 05:13:56,930 INFO __main__ 关键洞察: 在专业领域对话中，适当使用行业术语和友好语气可以显著提升用户信任感和对话质量。
2025-11-26 05:13:56,930 DEBUG __main__ analysis: {'metrics': {'politeness': 0.1, 'professionalism': 0.28, 'relevance': 0.3, 'clarity': 0.5, 'rule_compliance': 1.0, 'overall_score': 0.718, 'user_satisfaction': None}, 'suggestions': ['🟡 整体质量尚可，有改进空间', '建议：使用更多专业医疗术语，提升专业感'], 'timestamp': '2025-11-26T05:13:47.750190'}
2025-11-26 05:14:08,333 INFO __main__ Reflecting on QA - session=175dbb87-a29d-4105-b5f9-fafdf94645e2 q_index=2 question=sentence:好的，大概多少钱呢##context:[{'role': 'user', 'content': '拔智齿多少钱一颗', 'time': '0'
2025-11-26 05:14:15,035 DEBUG __main__ 思考过程: 🟡 整体质量尚可，有改进空间
建议：使用更多专业医疗术语，提升专业感
2025-11-26 05:14:15,037 INFO __main__ 反思分析: 模型的回答虽然符合不直接透露价格的要求，但缺乏引导性问题来继续收集用户信息，且回复显得过于机械化。
2025-11-26 05:14:15,037 INFO __main__ 错误定位: 未根据上下文追问用户的牙齿具体情况，错失了进一步获取关键信息的机会；同时语言表达不够亲切和专业。
2025-11-26 05:14:15,037 INFO __main__ 根本原因分析: 模型可能过度依赖预设规则而忽略了对话的动态性，导致回复内容单一且缺乏灵活性。
2025-11-26 05:14:15,037 INFO __main__ 正确的处理方法: 在说明价格需评估后，应顺势提问以了解用户的具体情况，例如“您的智齿是哪一颗需要拔除？”或“是否有拍过牙片？”
2025-11-26 05:14:15,037 INFO __main__ 关键洞察: 每次回答都应包含一个明确的、与用户情况相关的问题，以推动对话向目标靠近。
2025-11-26 05:14:15,037 DEBUG __main__ analysis: {'metrics': {'politeness': 0.1, 'professionalism': 0.15000000000000005, 'relevance': 0.3, 'clarity': 0.5, 'rule_compliance': 1.0, 'overall_score': 0.705, 'user_satisfaction': None}, 'suggestions': ['🟡 整体质量尚可，有改进空间', '建议：使用更多专业医疗术语，提升专业感'], 'timestamp': '2025-11-26T05:14:08.333595'}
2025-11-26 05:16:22,390 INFO __main__ Reflecting on QA - session=1fd127ee-b02e-4d5a-b80f-efc21250b0f7 q_index=0 question=sentence:嗯嗯，最近总是疼得很##context:[{'role': 'user', 'content': '智齿有必要拔吗', 'time': '0'
2025-11-26 05:16:33,348 DEBUG __main__ 思考过程: 🟡 整体质量尚可，有改进空间
建议：使用更多专业医疗术语，提升专业感
2025-11-26 05:16:33,351 INFO __main__ 反思分析: 模型回应整体较为合理，但缺乏足够的专业术语和细节支持，显得泛泛而谈。用户提到疼痛问题，模型未充分挖掘疼痛的具体情况（如频率、位置等），也未明确提及排查手段的专业性。
2025-11-26 05:16:33,351 INFO __main__ 错误定位: 回应中缺少对用户症状的进一步追问，直接建议拍片评估略显仓促；同时没有体现平台不允许透露价格这一规则的潜在关联。
2025-11-26 05:16:33,351 INFO __main__ 根本原因分析: 模型未能完全遵循对话互动原则，特别是在引导用户提供更多信息方面有所欠缺，且专业术语使用不足导致权威感下降。
2025-11-26 05:16:33,351 INFO __main__ 正确的处理方法: 开场应更自然地建立连接，例如‘智齿疼痛确实很影响生活呢 😊’，然后询问疼痛具体表现，并解释拍片评估的重要性，最后温和引导客户留下联系方式以便后续服务。
2025-11-26 05:16:33,351 INFO __main__ 关键洞察: 在医疗咨询场景中，逐步引导用户提供详细信息并适时展现专业知识，有助于提升信任感与对话质量。
2025-11-26 05:16:33,351 DEBUG __main__ analysis: {'metrics': {'politeness': 0.1, 'professionalism': 0.2, 'relevance': 0.3, 'clarity': 0.5, 'rule_compliance': 1.0, 'overall_score': 0.71, 'user_satisfaction': None}, 'suggestions': ['🟡 整体质量尚可，有改进空间', '建议：使用更多专业医疗术语，提升专业感'], 'timestamp': '2025-11-26T05:16:22.390485'}
2025-11-26 05:16:44,277 INFO __main__ Reflecting on QA - session=1fd127ee-b02e-4d5a-b80f-efc21250b0f7 q_index=2 question=sentence:none##context:[{'role': 'user', 'content': '智齿有必要拔吗', 'time': '0'}, {'r
2025-11-26 05:16:50,779 DEBUG __main__ 思考过程: 🟡 整体质量尚可，有改进空间
建议：使用更多专业医疗术语，提升专业感
2025-11-26 05:16:50,782 INFO __main__ 反思分析: 模型的回复虽然简洁且符合流程，但缺乏专业医疗术语，未能充分体现权威性。同时，未完全按照上下文追问用户的关键症状细节。
2025-11-26 05:16:50,783 INFO __main__ 错误定位: 回复中未明确提及‘拍片评估’的具体目的，也未追问疼痛是否影响日常生活，偏离了最佳问诊路径。
2025-11-26 05:16:50,783 INFO __main__ 根本原因分析: 模型可能因过于简化语言导致专业感不足，同时在上下文理解上未能充分挖掘用户的潜在需求。
2025-11-26 05:16:50,783 INFO __main__ 正确的处理方法: 应结合专业术语说明拍片的重要性，并针对性追问疼痛对咀嚼或张口的影响，确保信息收集完整。
2025-11-26 05:16:50,783 INFO __main__ 关键洞察: 在医疗对话场景中，使用适当的术语可提升用户信任，同时每次追问需紧扣核心目标以优化信息获取效率。
2025-11-26 05:16:50,784 DEBUG __main__ analysis: {'metrics': {'politeness': 0.1, 'professionalism': 0.2, 'relevance': 0.3, 'clarity': 0.3, 'rule_compliance': 1.0, 'overall_score': 0.69, 'user_satisfaction': None}, 'suggestions': ['🟡 整体质量尚可，有改进空间', '建议：使用更多专业医疗术语，提升专业感'], 'timestamp': '2025-11-26T05:16:44.277078'}
2025-11-26 05:16:58,528 INFO __main__ Reflecting on QA - session=1fd127ee-b02e-4d5a-b80f-efc21250b0f7 q_index=4 question=sentence:拍片的话去哪比较好？##context:[{'role': 'user', 'content': '智齿有必要拔吗', 'time': '0'
2025-11-26 05:17:05,657 DEBUG __main__ 思考过程: 🟡 整体质量尚可，有改进空间
建议：使用更多专业医疗术语，提升专业感
2025-11-26 05:17:05,660 INFO __main__ 反思分析: 模型的回答虽然简洁且符合要求，但缺乏引导性问题来进一步收集用户信息，也未尝试获取联系方式。
2025-11-26 05:17:05,660 INFO __main__ 错误定位: 未能按照任务流程追问用户关键信息或引导提供联系方式，且回复中专业术语不足。
2025-11-26 05:17:05,660 INFO __main__ 根本原因分析: 模型可能因过于关注简洁性而忽略了任务目标，同时对医疗场景的专业表达训练不足。
2025-11-26 05:17:05,660 INFO __main__ 正确的处理方法: 在建议拍片地点后，应追问用户主要症状的持续时间或年龄范围，并自然引导用户提供电话或邮箱。
2025-11-26 05:17:05,661 INFO __main__ 关键洞察: 每次回复需兼顾信息收集、任务目标和专业性，确保对话连贯性和用户信任感。
2025-11-26 05:17:05,661 DEBUG __main__ analysis: {'metrics': {'politeness': 0.1, 'professionalism': 0.28, 'relevance': 0.3, 'clarity': 0.5, 'rule_compliance': 1.0, 'overall_score': 0.718, 'user_satisfaction': None}, 'suggestions': ['🟡 整体质量尚可，有改进空间', '建议：使用更多专业医疗术语，提升专业感'], 'timestamp': '2025-11-26T05:16:58.528526'}
2025-11-26 05:17:24,595 INFO __main__ Reflecting on QA - session=1f4c4261-d0f1-45cb-b637-ccd260158726 q_index=0 question=sentence:<picture>app查看##context:[{'role': 'user', 'content': '牙齿排列不齐/不美观', 'tim
2025-11-26 05:17:30,656 DEBUG __main__ 思考过程: 🟡 整体质量尚可，有改进空间
建议：使用更多专业医疗术语，提升专业感
2025-11-26 05:17:30,659 INFO __main__ 反思分析: 模型生成的回复虽然温和且符合引导逻辑，但缺乏专业医疗术语和价值强化，显得过于简单。
2025-11-26 05:17:30,659 INFO __main__ 错误定位: 未充分结合playbook中的价值强化和隐私保证策略，专业感不足。
2025-11-26 05:17:30,659 INFO __main__ 根本原因分析: 模型未能有效利用上下文中的医疗场景强化专业性，也未完全遵循playbook中关于强调隐私保护和专业价值的指导。
2025-11-26 05:17:30,659 INFO __main__ 正确的处理方法: 建议您提供微信，专业医生将为您制定个性化方案，并严格保护您的隐私信息。
2025-11-26 05:17:30,659 INFO __main__ 关键洞察: 在医疗场景中，强调专业性和隐私保护能显著提升用户信任感。
2025-11-26 05:17:30,659 DEBUG __main__ analysis: {'metrics': {'politeness': 0.18, 'professionalism': 0.28, 'relevance': 0.3, 'clarity': 0.3, 'rule_compliance': 1.0, 'overall_score': 0.706, 'user_satisfaction': None}, 'suggestions': ['🟡 整体质量尚可，有改进空间', '建议：使用更多专业医疗术语，提升专业感'], 'timestamp': '2025-11-26T05:17:24.595073'}
2025-11-26 05:17:39,162 INFO __main__ Reflecting on QA - session=1f4c4261-d0f1-45cb-b637-ccd260158726 q_index=2 question=sentence:【对话ID：1764152015539】##context:[{'role': 'user', 'content': '牙齿排列不齐/不美观'
2025-11-26 05:17:45,993 DEBUG __main__ 思考过程: 🟡 整体质量尚可，有改进空间
建议：使用更多专业医疗术语，提升专业感
2025-11-26 05:17:45,996 INFO __main__ 反思分析: 模型输出整体温和且专业，但未完全遵循playbook策略。缺少对隐私保护的强调和价值强化，同时字数略超出建议范围。
2025-11-26 05:17:45,996 INFO __main__ 错误定位: 未提及隐私保护，缺乏强化专业价值的表述，字数超过35字限制。
2025-11-26 05:17:45,996 INFO __main__ 根本原因分析: 模型未能充分整合playbook中的隐私保证和价值强化要求，且对字数控制不够严格。
2025-11-26 05:17:45,996 INFO __main__ 正确的处理方法: 您留个微信，我安排医生发案例参考，并承诺保护您的隐私信息。
2025-11-26 05:17:45,996 INFO __main__ 关键洞察: 在引导用户提供联系方式时，需结合隐私保护和价值强化，同时严格控制字数。
2025-11-26 05:17:45,996 DEBUG __main__ analysis: {'metrics': {'politeness': 0.18, 'professionalism': 0.2, 'relevance': 0.3, 'clarity': 0.5, 'rule_compliance': 1.0, 'overall_score': 0.718, 'user_satisfaction': None}, 'suggestions': ['🟡 整体质量尚可，有改进空间', '建议：使用更多专业医疗术语，提升专业感'], 'timestamp': '2025-11-26T05:17:39.162071'}
2025-11-26 05:19:52,781 INFO __main__ Reflecting on QA - session=bc0fffcc-5823-4ce7-99bd-fcb967af326b q_index=0 question=sentence:嗯嗯，现在很疼<picture>##context:[{'role': 'user', 'content': '智齿横着长一定要拔吗', 't
2025-11-26 05:20:02,684 DEBUG __main__ 思考过程: 🟡 整体质量尚可，有改进空间
建议：使用更多专业医疗术语，提升专业感
2025-11-26 05:20:02,687 INFO __main__ 反思分析: 模型的回答整体方向正确，但缺乏足够的专业术语和细节支撑，显得略为泛泛。同时未完全按照规则避免确诊性描述。
2025-11-26 05:20:02,687 INFO __main__ 错误定位: 模型直接提到‘智齿横着长易引发疼痛、感染或邻牙损伤’，这可能被用户理解为确诊性建议，违反了不主动确诊症状的规则。
2025-11-26 05:20:02,688 INFO __main__ 根本原因分析: 模型未能充分结合口腔医疗领域的专业表达方式，且对规则中避免确诊的要求理解不足，导致回答过于具体化。
2025-11-26 05:20:02,688 INFO __main__ 正确的处理方法: 应采用更模糊的专业表述，如‘智齿横向生长可能会带来一些口腔问题，建议您尽早咨询医生以获取个性化评估’，并引导用户提供更多信息或留下联系方式。
2025-11-26 05:20:02,688 INFO __main__ 关键洞察: 在医疗对话场景中，避免确诊性语言的同时，需通过专业术语增强可信度，并始终围绕引导用户提供信息展开。
2025-11-26 05:20:02,688 DEBUG __main__ analysis: {'metrics': {'politeness': 0.1, 'professionalism': 0.2, 'relevance': 0.3, 'clarity': 0.5, 'rule_compliance': 1.0, 'overall_score': 0.71, 'user_satisfaction': None}, 'suggestions': ['🟡 整体质量尚可，有改进空间', '建议：使用更多专业医疗术语，提升专业感'], 'timestamp': '2025-11-26T05:19:52.781387'}
2025-11-26 05:20:10,962 INFO __main__ Reflecting on QA - session=bc0fffcc-5823-4ce7-99bd-fcb967af326b q_index=2 question=sentence:none##context:[{'role': 'user', 'content': '智齿横着长一定要拔吗', 'time': '0'}, 
2025-11-26 05:20:16,897 DEBUG __main__ 思考过程: 🟡 整体质量尚可，有改进空间
建议：使用更多专业医疗术语，提升专业感
2025-11-26 05:20:16,900 INFO __main__ 反思分析: 模型回复整体符合流程，但缺乏对用户核心问题的直接追问，未明确引导用户提供更多信息或联系方式。
2025-11-26 05:20:16,900 INFO __main__ 错误定位: 未按流程逐步收集关键信息，如年龄范围、症状持续时间等；且未尝试引导用户提供联系方式。
2025-11-26 05:20:16,900 INFO __main__ 根本原因分析: 模型未能严格遵循问诊框架，可能因上下文理解不足或策略执行不够精准。
2025-11-26 05:20:16,900 INFO __main__ 正确的处理方法: 应针对用户提到的疼痛情况追问具体影响（如是否影响咀嚼），并适时引导用户提供联系方式以进一步评估。
2025-11-26 05:20:16,900 INFO __main__ 关键洞察: 每次对话需紧扣任务目标，确保信息收集完整性和引导性，同时避免过早结束对话。
2025-11-26 05:20:16,900 DEBUG __main__ analysis: {'metrics': {'politeness': 0.1, 'professionalism': 0.2, 'relevance': 0.3, 'clarity': 0.3, 'rule_compliance': 1.0, 'overall_score': 0.69, 'user_satisfaction': None}, 'suggestions': ['🟡 整体质量尚可，有改进空间', '建议：使用更多专业医疗术语，提升专业感'], 'timestamp': '2025-11-26T05:20:10.962849'}
2025-11-26 05:20:27,928 INFO __main__ Reflecting on QA - session=bc0fffcc-5823-4ce7-99bd-fcb967af326b q_index=4 question=sentence:那得赶紧看看去##context:[{'role': 'user', 'content': '智齿横着长一定要拔吗', 'time': '0'
2025-11-26 05:20:36,596 DEBUG __main__ 思考过程: 🟡 整体质量尚可，有改进空间
建议：使用更多专业医疗术语，提升专业感
2025-11-26 05:20:36,599 INFO __main__ 反思分析: 模型回复整体符合流程，但缺乏对用户具体情况的追问，未能有效引导用户提供更多信息或联系方式。
2025-11-26 05:20:36,599 INFO __main__ 错误定位: 未根据上下文进一步追问用户的疼痛程度、持续时间等关键信息，且回复偏泛化，未体现专业性。
2025-11-26 05:20:36,599 INFO __main__ 根本原因分析: 模型可能未充分理解需要逐步收集用户信息的任务目标，导致回复过于简略且缺乏引导性。
2025-11-26 05:20:36,599 INFO __main__ 正确的处理方法: 应在回复中追问用户疼痛的具体情况（如持续时间、是否肿胀等），并自然引导用户提供联系方式。
2025-11-26 05:20:36,599 INFO __main__ 关键洞察: 每次回复应聚焦于一个具体问题，逐步挖掘用户需求，同时保持专业性和引导性。
2025-11-26 05:20:36,599 DEBUG __main__ analysis: {'metrics': {'politeness': 0.1, 'professionalism': 0.2, 'relevance': 0.3, 'clarity': 0.5, 'rule_compliance': 1.0, 'overall_score': 0.71, 'user_satisfaction': None}, 'suggestions': ['🟡 整体质量尚可，有改进空间', '建议：使用更多专业医疗术语，提升专业感'], 'timestamp': '2025-11-26T05:20:27.928542'}
2025-11-26 05:20:55,361 INFO __main__ Reflecting on QA - session=896da978-1fe4-497f-a905-a0aa0977e2aa q_index=0 question=sentence:好的，怎么预约呢？##context:[{'role': 'user', 'content': '冷光美白牙齿一般多少钱', 'time': 
2025-11-26 05:21:01,118 DEBUG __main__ 思考过程: 🟡 整体质量尚可，有改进空间
建议：使用更多专业医疗术语，提升专业感
2025-11-26 05:21:01,121 INFO __main__ 反思分析: 模型预测中未充分结合上下文强化价值，且缺少隐私保证说明，降低了用户信任感。
2025-11-26 05:21:01,121 INFO __main__ 错误定位: 未提及专业医生评估的重要性，也未承诺隐私保护，显得引导较生硬。
2025-11-26 05:21:01,121 INFO __main__ 根本原因分析: 模型未能完全遵循playbook策略，忽视了价值强化和自然过渡的关键点。
2025-11-26 05:21:01,121 INFO __main__ 正确的处理方法: 基于您的情况，专业医生需进一步评估，请提供联系方式，我们承诺严格保护您的隐私。
2025-11-26 05:21:01,121 INFO __main__ 关键洞察: 在请求敏感信息时，应强化专业性和隐私保护承诺以提升用户信任。
2025-11-26 05:21:01,122 DEBUG __main__ analysis: {'metrics': {'politeness': 0.18, 'professionalism': 0.28, 'relevance': 0.3, 'clarity': 0.5, 'rule_compliance': 1.0, 'overall_score': 0.726, 'user_satisfaction': None}, 'suggestions': ['🟡 整体质量尚可，有改进空间', '建议：使用更多专业医疗术语，提升专业感'], 'timestamp': '2025-11-26T05:20:55.361778'}
2025-11-26 05:21:09,056 INFO __main__ Reflecting on QA - session=896da978-1fe4-497f-a905-a0aa0977e2aa q_index=2 question=sentence:【对话ID：1764152245936】##context:[{'role': 'user', 'content': '冷光美白牙齿一般多少钱
2025-11-26 05:21:17,385 DEBUG __main__ 思考过程: 🟡 整体质量尚可，有改进空间
建议：使用更多专业医疗术语，提升专业感
2025-11-26 05:21:17,388 INFO __main__ 反思分析: 模型的回答虽然温和，但缺乏引导性和专业性。未明确提及平台政策或价值强化，也未充分结合上下文优化话术。
2025-11-26 05:21:17,388 INFO __main__ 错误定位: 未使用价值强化和自然过渡策略，缺少对平台政策的说明，且没有强调隐私保护。
2025-11-26 05:21:17,388 INFO __main__ 根本原因分析: 模型未能充分利用playbook中的策略，导致回答过于平淡，缺乏吸引力和说服力。
2025-11-26 05:21:17,388 INFO __main__ 正确的处理方法: 结合价值强化和自然过渡，说明平台政策，并以专业但温和的方式请求联系方式，同时强调隐私保护。
2025-11-26 05:21:17,388 INFO __main__ 关键洞察: 在引导用户提供联系方式时，应始终结合价值强化、自然过渡和隐私保证，提升用户信任感。
2025-11-26 05:21:17,388 DEBUG __main__ analysis: {'metrics': {'politeness': 0.18, 'professionalism': 0.28, 'relevance': 0.3, 'clarity': 0.5, 'rule_compliance': 1.0, 'overall_score': 0.726, 'user_satisfaction': None}, 'suggestions': ['🟡 整体质量尚可，有改进空间', '建议：使用更多专业医疗术语，提升专业感'], 'timestamp': '2025-11-26T05:21:09.056260'}
2025-11-26 05:23:33,983 INFO __main__ Reflecting on QA - session=6da31534-c2e4-4552-9fc4-a7a3ed2dcb9f q_index=0 question=sentence:none##context:[{'role': 'user', 'content': '获取矫正方案', 'time': '0'}, {'ro
2025-11-26 05:23:43,935 DEBUG __main__ 思考过程: B字数过长: 回复建议控制在50-80字以内
🔴 整体质量需要显著改进
建议：使用更多专业医疗术语，提升专业感
✅ 成功获取联系方式，给予评分加分
2025-11-26 05:23:43,938 INFO __main__ 反思分析: 模型生成的回复虽然温和且专业，但未能完全遵循playbook策略。未明确提及‘价值强化’和‘隐私保证’，同时字数略超出限制。
2025-11-26 05:23:43,938 INFO __main__ 错误定位: 缺少对用户核心需求的价值传递，未充分强调隐私保护承诺，且句子长度超过35字。
2025-11-26 05:23:43,938 INFO __main__ 根本原因分析: 模型可能未能充分整合playbook中的关键元素，导致输出内容不够精准，且在精简表达上存在不足。
2025-11-26 05:23:43,938 INFO __main__ 正确的处理方法: 结合用户牙齿问题，提供更具体的引导，例如：‘基于您的牙齿情况，我们安排专业医生评估，请留联系方式，严格保密。’
2025-11-26 05:23:43,938 INFO __main__ 关键洞察: 确保每句话都包含核心要素（价值、隐私、行动指引），并严格控制字数以符合要求。
2025-11-26 05:23:43,939 DEBUG __main__ analysis: {'metrics': {'politeness': 0.18, 'professionalism': 0.2, 'relevance': 0.3, 'clarity': 0.5, 'rule_compliance': 0.8, 'overall_score': 0.648, 'user_satisfaction': None, 'contact_obtained': True}, 'suggestions': ['B字数过长: 回复建议控制在50-80字以内', '🔴 整体质量需要显著改进', '建议：使用更多专业医疗术语，提升专业感', '✅ 成功获取联系方式，给予评分加分'], 'timestamp': '2025-11-26T05:23:33.983771'}
2025-11-26 05:24:02,195 INFO __main__ Reflecting on QA - session=6da31534-c2e4-4552-9fc4-a7a3ed2dcb9f q_index=2 question=sentence:【对话ID：1764152377179】##context:[{'role': 'user', 'content': '获取矫正方案', 't
2025-11-26 05:24:10,366 DEBUG __main__ 思考过程: 🟡 整体质量尚可，有改进空间
建议：使用更多专业医疗术语，提升专业感
2025-11-26 05:24:10,369 INFO __main__ 反思分析: 模型的回答未完全遵循playbook策略，缺乏对用户价值的强化和隐私保证的具体说明。同时，没有明确询问联系方式，偏离了核心目标。
2025-11-26 05:24:10,369 INFO __main__ 错误定位: 回答中未包含询问联系方式的关键内容，且缺少价值传递和隐私保护的强调，导致引导性不足。
2025-11-26 05:24:10,370 INFO __main__ 根本原因分析: 模型未能充分结合上下文及playbook要求生成符合需求的回复，可能由于训练数据中类似场景的高质量样本不足。
2025-11-26 05:24:10,370 INFO __main__ 正确的处理方法: 基于您的牙齿情况，为了提供精准方案，请您留个联系方式，我们承诺严格保密并安排专业医生联系您。
2025-11-26 05:24:10,370 INFO __main__ 关键洞察: 在引导用户提供敏感信息时，需强化价值传递并明确隐私保护，以建立信任感。
2025-11-26 05:24:10,370 DEBUG __main__ analysis: {'metrics': {'politeness': 0.26, 'professionalism': 0.2, 'relevance': 0.3, 'clarity': 0.5, 'rule_compliance': 1.0, 'overall_score': 0.726, 'user_satisfaction': None}, 'suggestions': ['🟡 整体质量尚可，有改进空间', '建议：使用更多专业医疗术语，提升专业感'], 'timestamp': '2025-11-26T05:24:02.195301'}
2025-11-26 05:24:20,620 INFO __main__ Reflecting on QA - session=7db34a64-3b4a-4582-9c67-bd7e149d65da q_index=0 question=sentence:<picture>app查看##context:[{'role': 'user', 'content': '地包天', 'time': '0'
2025-11-26 05:24:30,881 DEBUG __main__ 思考过程: B字数过长: 回复建议控制在50-80字以内
🟡 整体质量尚可，有改进空间
建议：使用更多专业医疗术语，提升专业感
2025-11-26 05:24:30,884 INFO __main__ 反思分析: 模型回复中使用了专业术语但超出了建议的字数范围，且直接对用户提到的‘地包天’进行了定义性描述，违反了不主动确诊症状的规则。
2025-11-26 05:24:30,884 INFO __main__ 错误定位: 1. 回复字数超出50-80字建议范围；2. 直接对‘地包天’下定义，可能让用户感到被诊断，违背了避免确诊的原则。
2025-11-26 05:24:30,885 INFO __main__ 根本原因分析: 模型未能严格遵守对话风格要求中的字数限制和避免确诊的规则，导致回复显得冗长且不够谨慎。
2025-11-26 05:24:30,885 INFO __main__ 正确的处理方法: 应以简短友好的方式开场，例如‘您好！地包天的情况因人而异，您还有其他相关困扰吗？😊’，控制字数并避免直接定义病症。
2025-11-26 05:24:30,885 INFO __main__ 关键洞察: 在医疗咨询场景中，避免过早或直接的确诊描述有助于保持对话的专业性和用户的舒适感。
2025-11-26 05:24:30,885 DEBUG __main__ analysis: {'metrics': {'politeness': 0.26, 'professionalism': 0.2, 'relevance': 0.3, 'clarity': 0.5, 'rule_compliance': 0.8, 'overall_score': 0.606, 'user_satisfaction': None}, 'suggestions': ['B字数过长: 回复建议控制在50-80字以内', '🟡 整体质量尚可，有改进空间', '建议：使用更多专业医疗术语，提升专业感'], 'timestamp': '2025-11-26T05:24:20.620051'}
2025-11-26 05:24:45,585 INFO __main__ Reflecting on QA - session=942f791a-29f5-4a7c-bd2f-317a93f681d4 q_index=0 question=sentence:嗯嗯，图片里是我的牙齿情况##context:[{'role': 'user', 'content': '地包天', 'time': '0'}
2025-11-26 05:24:58,564 DEBUG __main__ 思考过程: 🟡 整体质量尚可，有改进空间
建议：使用更多专业医疗术语，提升专业感
2025-11-26 05:24:58,567 INFO __main__ 反思分析: 模型生成的回复整体友好且专业，但缺乏足够的医疗术语支撑，显得专业性不足。此外，未充分利用上下文信息，例如用户提到的‘地包天’和图片查看请求，错失了进一步引导的机会。
2025-11-26 05:24:58,567 INFO __main__ 错误定位: 未能充分结合用户提供的上下文信息（如‘地包天’及图片相关语境），导致对话深度不足；同时语言表达偏泛化，缺少具体的专业建议或引导。
2025-11-26 05:24:58,567 INFO __main__ 根本原因分析: 模型可能因过度依赖通用模板而忽略了个性化内容生成，特别是在医疗场景下，未能有效利用已知线索强化对话的专业性和针对性。
2025-11-26 05:24:58,567 INFO __main__ 正确的处理方法: 在开场建立连接后，应直接提及‘地包天’这一关键词，并以更专业的语气询问用户是否需要初步评估或案例参考，同时避免要求用户提供额外信息（如照片）。
2025-11-26 05:24:58,567 INFO __main__ 关键洞察: 在医疗咨询类对话中，结合用户输入的具体症状或需求，使用适当的术语和明确的引导能够显著提升对话质量和客户信任感。
2025-11-26 05:24:58,567 DEBUG __main__ analysis: {'metrics': {'politeness': 0.26, 'professionalism': 0.28, 'relevance': 0.3, 'clarity': 0.3, 'rule_compliance': 1.0, 'overall_score': 0.714, 'user_satisfaction': None}, 'suggestions': ['🟡 整体质量尚可，有改进空间', '建议：使用更多专业医疗术语，提升专业感'], 'timestamp': '2025-11-26T05:24:45.585658'}
2025-11-26 05:25:08,109 INFO __main__ Reflecting on QA - session=942f791a-29f5-4a7c-bd2f-317a93f681d4 q_index=2 question=sentence:没有，还没去医院检查过##context:[{'role': 'user', 'content': '地包天', 'time': '0'}, 
2025-11-26 05:25:16,954 DEBUG __main__ 思考过程: 🟡 整体质量尚可，有改进空间
建议：使用更多专业医疗术语，提升专业感
2025-11-26 05:25:16,957 INFO __main__ 反思分析: 模型生成的回复虽然符合对话逻辑，但缺乏足够的专业术语支撑，且未严格遵循‘每次只问一个问题’的原则。
2025-11-26 05:25:16,957 INFO __main__ 错误定位: 回复中包含了‘地包天建议尽早干预’这一可能过于直接的医疗建议，同时询问了多个问题（咀嚼不适、咬合问题）。
2025-11-26 05:25:16,958 INFO __main__ 根本原因分析: 模型未能完全内化专业医疗沟通的谨慎性原则，且对任务流程中的‘单问题推进’要求理解不足。
2025-11-26 05:25:16,958 INFO __main__ 正确的处理方法: 应聚焦于用户是否已完成检查这一核心问题，避免多头提问或过早提供干预建议。例如：‘了解。您目前是否已做过相关检查？’
2025-11-26 05:25:16,958 INFO __main__ 关键洞察: 在医疗场景下，确保信息收集的逐步性和专业表达的精准性至关重要。
2025-11-26 05:25:16,958 DEBUG __main__ analysis: {'metrics': {'politeness': 0.18, 'professionalism': 0.2, 'relevance': 0.3, 'clarity': 0.3, 'rule_compliance': 1.0, 'overall_score': 0.698, 'user_satisfaction': None}, 'suggestions': ['🟡 整体质量尚可，有改进空间', '建议：使用更多专业医疗术语，提升专业感'], 'timestamp': '2025-11-26T05:25:08.108980'}
2025-11-26 05:27:25,358 INFO __main__ Reflecting on QA - session=adf6e37a-f6b7-45b7-80b0-dd73b948a1ef q_index=0 question=sentence:那就好，我还挺怕疼的。##context:[{'role': 'user', 'content': '牙齿烂个洞补牙痛不痛', 'time':
2025-11-26 05:27:32,853 DEBUG __main__ 思考过程: B字数过长: 回复建议控制在50-80字以内
🟡 整体质量尚可，有改进空间
建议：使用更多专业医疗术语，提升专业感
2025-11-26 05:27:32,855 INFO __main__ 反思分析: 模型回复虽然表达了无痛补牙的观点，但字数超出限制，且未严格遵循每次只问一个问题的规则。
2025-11-26 05:27:32,856 INFO __main__ 错误定位: 回复字数过长，同时包含了不必要的安抚内容，偏离了简洁性和聚焦性要求。
2025-11-26 05:27:32,856 INFO __main__ 根本原因分析: 模型未能充分理解对话需要精准简短的要求，试图通过增加安抚性语言提升用户体验，却忽略了任务核心约束。
2025-11-26 05:27:32,856 INFO __main__ 正确的处理方法: 应直接切入主题，控制在35字内，例如：‘麻醉后基本无痛。蛀牙具体在哪颗牙？’
2025-11-26 05:27:32,856 INFO __main__ 关键洞察: 在医疗咨询场景中，简洁、专业和聚焦是关键，避免冗余表达以提升效率。
2025-11-26 05:27:32,856 DEBUG __main__ analysis: {'metrics': {'politeness': 0.18, 'professionalism': 0.28, 'relevance': 0.3, 'clarity': 0.5, 'rule_compliance': 0.8, 'overall_score': 0.606, 'user_satisfaction': None}, 'suggestions': ['B字数过长: 回复建议控制在50-80字以内', '🟡 整体质量尚可，有改进空间', '建议：使用更多专业医疗术语，提升专业感'], 'timestamp': '2025-11-26T05:27:25.357910'}
2025-11-26 05:27:41,717 INFO __main__ Reflecting on QA - session=adf6e37a-f6b7-45b7-80b0-dd73b948a1ef q_index=2 question=sentence:none##context:[{'role': 'user', 'content': '牙齿烂个洞补牙痛不痛', 'time': '0'}, 
2025-11-26 05:27:49,947 DEBUG __main__ 思考过程: 🟡 整体质量尚可，有改进空间
建议：使用更多专业医疗术语，提升专业感
2025-11-26 05:27:49,950 INFO __main__ 反思分析: 模型的回答虽然准确，但缺乏专业术语和引导性，未能进一步推进对话以获取用户更多信息或联系方式。
2025-11-26 05:27:49,950 INFO __main__ 错误定位: 未使用医疗专业术语，且回答中没有尝试引导用户提供更多背景信息或建立后续联系。
2025-11-26 05:27:49,950 INFO __main__ 根本原因分析: 模型生成内容时过于简化，忽略了通过追问来系统化收集用户信息的核心任务，同时对专业表达的重视不足。
2025-11-26 05:27:49,950 INFO __main__ 正确的处理方法: 在确保简洁的同时引入专业术语，并通过针对性提问（如症状持续时间、年龄范围等）逐步引导用户提供详细信息。
2025-11-26 05:27:49,950 INFO __main__ 关键洞察: 即使是简短回复，也应体现专业性并通过策略性提问推动对话向目标方向发展。
2025-11-26 05:27:49,950 DEBUG __main__ analysis: {'metrics': {'politeness': 0.18, 'professionalism': 0.28, 'relevance': 0.3, 'clarity': 0.5, 'rule_compliance': 1.0, 'overall_score': 0.726, 'user_satisfaction': None}, 'suggestions': ['🟡 整体质量尚可，有改进空间', '建议：使用更多专业医疗术语，提升专业感'], 'timestamp': '2025-11-26T05:27:41.717928'}
2025-11-26 05:27:59,511 INFO __main__ Reflecting on QA - session=adf6e37a-f6b7-45b7-80b0-dd73b948a1ef q_index=4 question=sentence:<picture>app查看##context:[{'role': 'user', 'content': '牙齿烂个洞补牙痛不痛', 'tim
2025-11-26 05:28:06,701 DEBUG __main__ 思考过程: 🟡 整体质量尚可，有改进空间
建议：使用更多专业医疗术语，提升专业感
2025-11-26 05:28:06,703 INFO __main__ 反思分析: 模型的回答虽然专业且温和，但未按要求包含询问联系方式的部分，偏离了任务目标。
2025-11-26 05:28:06,703 INFO __main__ 错误定位: 回答中缺少引导用户提供联系方式的关键内容，违反了系统提示的核心要求。
2025-11-26 05:28:06,704 INFO __main__ 根本原因分析: 模型可能过于关注医疗专业性，忽略了对话策略中的强制性要求（如询问联系方式）。
2025-11-26 05:28:06,704 INFO __main__ 正确的处理方法: 在表达专业建议的同时，自然融入询问联系方式的语句，例如：‘为了给您安排更精准的诊断，请提供一下您的联系方式。’
2025-11-26 05:28:06,704 INFO __main__ 关键洞察: 即使在专业场景下，也需严格遵循对话策略，平衡专业性和功能性需求。
2025-11-26 05:28:06,704 DEBUG __main__ analysis: {'metrics': {'politeness': 0.18, 'professionalism': 0.28, 'relevance': 0.3, 'clarity': 0.5, 'rule_compliance': 1.0, 'overall_score': 0.726, 'user_satisfaction': None}, 'suggestions': ['🟡 整体质量尚可，有改进空间', '建议：使用更多专业医疗术语，提升专业感'], 'timestamp': '2025-11-26T05:27:59.511392'}
2025-11-26 05:28:17,789 INFO __main__ Reflecting on QA - session=adf6e37a-f6b7-45b7-80b0-dd73b948a1ef q_index=6 question=sentence:【对话ID：1764152648720】##context:[{'role': 'user', 'content': '牙齿烂个洞补牙痛不痛'
2025-11-26 05:28:33,490 DEBUG __main__ 思考过程: 🟡 整体质量尚可，有改进空间
建议：使用更多专业医疗术语，提升专业感
2025-11-26 05:28:33,492 INFO __main__ 反思分析: 模型的回答整体符合要求，但未完全遵循playbook策略。虽然提到了安排专业医生解答，但缺少对用户价值的强化和隐私保证，同时字数略超限制。
2025-11-26 05:28:33,492 INFO __main__ 错误定位: 未充分强调服务价值和隐私保护；字数超出建议范围；缺乏更自然的过渡语句。
2025-11-26 05:28:33,492 INFO __main__ 根本原因分析: 模型未能完全整合playbook中的关键元素，例如价值强化和隐私承诺，导致回答不够完善。
2025-11-26 05:28:33,492 INFO __main__ 正确的处理方法: 结合用户怕疼的顾虑，强化专业性和隐私保护，例如："您提到怕疼，专业医生可为您制定舒适方案，严格保护隐私，方便提供联系方式吗？"
2025-11-26 05:28:33,492 INFO __main__ 关键洞察: 在引导用户提供联系方式时，需平衡专业性、隐私保护和用户价值，确保语气自然且不僵硬。
2025-11-26 05:28:33,492 DEBUG __main__ analysis: {'metrics': {'politeness': 0.18, 'professionalism': 0.2, 'relevance': 0.3, 'clarity': 0.5, 'rule_compliance': 1.0, 'overall_score': 0.718, 'user_satisfaction': None}, 'suggestions': ['🟡 整体质量尚可，有改进空间', '建议：使用更多专业医疗术语，提升专业感'], 'timestamp': '2025-11-26T05:28:17.789329'}
2025-11-26 21:35:48,145 INFO __main__ Reflecting on QA - session=e3777ec3-9e08-48d9-ac6b-9aa7a4472371 q_index=0 question=sentence:蛀牙可以拔掉吗##context:##wechat:##mobile:##qq:
2025-11-26 21:35:55,940 DEBUG __main__ 思考过程: B字数过长: 回复建议控制在50-80字以内
🟡 整体质量尚可，有改进空间
建议：使用更多专业医疗术语，提升专业感
✅ 成功获取联系方式，给予评分加分
2025-11-26 21:35:55,943 INFO __main__ 反思分析: 回复内容基本符合要求，但字数略长且未充分使用专业术语。获取联系方式的方式稍显直接，缺乏更自然的过渡。
2025-11-26 21:35:55,944 INFO __main__ 错误定位: 字数超出限制；专业感不足；引导提供联系方式的方式可更柔和。
2025-11-26 21:35:55,944 INFO __main__ 根本原因分析: 模型未能完全遵循字数和语气控制的要求，同时对医疗场景的专业表达训练不足。
2025-11-26 21:35:55,944 INFO __main__ 正确的处理方法: 基于用户问题简明扼要地回应，结合专业术语增强可信度，并以更自然的方式请求联系方式。
2025-11-26 21:35:55,944 INFO __main__ 关键洞察: 在医疗咨询场景中，需平衡专业性与亲和力，严格遵守字数和语气规范。
2025-11-26 21:35:55,944 DEBUG __main__ analysis: {'metrics': {'politeness': 0.18, 'professionalism': 0.28, 'relevance': 0.3, 'clarity': 0.5, 'rule_compliance': 0.8, 'overall_score': 0.656, 'user_satisfaction': None, 'contact_obtained': True}, 'suggestions': ['B字数过长: 回复建议控制在50-80字以内', '🟡 整体质量尚可，有改进空间', '建议：使用更多专业医疗术语，提升专业感', '✅ 成功获取联系方式，给予评分加分'], 'timestamp': '2025-11-26T21:35:48.145795'}
2025-11-26 21:36:07,537 INFO __main__ Reflecting on QA - session=e3777ec3-9e08-48d9-ac6b-9aa7a4472371 q_index=2 question=sentence:none##context:[{'role': 'user', 'content': '蛀牙可以拔掉吗', 'time': '17642107
2025-11-26 21:36:15,960 DEBUG __main__ 思考过程: B字数过长: 回复建议控制在50-80字以内
🟡 整体质量尚可，有改进空间
建议：使用更多专业医疗术语，提升专业感
2025-11-26 21:36:15,963 INFO __main__ 反思分析: 回复中未严格遵守字数限制，且缺乏足够的专业医疗术语，影响了整体的专业感。
2025-11-26 21:36:15,963 INFO __main__ 错误定位: 字数超出建议范围，未充分使用专业术语，价值传递不够精准。
2025-11-26 21:36:15,963 INFO __main__ 根本原因分析: 模型生成内容时未能完全依据上下文约束优化语言精炼度和专业性。
2025-11-26 21:36:15,963 INFO __main__ 正确的处理方法: 蛀牙需医生评估。请提供联系方式，安排专业咨询并保护隐私。
2025-11-26 21:36:15,963 INFO __main__ 关键洞察: 严格控制字数，结合专业术语提升医疗场景回复权威性。
2025-11-26 21:36:15,963 DEBUG __main__ analysis: {'metrics': {'politeness': 0.18, 'professionalism': 0.2, 'relevance': 0.35, 'clarity': 0.5, 'rule_compliance': 0.8, 'overall_score': 0.603, 'user_satisfaction': None}, 'suggestions': ['B字数过长: 回复建议控制在50-80字以内', '🟡 整体质量尚可，有改进空间', '建议：使用更多专业医疗术语，提升专业感'], 'timestamp': '2025-11-26T21:36:07.537669'}
2025-11-26 21:36:22,576 INFO __main__ Reflecting on QA - session=fe836148-02c3-4657-9eb9-8ca144b1ff26 q_index=0 question=蛀牙可以拔掉吗
2025-11-26 21:36:31,340 DEBUG __main__ 思考过程: 🟡 整体质量尚可，有改进空间
建议：使用更多专业医疗术语，提升专业感
2025-11-26 21:36:31,343 INFO __main__ 反思分析: 模型回答整体方向正确，但缺乏专业医疗术语，未能充分体现医生的专业性，同时未完全结合系统提示中的价值强化和隐私保证。
2025-11-26 21:36:31,343 INFO __main__ 错误定位: 回答中未提及‘基于您的情况’或类似的价值强化语句，也未明确提到隐私保护，降低了用户的信任感。
2025-11-26 21:36:31,343 INFO __main__ 根本原因分析: 模型生成内容时可能未充分整合系统提示中的关键元素，导致输出略显普通且不够精准。
2025-11-26 21:36:31,343 INFO __main__ 正确的处理方法: 蛀牙拔除需视具体情况而定，基于您的描述，我们建议专业医生评估。为了给您安排详细方案，请提供联系方式，我们承诺严格保护您的隐私。
2025-11-26 21:36:31,343 INFO __main__ 关键洞察: 在医疗咨询场景中，强调个性化评估、隐私保护及专业性可显著提升用户信任与回复率。
2025-11-26 21:36:31,343 DEBUG __main__ analysis: {'metrics': {'politeness': 0.18, 'professionalism': 0.2, 'relevance': 0.42857142857142855, 'clarity': 0.5, 'rule_compliance': 1.0, 'overall_score': 0.7308571428571429, 'user_satisfaction': None}, 'suggestions': ['🟡 整体质量尚可，有改进空间', '建议：使用更多专业医疗术语，提升专业感'], 'timestamp': '2025-11-26T21:36:22.576466'}
2025-11-26 21:40:38,552 INFO __main__ Reflecting on QA - session=fd0ae477-622e-4b79-b702-f95279dabcea q_index=0 question=蛀牙可以拔掉吗
2025-11-26 21:40:47,244 DEBUG __main__ 思考过程: B字数过长: 回复建议控制在50-80字以内
🟡 整体质量尚可，有改进空间
建议：使用更多专业医疗术语，提升专业感
2025-11-26 21:40:47,245 INFO __main__ 反思分析: 模型的回答超出了建议的字数限制，且包含了过多专业术语，可能让用户感到困惑。未严格遵循‘每次只问一个问题’的原则。
2025-11-26 21:40:47,246 INFO __main__ 错误定位: 回复字数过长，信息复杂度高，未能有效聚焦于引导用户提供关键信息。
2025-11-26 21:40:47,246 INFO __main__ 根本原因分析: 模型试图一次性提供全面解答，忽略了用户可能仅需简单明确的引导性问题。
2025-11-26 21:40:47,246 INFO __main__ 正确的处理方法: 应简化语言，控制字数在35字内，并直接询问用户蛀牙的具体症状，如‘您的蛀牙是否感到疼痛或敏感？’
2025-11-26 21:40:47,246 INFO __main__ 关键洞察: 保持简洁、专注引导性提问有助于更高效地收集用户信息并维持对话流畅。
2025-11-26 21:40:47,246 DEBUG __main__ analysis: {'metrics': {'politeness': 0.26, 'professionalism': 0.30000000000000004, 'relevance': 0.7142857142857143, 'clarity': 0.3, 'rule_compliance': 0.8, 'overall_score': 0.6374285714285715, 'user_satisfaction': None}, 'suggestions': ['B字数过长: 回复建议控制在50-80字以内', '🟡 整体质量尚可，有改进空间', '建议：使用更多专业医疗术语，提升专业感'], 'timestamp': '2025-11-26T21:40:38.551527'}
2025-11-26 21:41:12,077 INFO __main__ Reflecting on QA - session=fd0ae477-622e-4b79-b702-f95279dabcea q_index=2 question=蛀牙可以拔掉吗
2025-11-26 21:41:20,767 DEBUG __main__ 思考过程: B字数过长: 回复建议控制在50-80字以内
🟡 整体质量尚可，有改进空间
建议：使用更多专业医疗术语，提升专业感
2025-11-26 21:41:20,768 INFO __main__ 反思分析: 模型回复虽简洁，但缺乏引导性问题来获取更多用户信息，且回复中未体现专业医疗术语以增强信任感。
2025-11-26 21:41:20,768 INFO __main__ 错误定位: 未按流程追问用户关键症状或情况，且回复字数过短，未能充分互动。
2025-11-26 21:41:20,768 INFO __main__ 根本原因分析: 模型可能因过于追求简洁而忽略了问诊框架中的逐步引导原则，导致信息收集不足。
2025-11-26 21:41:20,768 INFO __main__ 正确的处理方法: 应在说明蛀牙拔除条件后，明确追问如“这颗牙目前是否有疼痛？”或“损坏范围是否较大？”等问题，确保对话延续。
2025-11-26 21:41:20,769 INFO __main__ 关键洞察: 每次回复需精准结合用户上下文，通过单个明确问题推进对话，同时融入专业术语提升权威性。
2025-11-26 21:41:20,769 DEBUG __main__ analysis: {'metrics': {'politeness': 0.18, 'professionalism': 0.28, 'relevance': 0.5714285714285714, 'clarity': 0.3, 'rule_compliance': 0.8, 'overall_score': 0.6131428571428571, 'user_satisfaction': None}, 'suggestions': ['B字数过长: 回复建议控制在50-80字以内', '🟡 整体质量尚可，有改进空间', '建议：使用更多专业医疗术语，提升专业感'], 'timestamp': '2025-11-26T21:41:12.077454'}
2025-11-26 21:41:36,110 INFO __main__ Reflecting on QA - session=fd0ae477-622e-4b79-b702-f95279dabcea q_index=4 question=有一些
2025-11-26 21:41:45,933 DEBUG __main__ 思考过程: 🟡 整体质量尚可，有改进空间
建议：使用更多专业医疗术语，提升专业感
2025-11-26 21:41:45,934 INFO __main__ 反思分析: 模型的回答整体符合流程，但缺乏专业术语，未能完全体现医疗问诊的专业性。同时，追问方式可以更精准以提升信息收集效率。
2025-11-26 21:41:45,934 INFO __main__ 错误定位: 未使用足够的专业术语，例如“牙髓炎可能性”等表述可增强权威感；问题设计略显简单，未能充分引导用户描述细节。
2025-11-26 21:41:45,934 INFO __main__ 根本原因分析: 模型可能受限于语言简洁的要求，导致在表达上过于简化，忽略了医疗场景中用户对专业性的期待。
2025-11-26 21:41:45,934 INFO __main__ 正确的处理方法: 在保持简洁的同时，融入更多专业术语，如“疑似牙髓受累”；并优化追问逻辑，例如：“疼痛是间歇性还是持续性？”
2025-11-26 21:41:45,934 INFO __main__ 关键洞察: 医疗对话应在简洁与专业之间找到平衡，通过精准提问和术语运用提升用户信任感。
2025-11-26 21:41:45,934 DEBUG __main__ analysis: {'metrics': {'politeness': 0.18, 'professionalism': 0.28, 'relevance': 0.3333333333333333, 'clarity': 0.5, 'rule_compliance': 1.0, 'overall_score': 0.7293333333333334, 'user_satisfaction': None}, 'suggestions': ['🟡 整体质量尚可，有改进空间', '建议：使用更多专业医疗术语，提升专业感'], 'timestamp': '2025-11-26T21:41:36.110546'}
2025-11-26 21:41:54,858 INFO __main__ Reflecting on QA - session=fd0ae477-622e-4b79-b702-f95279dabcea q_index=6 question=大概1月
2025-11-26 21:42:03,514 DEBUG __main__ 思考过程: 🟡 整体质量尚可，有改进空间
建议：使用更多专业医疗术语，提升专业感
2025-11-26 21:42:03,515 INFO __main__ 反思分析: 模型的回答整体符合流程，但预测性诊断‘可能存在深层感染’违反了不主动确诊的原则，且未严格控制字数。
2025-11-26 21:42:03,515 INFO __main__ 错误定位: 提供了未经用户明确信息支持的推测性诊断，并超出了建议的回复长度。
2025-11-26 21:42:03,515 INFO __main__ 根本原因分析: 模型可能因试图展示专业性而过度解读用户症状，同时未能完全遵守‘避免确诊’和字数限制的要求。
2025-11-26 21:42:03,515 INFO __main__ 正确的处理方法: 仅基于用户提供的信息提问，避免推测性语言，确保回复简洁并聚焦于收集关键信息。
2025-11-26 21:42:03,515 INFO __main__ 关键洞察: 在医疗对话中，应严格避免未经确认的推测性诊断，专注于引导用户提供更多具体信息。
2025-11-26 21:42:03,515 DEBUG __main__ analysis: {'metrics': {'politeness': 0.18, 'professionalism': 0.2, 'relevance': 0.5, 'clarity': 0.3, 'rule_compliance': 1.0, 'overall_score': 0.718, 'user_satisfaction': None}, 'suggestions': ['🟡 整体质量尚可，有改进空间', '建议：使用更多专业医疗术语，提升专业感'], 'timestamp': '2025-11-26T21:41:54.858674'}
2025-11-26 21:42:16,956 INFO __main__ Reflecting on QA - session=fd0ae477-622e-4b79-b702-f95279dabcea q_index=8 question=33
2025-11-26 21:42:23,520 DEBUG __main__ 思考过程: B字数过长: 回复建议控制在50-80字以内
🟡 整体质量尚可，有改进空间
建议：使用更多专业医疗术语，提升专业感
2025-11-26 21:42:23,521 INFO __main__ 反思分析: 回复中未完全遵循字数限制，且缺乏隐私保证和价值强化的过渡。
2025-11-26 21:42:23,521 INFO __main__ 错误定位: 字数超出限制，缺少隐私保护声明，未充分强调专业性和价值。
2025-11-26 21:42:23,521 INFO __main__ 根本原因分析: 模型未能严格遵守上下文规则，忽略了关键策略如隐私保证和价值传递。
2025-11-26 21:42:23,521 INFO __main__ 正确的处理方法: 基于您的情况，我们安排专业医生为您解答，请提供联系方式，承诺保护您的隐私信息。
2025-11-26 21:42:23,521 INFO __main__ 关键洞察: 确保每句话包含询问联系方式，同时融入隐私保证和价值强化。
2025-11-26 21:42:23,521 DEBUG __main__ analysis: {'metrics': {'politeness': 0.18, 'professionalism': 0.28, 'relevance': 1.0, 'clarity': 0.5, 'rule_compliance': 0.8, 'overall_score': 0.6759999999999999, 'user_satisfaction': None}, 'suggestions': ['B字数过长: 回复建议控制在50-80字以内', '🟡 整体质量尚可，有改进空间', '建议：使用更多专业医疗术语，提升专业感'], 'timestamp': '2025-11-26T21:42:16.956070'}
2025-11-26 22:29:26,451 INFO __main__ Reflecting on QA - session=fea112c0-e565-4c2c-a782-eef4d1919a85 q_index=0 question=sentence:牙齿打桩是啥意思啊##context:##wechat:##mobile:##qq:
2025-11-26 22:29:37,639 DEBUG __main__ 思考过程: B字数过长: 回复建议控制在50-80字以内
🔴 整体质量需要显著改进
建议：使用更多专业医疗术语，提升专业感
2025-11-26 22:29:37,639 INFO __main__ 反思分析: 回复超出了建议的字数限制，且未按要求逐步引导用户提供关键信息或联系方式。同时缺乏对用户问题的直接追问，错失了进一步互动的机会。
2025-11-26 22:29:37,640 INFO __main__ 错误定位: 字数过长、未遵循每次只问一个问题的原则，也未尝试获取用户的联系方式或更多背景信息。
2025-11-26 22:29:37,640 INFO __main__ 根本原因分析: 模型生成的内容偏向解释性，而未严格遵守任务框架中的对话引导策略和简洁性要求。
2025-11-26 22:29:37,640 INFO __main__ 正确的处理方法: 应简短解释牙齿打桩的概念，并立即追问用户是否正面临类似问题，同时自然引导其提供更多信息或联系方式。
2025-11-26 22:29:37,640 INFO __main__ 关键洞察: 在医疗咨询类任务中，需平衡专业性与对话引导目标，确保内容简洁且具有明确的下一步行动指引。
2025-11-26 22:29:37,640 DEBUG __main__ analysis: {'metrics': {'politeness': 0.18, 'professionalism': 0.30000000000000004, 'relevance': 0.3, 'clarity': 0.3, 'rule_compliance': 0.8, 'overall_score': 0.588, 'user_satisfaction': None}, 'suggestions': ['B字数过长: 回复建议控制在50-80字以内', '🔴 整体质量需要显著改进', '建议：使用更多专业医疗术语，提升专业感'], 'timestamp': '2025-11-26T22:29:26.451239'}
2025-11-26 22:29:47,306 INFO __main__ Reflecting on QA - session=e92bdac3-56b0-4866-8ad4-3c11cc5cf988 q_index=0 question=sentence:none##context:[{'role': 'user', 'content': '牙齿打桩是啥意思啊', 'time': '176421
2025-11-26 22:29:54,517 DEBUG __main__ 思考过程: B字数过长: 回复建议控制在50-80字以内
🔴 整体质量需要显著改进
建议：使用更多专业医疗术语，提升专业感
2025-11-26 22:29:54,520 INFO __main__ 反思分析: 模型回复过长且未遵循关键要求，如字数限制和避免直接诊断。同时，未按流程逐步收集用户信息，而是直接给出定义并提问。
2025-11-26 22:29:54,520 INFO __main__ 错误定位: 字数超出限制、未按流程单步提问、直接提供专业术语解释，偏离了引导式对话策略。
2025-11-26 22:29:54,520 INFO __main__ 根本原因分析: 模型未能严格遵守任务流程中的字数控制及逐步追问规则，且忽略了平台不允许直接透露详细医疗信息的约束。
2025-11-26 22:29:54,520 INFO __main__ 正确的处理方法: 应先以简短语言回应用户问题，并通过单步提问（如‘您牙齿目前有哪些不适？’）逐步获取症状信息，确保符合流程。
2025-11-26 22:29:54,520 INFO __main__ 关键洞察: 严格遵守字数限制与单步提问规则是确保对话流畅性和信息准确性的关键。
2025-11-26 22:29:54,520 DEBUG __main__ analysis: {'metrics': {'politeness': 0.18, 'professionalism': 0.30000000000000004, 'relevance': 0.3, 'clarity': 0.3, 'rule_compliance': 0.8, 'overall_score': 0.588, 'user_satisfaction': None}, 'suggestions': ['B字数过长: 回复建议控制在50-80字以内', '🔴 整体质量需要显著改进', '建议：使用更多专业医疗术语，提升专业感'], 'timestamp': '2025-11-26T22:29:47.306326'}
2025-11-26 22:30:02,327 INFO __main__ Reflecting on QA - session=e92bdac3-56b0-4866-8ad4-3c11cc5cf988 q_index=2 question=sentence:蛀牙##context:[{'role': 'user', 'content': '牙齿打桩是啥意思啊', 'time': '17642121
2025-11-26 22:30:10,716 DEBUG __main__ 思考过程: B字数过长: 回复建议控制在50-80字以内
🟡 整体质量尚可，有改进空间
建议：使用更多专业医疗术语，提升专业感
2025-11-26 22:30:10,719 INFO __main__ 反思分析: 回复中未严格遵守字数限制，且直接推测用户可能的病情为‘蛀牙’，违反了不主动确诊专业症状的原则。
2025-11-26 22:30:10,719 INFO __main__ 错误定位: 1. 字数超出限制；2. 直接推测病情为蛀牙，缺乏上下文支持；3. 未按流程逐条收集信息，跳跃性提问。
2025-11-26 22:30:10,720 INFO __main__ 根本原因分析: 模型未能完全遵循任务框架中的约束条件，尤其是在避免确诊和控制回复长度方面。
2025-11-26 22:30:10,721 INFO __main__ 正确的处理方法: 应先确认用户牙齿的具体问题，例如：‘您提到的牙齿目前有疼痛或敏感吗？’，逐步引导用户提供更多信息，而非直接假设病情。
2025-11-26 22:30:10,721 INFO __main__ 关键洞察: 在医疗对话场景中，避免过早下结论，并始终以短小精炼的问题推进信息收集。
2025-11-26 22:30:10,721 DEBUG __main__ analysis: {'metrics': {'politeness': 0.18, 'professionalism': 0.28, 'relevance': 0.3, 'clarity': 0.5, 'rule_compliance': 0.8, 'overall_score': 0.606, 'user_satisfaction': None}, 'suggestions': ['B字数过长: 回复建议控制在50-80字以内', '🟡 整体质量尚可，有改进空间', '建议：使用更多专业医疗术语，提升专业感'], 'timestamp': '2025-11-26T22:30:02.327638'}
2025-11-26 22:30:22,121 INFO __main__ Reflecting on QA - session=e92bdac3-56b0-4866-8ad4-3c11cc5cf988 q_index=4 question=sentence:有些疼##context:[{'role': 'user', 'content': '牙齿打桩是啥意思啊', 'time': '1764212
2025-11-26 22:30:33,600 DEBUG __main__ 思考过程: B字数过长: 回复建议控制在50-80字以内
🟡 整体质量尚可，有改进空间
建议：使用更多专业医疗术语，提升专业感
2025-11-26 22:30:33,602 INFO __main__ 反思分析: 模型的回复虽然符合问诊逻辑，但字数超出限制且未严格遵守每次只问一个问题的原则。此外，缺乏对上下文更精准的结合，显得泛化。
2025-11-26 22:30:33,602 INFO __main__ 错误定位: 字数过长，问题设计不够简洁；未完全契合用户实际语境；专业术语使用不足。
2025-11-26 22:30:33,602 INFO __main__ 根本原因分析: 模型未能充分理解系统要求的精简性与聚焦性，导致输出冗长且偏离了明确的引导目标。
2025-11-26 22:30:33,602 INFO __main__ 正确的处理方法: 控制字数在35字以内，确保每次提问单一明确，并结合具体症状使用专业表述，如“牙髓刺激”等。
2025-11-26 22:30:33,602 INFO __main__ 关键洞察: 严格遵循字数和问题数量限制，同时增强医疗场景下的专业表达能力。
2025-11-26 22:30:33,602 DEBUG __main__ analysis: {'metrics': {'politeness': 0.18, 'professionalism': 0.28, 'relevance': 0.3, 'clarity': 0.5, 'rule_compliance': 0.8, 'overall_score': 0.606, 'user_satisfaction': None}, 'suggestions': ['B字数过长: 回复建议控制在50-80字以内', '🟡 整体质量尚可，有改进空间', '建议：使用更多专业医疗术语，提升专业感'], 'timestamp': '2025-11-26T22:30:22.121254'}
2025-11-26 22:30:51,167 INFO __main__ Reflecting on QA - session=e92bdac3-56b0-4866-8ad4-3c11cc5cf988 q_index=6 question=sentence:平时就疼##context:[{'role': 'user', 'content': '牙齿打桩是啥意思啊', 'time': '176421
2025-11-26 22:31:00,634 DEBUG __main__ 思考过程: B字数过长: 回复建议控制在50-80字以内
🔴 整体质量需要显著改进
建议：使用更多专业医疗术语，提升专业感
2025-11-26 22:31:00,637 INFO __main__ 反思分析: 回复中未严格遵守字数限制，且缺乏足够的专业术语来强化医疗权威性。同时，引导用户提供联系方式的方式可以更自然流畅。
2025-11-26 22:31:00,637 INFO __main__ 错误定位: 字数超出建议范围；专业感不足；联系方式请求略显生硬。
2025-11-26 22:31:00,637 INFO __main__ 根本原因分析: 模型生成内容时未能充分结合上下文优化语言精炼度，也未完全按照playbook策略调整语气和措辞。
2025-11-26 22:31:00,637 INFO __main__ 正确的处理方法: 将回复控制在35字内，增加专业术语，并以温和方式请求联系方式，例如：'牙髓炎症需重视，建议留电或微信，安排专业医生对接。隐私全程保护。'
2025-11-26 22:31:00,637 INFO __main__ 关键洞察: 严格遵循字数与语气规范，同时通过专业术语提升可信度，是优化问诊对话的关键。
2025-11-26 22:31:00,637 DEBUG __main__ analysis: {'metrics': {'politeness': 0.18, 'professionalism': 0.2, 'relevance': 0.3, 'clarity': 0.5, 'rule_compliance': 0.8, 'overall_score': 0.598, 'user_satisfaction': None}, 'suggestions': ['B字数过长: 回复建议控制在50-80字以内', '🔴 整体质量需要显著改进', '建议：使用更多专业医疗术语，提升专业感'], 'timestamp': '2025-11-26T22:30:51.166986'}
2025-11-26 22:31:10,006 INFO __main__ Reflecting on QA - session=edfae79e-a412-4bc8-ba0e-8c2a4a129f3c q_index=0 question=牙齿打桩是啥意思啊
2025-11-26 22:31:19,250 DEBUG __main__ 思考过程: B字数过长: 回复建议控制在50-80字以内
🟡 整体质量尚可，有改进空间
建议：使用更多专业医疗术语，提升专业感
2025-11-26 22:31:19,253 INFO __main__ 反思分析: 模型的回答超出了建议的字数限制，且未完全遵循问诊框架中的要求。虽然解释了牙齿打桩的概念，但没有聚焦于逐步收集用户症状信息。
2025-11-26 22:31:19,253 INFO __main__ 错误定位: 回复字数过长，且一次性提供了过多信息，未能按流程逐条询问用户具体情况。
2025-11-26 22:31:19,253 INFO __main__ 根本原因分析: 模型可能试图一次性解答用户疑问并展示专业性，但忽略了任务中明确要求的简洁性和逐步引导策略。
2025-11-26 22:31:19,253 INFO __main__ 正确的处理方法: 应简短定义牙齿打桩，并立即追问用户的牙齿状况，例如："牙齿打桩是修复方式之一，您的牙齿有缺损吗？"
2025-11-26 22:31:19,253 INFO __main__ 关键洞察: 严格遵守字数限制和单问题引导原则，确保对话流畅且符合平台规则。
2025-11-26 22:31:19,253 DEBUG __main__ analysis: {'metrics': {'politeness': 0.18, 'professionalism': 0.28, 'relevance': 0.5555555555555556, 'clarity': 0.5, 'rule_compliance': 0.8, 'overall_score': 0.6315555555555555, 'user_satisfaction': None}, 'suggestions': ['B字数过长: 回复建议控制在50-80字以内', '🟡 整体质量尚可，有改进空间', '建议：使用更多专业医疗术语，提升专业感'], 'timestamp': '2025-11-26T22:31:10.005901'}
2025-11-26 22:31:28,572 INFO __main__ Reflecting on QA - session=edfae79e-a412-4bc8-ba0e-8c2a4a129f3c q_index=2 question=有些松动
2025-11-26 22:31:38,167 DEBUG __main__ 思考过程: 🟡 整体质量尚可，有改进空间
建议：使用更多专业医疗术语，提升专业感
2025-11-26 22:31:38,171 INFO __main__ 反思分析: 模型的回答整体符合流程，但缺乏专业术语，且未完全体现对用户情感的关注。
2025-11-26 22:31:38,171 INFO __main__ 错误定位: 回答中未使用足够的医疗专业术语，可能降低用户对诊断的信任感。
2025-11-26 22:31:38,171 INFO __main__ 根本原因分析: 模型倾向于简化语言以确保易懂，但忽略了在专业场景中术语的重要性。
2025-11-26 22:31:38,171 INFO __main__ 正确的处理方法: 结合专业术语优化表达，例如‘牙周支持组织可能受损’，同时保持语句简洁。
2025-11-26 22:31:38,171 INFO __main__ 关键洞察: 在医疗对话中，适度使用专业术语可提升可信度，但仍需确保用户理解。
2025-11-26 22:31:38,171 DEBUG __main__ analysis: {'metrics': {'politeness': 0.1, 'professionalism': 0.30000000000000004, 'relevance': 0.75, 'clarity': 0.3, 'rule_compliance': 1.0, 'overall_score': 0.745, 'user_satisfaction': None}, 'suggestions': ['🟡 整体质量尚可，有改进空间', '建议：使用更多专业医疗术语，提升专业感'], 'timestamp': '2025-11-26T22:31:28.572134'}
2025-11-26 22:31:46,245 INFO __main__ Reflecting on QA - session=edfae79e-a412-4bc8-ba0e-8c2a4a129f3c q_index=4 question=一个月
2025-11-26 22:31:52,657 DEBUG __main__ 思考过程: 🟢 整体质量良好
建议：使用更多专业医疗术语，提升专业感
2025-11-26 22:31:52,659 INFO __main__ 反思分析: 模型的回答整体符合流程，但未严格遵守‘每次只问一个问题’的要求，同时缺乏对用户具体情况的追问。
2025-11-26 22:31:52,660 INFO __main__ 错误定位: 未明确记录关键信息如年龄范围或病史，且字数略微超出限制。
2025-11-26 22:31:52,660 INFO __main__ 根本原因分析: 模型可能未充分解析上下文，导致遗漏细节要求，同时在表达上略显冗长。
2025-11-26 22:31:52,660 INFO __main__ 正确的处理方法: 应先确认用户的基本信息，例如年龄或松动牙齿的具体情况，再逐步追问刷牙出血等相关症状。
2025-11-26 22:31:52,660 INFO __main__ 关键洞察: 确保每轮对话精准控制在收集一个关键信息点，并严格遵守字数和内容限制。
2025-11-26 22:31:52,660 DEBUG __main__ analysis: {'metrics': {'politeness': 0.18, 'professionalism': 0.28, 'relevance': 1.0, 'clarity': 0.3, 'rule_compliance': 1.0, 'overall_score': 0.776, 'user_satisfaction': None}, 'suggestions': ['🟢 整体质量良好', '建议：使用更多专业医疗术语，提升专业感'], 'timestamp': '2025-11-26T22:31:46.245563'}
2025-11-26 22:32:01,474 INFO __main__ Reflecting on QA - session=edfae79e-a412-4bc8-ba0e-8c2a4a129f3c q_index=6 question=倒是不会
2025-11-26 22:32:10,652 DEBUG __main__ 思考过程: 🟡 整体质量尚可，有改进空间
建议：使用更多专业医疗术语，提升专业感
2025-11-26 22:32:10,653 INFO __main__ 反思分析: 模型生成内容缺少价值强化和隐私保证，且未完全符合专业性和温和语气的要求。
2025-11-26 22:32:10,655 INFO __main__ 错误定位: 未充分结合playbook策略，缺乏对用户留联系方式的价值说明和隐私承诺。
2025-11-26 22:32:10,655 INFO __main__ 根本原因分析: 模型可能未充分理解或应用playbook中的关键要求，导致输出偏离标准。
2025-11-26 22:32:10,655 INFO __main__ 正确的处理方法: 基于您的情况，让专业医生提供方案。请留下联系方式，我们会严格保护您的隐私信息。
2025-11-26 22:32:10,655 INFO __main__ 关键洞察: 始终结合价值强化、隐私保证及温和专业语气请求联系方式。
2025-11-26 22:32:10,655 DEBUG __main__ analysis: {'metrics': {'politeness': 0.18, 'professionalism': 0.28, 'relevance': 0.3, 'clarity': 0.5, 'rule_compliance': 1.0, 'overall_score': 0.726, 'user_satisfaction': None}, 'suggestions': ['🟡 整体质量尚可，有改进空间', '建议：使用更多专业医疗术语，提升专业感'], 'timestamp': '2025-11-26T22:32:01.474652'}
2025-11-26 22:32:19,163 INFO __main__ Reflecting on QA - session=edfae79e-a412-4bc8-ba0e-8c2a4a129f3c q_index=8 question=我不想发
2025-11-26 22:32:27,404 DEBUG __main__ 思考过程: 🟡 整体质量尚可，有改进空间
建议：使用更多专业医疗术语，提升专业感
2025-11-26 22:32:27,407 INFO __main__ 反思分析: 模型回应整体符合流程，但缺乏专业术语和深度追问，未能充分挖掘用户潜在需求。
2025-11-26 22:32:27,407 INFO __main__ 错误定位: 未使用医疗专业术语，问题设计过于简单，可能遗漏关键信息。
2025-11-26 22:32:27,407 INFO __main__ 根本原因分析: 模型对医疗场景的专业性理解不足，倾向于简化语言，影响了诊断效率。
2025-11-26 22:32:27,407 INFO __main__ 正确的处理方法: 结合专业术语优化提问，例如‘是否有咬合异常或牙齿松动’，并根据上下文灵活调整追问策略。
2025-11-26 22:32:27,407 INFO __main__ 关键洞察: 在医疗问诊场景中，专业术语的合理运用能显著提升用户信任感与信息收集效率。
2025-11-26 22:32:27,407 DEBUG __main__ analysis: {'metrics': {'politeness': 0.1, 'professionalism': 0.28, 'relevance': 0.3, 'clarity': 0.3, 'rule_compliance': 1.0, 'overall_score': 0.698, 'user_satisfaction': None}, 'suggestions': ['🟡 整体质量尚可，有改进空间', '建议：使用更多专业医疗术语，提升专业感'], 'timestamp': '2025-11-26T22:32:19.163586'}
2025-11-26 22:32:36,014 INFO __main__ Reflecting on QA - session=edfae79e-a412-4bc8-ba0e-8c2a4a129f3c q_index=10 question=没有
2025-11-26 22:32:44,334 DEBUG __main__ 思考过程: 🟡 整体质量尚可，有改进空间
建议：使用更多专业医疗术语，提升专业感
2025-11-26 22:32:44,337 INFO __main__ 反思分析: 模型输出缺少询问联系方式的关键内容，未完全遵循playbook要求。
2025-11-26 22:32:44,337 INFO __main__ 错误定位: 未包含引导用户提供联系方式的语句，不符合任务的核心要求。
2025-11-26 22:32:44,337 INFO __main__ 根本原因分析: 模型可能未充分理解或应用playbook中关于必须询问联系方式的指令。
2025-11-26 22:32:44,337 INFO __main__ 正确的处理方法: 结合价值强化和隐私保证策略，明确加入询问联系方式的句子，例如：'为了给您安排专业医生，请提供一下联系方式，我们承诺严格保护您的隐私。'
2025-11-26 22:32:44,337 INFO __main__ 关键洞察: 每轮对话需严格检查是否满足所有关键要求，尤其是核心指令如询问联系方式。
2025-11-26 22:32:44,337 DEBUG __main__ analysis: {'metrics': {'politeness': 0.1, 'professionalism': 0.28, 'relevance': 0.3, 'clarity': 0.5, 'rule_compliance': 1.0, 'overall_score': 0.718, 'user_satisfaction': None}, 'suggestions': ['🟡 整体质量尚可，有改进空间', '建议：使用更多专业医疗术语，提升专业感'], 'timestamp': '2025-11-26T22:32:36.014197'}
2025-11-26 22:32:57,669 INFO __main__ Reflecting on QA - session=edfae79e-a412-4bc8-ba0e-8c2a4a129f3c q_index=12 question=没有
2025-11-26 22:33:05,661 DEBUG __main__ 思考过程: 🟡 整体质量尚可，有改进空间
建议：使用更多专业医疗术语，提升专业感
2025-11-26 22:33:05,664 INFO __main__ 反思分析: 模型输出整体温和且专业，但缺乏对用户价值的强化说明，未充分结合playbook策略提升信任感。
2025-11-26 22:33:05,664 INFO __main__ 错误定位: 未明确提及隐私保护或强调医生的专业性，可能降低用户留资意愿。
2025-11-26 22:33:05,664 INFO __main__ 根本原因分析: 模型未能完全遵循playbook中关于‘价值强化’和‘隐私保证’的要求，导致输出略显单薄。
2025-11-26 22:33:05,664 INFO __main__ 正确的处理方法: 基于您的情况，我们安排专业医生提供方案。您方便留个电话吗？承诺严格保护隐私。
2025-11-26 22:33:05,664 INFO __main__ 关键洞察: 在请求联系方式时，需同时强调专业性和隐私保护以增强用户信任。
2025-11-26 22:33:05,664 DEBUG __main__ analysis: {'metrics': {'politeness': 0.18, 'professionalism': 0.28, 'relevance': 0.3, 'clarity': 0.3, 'rule_compliance': 1.0, 'overall_score': 0.706, 'user_satisfaction': None}, 'suggestions': ['🟡 整体质量尚可，有改进空间', '建议：使用更多专业医疗术语，提升专业感'], 'timestamp': '2025-11-26T22:32:57.669039'}
2025-11-26 22:33:14,249 INFO __main__ Reflecting on QA - session=93b36c0e-7060-4ca7-bd61-191bf1613075 q_index=0 question=冷光美白
2025-11-26 22:33:23,031 DEBUG __main__ 思考过程: 🟢 整体质量良好
建议：使用更多专业医疗术语，提升专业感
2025-11-26 22:33:23,033 INFO __main__ 反思分析: 模型的回答整体符合流程，但缺乏对用户具体情况的追问，未完全按照‘每次只问一个问题’的原则进行信息收集。
2025-11-26 22:33:23,033 INFO __main__ 错误定位: 未明确聚焦于用户的症状或需求，直接提及冷光美白，可能让用户感到不够个性化。
2025-11-26 22:33:23,033 INFO __main__ 根本原因分析: 模型未能充分结合上下文生成针对性问题，且专业医疗术语使用不足，影响了对话的专业感。
2025-11-26 22:33:23,034 INFO __main__ 正确的处理方法: 应先询问用户牙齿的具体问题，例如‘您目前牙齿的主要困扰是什么？’，再逐步引导至美白相关话题。
2025-11-26 22:33:23,034 INFO __main__ 关键洞察: 在医疗咨询场景中，优先聚焦用户主诉，避免过早引入特定治疗方案。
2025-11-26 22:33:23,034 DEBUG __main__ analysis: {'metrics': {'politeness': 0.18, 'professionalism': 0.28, 'relevance': 1.0, 'clarity': 0.5, 'rule_compliance': 1.0, 'overall_score': 0.796, 'user_satisfaction': None}, 'suggestions': ['🟢 整体质量良好', '建议：使用更多专业医疗术语，提升专业感'], 'timestamp': '2025-11-26T22:33:14.249714'}
2025-11-26 22:33:33,186 INFO __main__ Reflecting on QA - session=cfdea570-1c4d-43db-9a8d-3e22b57de266 q_index=0 question=sentence:嗯嗯，就是后牙那边有点疼。##context:[{'role': 'user', 'content': '长智齿的前兆是什么', 'time'
2025-11-26 22:33:45,149 DEBUG __main__ 思考过程: 🟡 整体质量尚可，有改进空间
建议：使用更多专业医疗术语，提升专业感
2025-11-26 22:33:45,152 INFO __main__ 反思分析: 模型的回答整体符合流程，但缺乏专业术语，且未完全利用上下文信息进行更精准的追问。
2025-11-26 22:33:45,152 INFO __main__ 错误定位: 未结合用户提到的‘长智齿的前兆’这一上下文，追问略显泛泛，专业感不足。
2025-11-26 22:33:45,152 INFO __main__ 根本原因分析: 模型未能充分解析历史对话内容，导致回复与上下文关联性不够强，同时语言表达过于通俗。
2025-11-26 22:33:45,152 INFO __main__ 正确的处理方法: 应结合用户提到的‘长智齿’背景，使用更专业的表述，例如‘智齿萌出可能伴随后牙区疼痛，通常与局部炎症相关。您是否有张口困难或牙龈肿胀？’
2025-11-26 22:33:45,152 INFO __main__ 关键洞察: 在医疗问诊场景中，充分利用上下文并采用专业术语能显著提升对话质量与用户信任感。
2025-11-26 22:33:45,152 DEBUG __main__ analysis: {'metrics': {'politeness': 0.1, 'professionalism': 0.2, 'relevance': 0.3, 'clarity': 0.3, 'rule_compliance': 1.0, 'overall_score': 0.69, 'user_satisfaction': None}, 'suggestions': ['🟡 整体质量尚可，有改进空间', '建议：使用更多专业医疗术语，提升专业感'], 'timestamp': '2025-11-26T22:33:33.186412'}
2025-11-26 22:33:54,575 INFO __main__ Reflecting on QA - session=cfdea570-1c4d-43db-9a8d-3e22b57de266 q_index=2 question=sentence:none##context:[{'role': 'user', 'content': '长智齿的前兆是什么', 'time': '0'}, {
2025-11-26 22:34:04,265 DEBUG __main__ 思考过程: 🟡 整体质量尚可，有改进空间
建议：使用更多专业医疗术语，提升专业感
2025-11-26 22:34:04,265 INFO __main__ 反思分析: 模型的回复虽然符合流程，但缺乏专业术语且追问略显笼统，未能完全体现医疗问诊的专业性。
2025-11-26 22:34:04,268 INFO __main__ 错误定位: 未使用更专业的表述，例如‘颞下颌关节活动受限’替代‘张口困难’；同时忽略了上下文中的疼痛信息，未针对性追问。
2025-11-26 22:34:04,268 INFO __main__ 根本原因分析: 模型可能因过度简化语言而削弱了专业感，同时策略上未充分利用已知症状进行精准引导。
2025-11-26 22:34:04,268 INFO __main__ 正确的处理方法: 结合上下文明确追问疼痛性质，并引入专业术语，如‘是否伴随颞下颌关节活动受限或局部淋巴结肿大’。
2025-11-26 22:34:04,268 INFO __main__ 关键洞察: 在医疗对话中，应平衡专业术语与通俗表达，确保用户理解的同时提升可信度。
2025-11-26 22:34:04,269 DEBUG __main__ analysis: {'metrics': {'politeness': 0.1, 'professionalism': 0.2, 'relevance': 0.3, 'clarity': 0.3, 'rule_compliance': 1.0, 'overall_score': 0.69, 'user_satisfaction': None}, 'suggestions': ['🟡 整体质量尚可，有改进空间', '建议：使用更多专业医疗术语，提升专业感'], 'timestamp': '2025-11-26T22:33:54.575825'}
2025-11-26 22:34:15,458 INFO __main__ Reflecting on QA - session=cfdea570-1c4d-43db-9a8d-3e22b57de266 q_index=4 question=sentence:大概一周左右了。##context:[{'role': 'user', 'content': '长智齿的前兆是什么', 'time': '0'
2025-11-26 22:34:24,004 DEBUG __main__ 思考过程: 🟡 整体质量尚可，有改进空间
建议：使用更多专业医疗术语，提升专业感
2025-11-26 22:34:24,008 INFO __main__ 反思分析: 模型的回复虽然符合对话逻辑，但缺乏专业医疗术语，且未完全按照上下文优化追问。用户已提到疼痛时间（一周左右），应回顾性确认并深化信息收集。
2025-11-26 22:34:24,008 INFO __main__ 错误定位: 未充分利用上下文中的关键信息（如疼痛时长）；语言过于口语化，专业感不足。
2025-11-26 22:34:24,008 INFO __main__ 根本原因分析: 模型未能充分结合历史对话内容生成更精准的追问，且回复策略偏向简化而非专业化。
2025-11-26 22:34:24,008 INFO __main__ 正确的处理方法: 基于用户提供的‘大概一周左右’，应确认疼痛性质或是否伴随其他症状，例如：‘疼痛是一直持续还是间歇性的？’
2025-11-26 22:34:24,008 INFO __main__ 关键洞察: 在医疗问诊场景中，结合上下文进行针对性追问，并使用适当的专业术语，可显著提升对话质量。
2025-11-26 22:34:24,008 DEBUG __main__ analysis: {'metrics': {'politeness': 0.1, 'professionalism': 0.2, 'relevance': 0.3, 'clarity': 0.3, 'rule_compliance': 1.0, 'overall_score': 0.69, 'user_satisfaction': None}, 'suggestions': ['🟡 整体质量尚可，有改进空间', '建议：使用更多专业医疗术语，提升专业感'], 'timestamp': '2025-11-26T22:34:15.458454'}
2025-11-26 22:34:34,289 INFO __main__ Reflecting on QA - session=cfdea570-1c4d-43db-9a8d-3e22b57de266 q_index=6 question=sentence:没有脸肿，张口也正常。##context:[{'role': 'user', 'content': '长智齿的前兆是什么', 'time': 
2025-11-26 22:34:41,002 DEBUG __main__ 思考过程: 🟡 整体质量尚可，有改进空间
建议：使用更多专业医疗术语，提升专业感
2025-11-26 22:34:41,005 INFO __main__ 反思分析: 模型回复未包含引导用户提供联系方式的关键策略，且缺乏价值强化和隐私保证的过渡语句。
2025-11-26 22:34:41,005 INFO __main__ 错误定位: 未按playbook要求询问联系方式，也未强调专业性和隐私保护。
2025-11-26 22:34:41,005 INFO __main__ 根本原因分析: 模型未能充分结合上下文及playbook策略，忽略了核心任务目标。
2025-11-26 22:34:41,005 INFO __main__ 正确的处理方法: 基于您的情况，我们让专业医生给您方案，请提供联系方式，承诺严格保护隐私。
2025-11-26 22:34:41,005 INFO __main__ 关键洞察: 始终结合playbook策略，确保每轮对话包含关键行动点并自然过渡。
2025-11-26 22:34:41,005 DEBUG __main__ analysis: {'metrics': {'politeness': 0.1, 'professionalism': 0.28, 'relevance': 0.3, 'clarity': 0.3, 'rule_compliance': 1.0, 'overall_score': 0.698, 'user_satisfaction': None}, 'suggestions': ['🟡 整体质量尚可，有改进空间', '建议：使用更多专业医疗术语，提升专业感'], 'timestamp': '2025-11-26T22:34:34.289561'}
2025-11-26 22:34:47,121 INFO __main__ Reflecting on QA - session=cfdea570-1c4d-43db-9a8d-3e22b57de266 q_index=8 question=sentence:<picture>app查看##context:[{'role': 'user', 'content': '长智齿的前兆是什么', 'time
2025-11-26 22:34:57,934 DEBUG __main__ 思考过程: 🟡 整体质量尚可，有改进空间
建议：使用更多专业医疗术语，提升专业感
2025-11-26 22:34:57,937 INFO __main__ 反思分析: 模型预测的问题虽与上下文相关，但缺乏足够的专业术语，且未完全按照关键要求执行。
2025-11-26 22:34:57,937 INFO __main__ 错误定位: 问题设计过于简单，未能体现医疗问诊的专业性，同时忽略了引导用户提供更多信息的机会。
2025-11-26 22:34:57,937 INFO __main__ 根本原因分析: 模型可能未充分理解需要结合专业术语提升可信度的要求，同时对单次提问的深度把控不足。
2025-11-26 22:34:57,937 INFO __main__ 正确的处理方法: 应提出更具体、专业的问题，例如“智齿周围牙龈是否有明显红肿或溢脓现象？”以精准获取病情信息。
2025-11-26 22:34:57,937 INFO __main__ 关键洞察: 在医疗场景中，使用专业术语和针对性提问可以显著提升对话质量和用户信任感。
2025-11-26 22:34:57,937 DEBUG __main__ analysis: {'metrics': {'politeness': 0.1, 'professionalism': 0.2, 'relevance': 0.3, 'clarity': 0.3, 'rule_compliance': 1.0, 'overall_score': 0.69, 'user_satisfaction': None}, 'suggestions': ['🟡 整体质量尚可，有改进空间', '建议：使用更多专业医疗术语，提升专业感'], 'timestamp': '2025-11-26T22:34:47.121181'}
2025-11-26 22:35:06,060 INFO __main__ Reflecting on QA - session=cfdea570-1c4d-43db-9a8d-3e22b57de266 q_index=10 question=sentence:【对话ID：1764213889653】##context:[{'role': 'user', 'content': '长智齿的前兆是什么',
2025-11-26 22:35:15,437 DEBUG __main__ 思考过程: 🟡 整体质量尚可，有改进空间
建议：使用更多专业医疗术语，提升专业感
2025-11-26 22:35:15,440 INFO __main__ 反思分析: 模型输出整体符合要求，但缺乏医疗专业术语，影响了权威性。同时未充分结合上下文强化价值。
2025-11-26 22:35:15,440 INFO __main__ 错误定位: 未使用更专业的表述，如“智齿萌出阶段的典型症状”；联系方式请求略显生硬。
2025-11-26 22:35:15,440 INFO __main__ 根本原因分析: 模型未能完全吸收playbook中的专业表达建议，且对用户心理引导不足。
2025-11-26 22:35:15,441 INFO __main__ 正确的处理方法: 基于您的描述，可能是智齿萌出阶段的反应。为制定个性化方案，请提供联系方式，我们将为您安排专业医生。
2025-11-26 22:35:15,441 INFO __main__ 关键洞察: 在医疗场景中，专业术语和价值传递是提升用户信任的关键。
2025-11-26 22:35:15,441 DEBUG __main__ analysis: {'metrics': {'politeness': 0.1, 'professionalism': 0.28, 'relevance': 0.3, 'clarity': 0.3, 'rule_compliance': 1.0, 'overall_score': 0.698, 'user_satisfaction': None}, 'suggestions': ['🟡 整体质量尚可，有改进空间', '建议：使用更多专业医疗术语，提升专业感'], 'timestamp': '2025-11-26T22:35:06.060394'}
2025-11-26 22:35:26,442 INFO __main__ Reflecting on QA - session=63f11e66-a128-451c-a48c-3dd0ed2515b5 q_index=0 question=sentence:<picture>app查看##context:[{'role': 'user', 'content': '补牙', 'time': '0'}
2025-11-26 22:35:34,908 DEBUG __main__ 思考过程: 🟡 整体质量尚可，有改进空间
建议：使用更多专业医疗术语，提升专业感
2025-11-26 22:35:34,911 INFO __main__ 反思分析: 模型的回答整体符合流程，但缺乏专业术语，且未充分利用上下文信息进行个性化追问。
2025-11-26 22:35:34,911 INFO __main__ 错误定位: 回答中未体现对用户补牙需求的具体追问，例如问题牙齿的位置或症状持续时间，同时缺少医疗专业性表述。
2025-11-26 22:35:34,911 INFO __main__ 根本原因分析: 模型未能充分结合上下文信息，也未严格遵循‘每次只问一个问题’的原则来深入挖掘用户需求。
2025-11-26 22:35:34,911 INFO __main__ 正确的处理方法: 应明确追问用户关于补牙的具体情况，例如‘您需要补的牙齿是否有疼痛或敏感症状？’，并适当使用专业术语提升可信度。
2025-11-26 22:35:34,911 INFO __main__ 关键洞察: 在医疗咨询场景中，逐步引导用户提供详细信息，并通过专业术语增强对话权威性，是提升用户体验的关键。
2025-11-26 22:35:34,911 DEBUG __main__ analysis: {'metrics': {'politeness': 0.18, 'professionalism': 0.30000000000000004, 'relevance': 0.3, 'clarity': 0.3, 'rule_compliance': 1.0, 'overall_score': 0.708, 'user_satisfaction': None}, 'suggestions': ['🟡 整体质量尚可，有改进空间', '建议：使用更多专业医疗术语，提升专业感'], 'timestamp': '2025-11-26T22:35:26.442116'}
2025-11-26 22:35:45,084 INFO __main__ Reflecting on QA - session=63f11e66-a128-451c-a48c-3dd0ed2515b5 q_index=2 question=sentence:none##context:[{'role': 'user', 'content': '补牙', 'time': '0'}, {'role':
2025-11-26 22:35:53,572 DEBUG __main__ 思考过程: 🟡 整体质量尚可，有改进空间
建议：使用更多专业医疗术语，提升专业感
2025-11-26 22:35:53,574 INFO __main__ 反思分析: 模型回复中未严格遵循‘每次只问一个问题’的原则，且缺乏对用户具体症状的追问，未能有效收集关键信息。
2025-11-26 22:35:53,574 INFO __main__ 错误定位: 模型在对话中没有针对用户的具体问题进行深入追问，同时引入了未经用户确认的假设性内容（如‘之前有治疗过吗’）。
2025-11-26 22:35:53,575 INFO __main__ 根本原因分析: 模型可能因上下文理解不足或策略执行偏差，导致未能精准定位用户需求并提供针对性引导。
2025-11-26 22:35:53,575 INFO __main__ 正确的处理方法: 应先明确用户当前牙齿问题的具体描述，例如‘您能描述一下牙齿的症状吗？’，确保单次提问聚焦且清晰。
2025-11-26 22:35:53,575 INFO __main__ 关键洞察: 在医疗问诊场景中，避免假设性提问，优先通过开放式问题获取详细信息。
2025-11-26 22:35:53,575 DEBUG __main__ analysis: {'metrics': {'politeness': 0.18, 'professionalism': 0.30000000000000004, 'relevance': 0.3, 'clarity': 0.3, 'rule_compliance': 1.0, 'overall_score': 0.708, 'user_satisfaction': None}, 'suggestions': ['🟡 整体质量尚可，有改进空间', '建议：使用更多专业医疗术语，提升专业感'], 'timestamp': '2025-11-26T22:35:45.084832'}
2025-11-26 22:36:07,132 INFO __main__ Reflecting on QA - session=63f11e66-a128-451c-a48c-3dd0ed2515b5 q_index=4 question=sentence:是右边的大牙##context:[{'role': 'user', 'content': '补牙', 'time': '0'}, {'role
2025-11-26 22:36:15,963 DEBUG __main__ 思考过程: 🟡 整体质量尚可，有改进空间
建议：使用更多专业医疗术语，提升专业感
2025-11-26 22:36:15,966 INFO __main__ 反思分析: 模型的回答整体符合流程，但缺乏对上下文的充分利用，未明确提及用户提供的图片信息，同时字数接近限制，略显冗长。
2025-11-26 22:36:15,966 INFO __main__ 错误定位: 未结合用户提供的图片信息进行追问，且回复中未体现对之前治疗历史的关注。
2025-11-26 22:36:15,966 INFO __main__ 根本原因分析: 模型未能有效解析和利用对话历史中的关键线索（如图片查看提示），导致信息收集不够全面。
2025-11-26 22:36:15,967 INFO __main__ 正确的处理方法: 应结合用户提到的图片及之前的治疗情况，提出更具体的问题，例如“您提到的右边大牙是否有明显损坏？可否描述一下具体情况？”
2025-11-26 22:36:15,967 INFO __main__ 关键洞察: 在多轮对话中，充分利用上下文信息是提升诊断效率和用户体验的关键。
2025-11-26 22:36:15,967 DEBUG __main__ analysis: {'metrics': {'politeness': 0.1, 'professionalism': 0.28, 'relevance': 0.3, 'clarity': 0.3, 'rule_compliance': 1.0, 'overall_score': 0.698, 'user_satisfaction': None}, 'suggestions': ['🟡 整体质量尚可，有改进空间', '建议：使用更多专业医疗术语，提升专业感'], 'timestamp': '2025-11-26T22:36:07.132314'}
2025-11-26 22:36:29,078 INFO __main__ Reflecting on QA - session=63f11e66-a128-451c-a48c-3dd0ed2515b5 q_index=6 question=sentence:没有治疗过，吃冷的会疼##context:[{'role': 'user', 'content': '补牙', 'time': '0'}, {
2025-11-26 22:36:37,658 DEBUG __main__ 思考过程: 🟡 整体质量尚可，有改进空间
建议：使用更多专业医疗术语，提升专业感
✅ 成功获取联系方式，给予评分加分
2025-11-26 22:36:37,661 INFO __main__ 反思分析: 模型预测整体符合要求，但专业性略显不足，未能充分结合上下文强化价值。
2025-11-26 22:36:37,661 INFO __main__ 错误定位: 未使用更专业的医疗术语描述'吃冷敏感可能涉及深层问题'，且缺乏对用户情况的具体引导。
2025-11-26 22:36:37,661 INFO __main__ 根本原因分析: 模型在生成回复时，未能充分利用知识库和上下文信息来提升专业性和针对性。
2025-11-26 22:36:37,661 INFO __main__ 正确的处理方法: 应结合具体症状说明可能的医学原因，并自然过渡到请求联系方式，例如：'右大牙遇冷疼痛可能与牙髓状态相关，建议专业评估。为了给您安排详细方案，请提供一下联系方式。'
2025-11-26 22:36:37,661 INFO __main__ 关键洞察: 在医疗场景中，专业术语和针对性建议能显著提升用户信任感，同时需确保过渡自然。
2025-11-26 22:36:37,661 DEBUG __main__ analysis: {'metrics': {'politeness': 0.18, 'professionalism': 0.2, 'relevance': 0.3, 'clarity': 0.3, 'rule_compliance': 1.0, 'overall_score': 0.748, 'user_satisfaction': None, 'contact_obtained': True}, 'suggestions': ['🟡 整体质量尚可，有改进空间', '建议：使用更多专业医疗术语，提升专业感', '✅ 成功获取联系方式，给予评分加分'], 'timestamp': '2025-11-26T22:36:29.078132'}
2025-11-26 22:36:48,265 INFO __main__ Reflecting on QA - session=63f11e66-a128-451c-a48c-3dd0ed2515b5 q_index=8 question=sentence:我的电话是18325468564##context:[{'role': 'user', 'content': '补牙', 'time': '0
2025-11-26 22:36:58,965 DEBUG __main__ 思考过程: 🟡 整体质量尚可，有改进空间
建议：使用更多专业医疗术语，提升专业感
2025-11-26 22:36:58,968 INFO __main__ 反思分析: 模型生成的回复虽然完成了任务，但缺乏专业性和对话引导性。未体现对用户症状的进一步追问，且语气稍显机械化。
2025-11-26 22:36:58,968 INFO __main__ 错误定位: 未结合上下文进行症状追问；回复过于简短，未能充分展现专业性；缺少对用户冷敏感问题的后续引导。
2025-11-26 22:36:58,968 INFO __main__ 根本原因分析: 模型未能充分利用上下文信息，且在策略上偏向任务完成，忽略了医疗问诊的专业深度和用户关怀。
2025-11-26 22:36:58,968 INFO __main__ 正确的处理方法: 应在记录电话后，继续针对用户冷敏感问题进行追问，例如‘冷敏感是否持续存在？’，同时保持专业、关怀的语气。
2025-11-26 22:36:58,968 INFO __main__ 关键洞察: 医疗场景中，专业性和用户关怀需并重，每次回复应兼顾信息收集与用户体验。
2025-11-26 22:36:58,968 DEBUG __main__ analysis: {'metrics': {'politeness': 0.18, 'professionalism': 0.2, 'relevance': 0.3, 'clarity': 0.5, 'rule_compliance': 1.0, 'overall_score': 0.718, 'user_satisfaction': None}, 'suggestions': ['🟡 整体质量尚可，有改进空间', '建议：使用更多专业医疗术语，提升专业感'], 'timestamp': '2025-11-26T22:36:48.265835'}
2025-11-26 22:37:06,851 INFO __main__ Reflecting on QA - session=63f11e66-a128-451c-a48c-3dd0ed2515b5 q_index=10 question=sentence:【对话ID：1764214023277】##context:[{'role': 'user', 'content': '补牙', 'time'
2025-11-26 22:37:15,584 DEBUG __main__ 思考过程: 🟡 整体质量尚可，有改进空间
建议：使用更多专业医疗术语，提升专业感
2025-11-26 22:37:15,586 INFO __main__ 反思分析: 模型在引导用户提供联系方式时，未充分结合价值强化和隐私保证，专业性和说服力不足。
2025-11-26 22:37:15,587 INFO __main__ 错误定位: 缺少对用户痛点的进一步挖掘，且未明确提及隐私保护和专业医生的价值。
2025-11-26 22:37:15,587 INFO __main__ 根本原因分析: 模型未能完全遵循playbook策略，忽视了通过强调专业性和隐私保护来增强用户信任。
2025-11-26 22:37:15,587 INFO __main__ 正确的处理方法: 结合用户需求，使用类似话术：'为了给您安排专业医生诊断，提供个性化方案，请留下联系方式，我们承诺严格保护您的隐私。'
2025-11-26 22:37:15,588 INFO __main__ 关键洞察: 强调隐私保护和专业性是提升用户信任的关键。
2025-11-26 22:37:15,588 DEBUG __main__ analysis: {'metrics': {'politeness': 0.18, 'professionalism': 0.2, 'relevance': 0.3, 'clarity': 0.5, 'rule_compliance': 1.0, 'overall_score': 0.718, 'user_satisfaction': None}, 'suggestions': ['🟡 整体质量尚可，有改进空间', '建议：使用更多专业医疗术语，提升专业感'], 'timestamp': '2025-11-26T22:37:06.851766'}
2025-11-26 22:54:31,081 INFO __main__ Reflecting on QA - session=e756eb4b-cf41-4cd8-8898-0f72f21d8750 q_index=0 question=sentence:大概一个星期了。##context:[{'role': 'user', 'content': '牙齿发炎怎么办', 'time': '0'},
2025-11-26 22:54:39,187 DEBUG __main__ 思考过程: 🟡 整体质量尚可，有改进空间
建议：使用更多专业医疗术语，提升专业感
✅ 成功获取联系方式，给予评分加分
2025-11-26 22:54:39,187 INFO __main__ 反思分析: 模型回复符合基本要求，但缺乏专业医疗术语和更强的价值传递。未完全体现playbook中的策略深度。
2025-11-26 22:54:39,190 INFO __main__ 错误定位: 回复中缺少对病情的专业描述，且联系方式请求略显生硬，未能充分结合用户情境强化价值。
2025-11-26 22:54:39,190 INFO __main__ 根本原因分析: 模型可能未充分理解如何在获取联系方式时自然融入医疗建议与隐私保护承诺。
2025-11-26 22:54:39,191 INFO __main__ 正确的处理方法: 基于牙龈炎症持续一周的情况，建议使用温盐水缓解，并强调专业医生定制方案的重要性，同时温和请求联系方式并承诺隐私保护。
2025-11-26 22:54:39,191 INFO __main__ 关键洞察: 在引导用户提供联系方式时，需结合具体医疗场景，通过专业性和隐私保护增强信任感。
2025-11-26 22:54:39,191 DEBUG __main__ analysis: {'metrics': {'politeness': 0.18, 'professionalism': 0.2, 'relevance': 0.3, 'clarity': 0.3, 'rule_compliance': 1.0, 'overall_score': 0.748, 'user_satisfaction': None, 'contact_obtained': True}, 'suggestions': ['🟡 整体质量尚可，有改进空间', '建议：使用更多专业医疗术语，提升专业感', '✅ 成功获取联系方式，给予评分加分'], 'timestamp': '2025-11-26T22:54:31.081025'}
2025-11-26 22:54:48,938 INFO __main__ Reflecting on QA - session=e756eb4b-cf41-4cd8-8898-0f72f21d8750 q_index=2 question=sentence:我不想发##context:[{'role': 'user', 'content': '牙齿发炎怎么办', 'time': '0'}, {'r
2025-11-26 22:54:56,933 DEBUG __main__ 思考过程: B字数过长: 回复建议控制在50-80字以内
🟡 整体质量尚可，有改进空间
建议：使用更多专业医疗术语，提升专业感
2025-11-26 22:54:56,936 INFO __main__ 反思分析: 回复中未严格遵守字数限制，且未能有效引导用户提供联系方式，偏离了核心任务目标。
2025-11-26 22:54:56,936 INFO __main__ 错误定位: 字数超出限制，缺乏明确的行动指引来获取用户联系方式。
2025-11-26 22:54:56,936 INFO __main__ 根本原因分析: 模型在生成回复时过于关注症状描述，忽略了任务的核心目标是引导用户提供联系方式。
2025-11-26 22:54:56,936 INFO __main__ 正确的处理方法: 应在对话中更早、更自然地嵌入获取联系方式的引导，同时确保回复简洁明了，符合字数要求。
2025-11-26 22:54:56,936 INFO __main__ 关键洞察: 始终围绕核心任务设计回复，避免因过度关注次要信息而忽略主要目标。
2025-11-26 22:54:56,936 DEBUG __main__ analysis: {'metrics': {'politeness': 0.18, 'professionalism': 0.30000000000000004, 'relevance': 0.3, 'clarity': 0.5, 'rule_compliance': 0.8, 'overall_score': 0.608, 'user_satisfaction': None}, 'suggestions': ['B字数过长: 回复建议控制在50-80字以内', '🟡 整体质量尚可，有改进空间', '建议：使用更多专业医疗术语，提升专业感'], 'timestamp': '2025-11-26T22:54:48.938338'}
2025-11-26 22:55:05,589 INFO __main__ Reflecting on QA - session=e756eb4b-cf41-4cd8-8898-0f72f21d8750 q_index=4 question=sentence:【对话ID：1764214578350】##context:[{'role': 'user', 'content': '牙齿发炎怎么办', '
2025-11-26 22:55:12,467 DEBUG __main__ 思考过程: 🟡 整体质量尚可，有改进空间
建议：使用更多专业医疗术语，提升专业感
2025-11-26 22:55:12,470 INFO __main__ 反思分析: 模型未能充分遵循playbook策略，特别是在引导用户提供联系方式时缺乏明确的隐私保证和价值强化。
2025-11-26 22:55:12,470 INFO __main__ 错误定位: 回复中未包含询问联系方式的关键内容，且没有结合上下文强调专业医生的价值或隐私保护承诺。
2025-11-26 22:55:12,470 INFO __main__ 根本原因分析: 模型可能未完全理解或优先应用playbook中的引导策略，导致输出偏离要求。
2025-11-26 22:55:12,470 INFO __main__ 正确的处理方法: 在表达理解和建议后，应自然过渡到请求联系方式，并加入隐私保护声明及专业医生评估的价值说明。
2025-11-26 22:55:12,470 INFO __main__ 关键洞察: 每次对话都需严格检查是否符合playbook核心要求，尤其是关键策略如套电、隐私保护等。
2025-11-26 22:55:12,470 DEBUG __main__ analysis: {'metrics': {'politeness': 0.18, 'professionalism': 0.28, 'relevance': 0.3, 'clarity': 0.3, 'rule_compliance': 1.0, 'overall_score': 0.706, 'user_satisfaction': None}, 'suggestions': ['🟡 整体质量尚可，有改进空间', '建议：使用更多专业医疗术语，提升专业感'], 'timestamp': '2025-11-26T22:55:05.588973'}
2025-11-26 22:55:24,623 INFO __main__ Reflecting on QA - session=1bb8675b-9c80-4dd0-9b05-d93e15575c55 q_index=0 question=sentence:嗯嗯，大概多少钱一颗？##context:[{'role': 'user', 'content': '拔智齿多少钱一颗', 'time': '
2025-11-26 22:55:31,890 DEBUG __main__ 思考过程: B字数过长: 回复建议控制在50-80字以内
🔴 整体质量需要显著改进
建议：使用更多专业医疗术语，提升专业感
2025-11-26 22:55:31,890 INFO __main__ 反思分析: 模型回复中未严格遵守字数限制，且缺乏对用户问题的上下文结合分析。尽管提到了平台政策，但追问方式略显生硬，未能体现专业性和亲和力。
2025-11-26 22:55:31,892 INFO __main__ 错误定位: 字数超出建议范围，追问内容不够自然，未能有效引导用户提供更多信息。
2025-11-26 22:55:31,892 INFO __main__ 根本原因分析: 模型在生成回复时未能充分参考系统提示中的字数要求及对话策略，同时忽略了逐步建立信任的重要性。
2025-11-26 22:55:31,892 INFO __main__ 正确的处理方法: 控制字数在35字以内，采用更柔和的语气说明政策，并通过具体问题（如症状或智齿状态）引导用户进一步交流。
2025-11-26 22:55:31,892 INFO __main__ 关键洞察: 在敏感信息（如价格）被询问时，应以简短、专业且友好的方式回应，同时迅速转移至信息收集的关键问题上。
2025-11-26 22:55:31,892 DEBUG __main__ analysis: {'metrics': {'politeness': 0.18, 'professionalism': 0.2, 'relevance': 0.3, 'clarity': 0.5, 'rule_compliance': 0.8, 'overall_score': 0.598, 'user_satisfaction': None}, 'suggestions': ['B字数过长: 回复建议控制在50-80字以内', '🔴 整体质量需要显著改进', '建议：使用更多专业医疗术语，提升专业感'], 'timestamp': '2025-11-26T22:55:24.623269'}
2025-11-26 22:55:38,914 INFO __main__ Reflecting on QA - session=1bb8675b-9c80-4dd0-9b05-d93e15575c55 q_index=2 question=sentence:none##context:[{'role': 'user', 'content': '拔智齿多少钱一颗', 'time': '0'}, {'
2025-11-26 22:55:47,903 DEBUG __main__ 思考过程: 🟡 整体质量尚可，有改进空间
建议：使用更多专业医疗术语，提升专业感
2025-11-26 22:55:47,906 INFO __main__ 反思分析: 模型回复中未严格遵循‘每次只问一个问题’的原则，同时在用户未明确说明情况下暗示了拔除难度和费用关系，略微偏离引导策略。
2025-11-26 22:55:47,906 INFO __main__ 错误定位: 1. 提前引入拔除难度与费用的关系，可能引发用户追问价格；2. 同时询问疼痛和肿胀，违反单问题规则。
2025-11-26 22:55:47,906 INFO __main__ 根本原因分析: 模型未能完全内化‘避免直接或间接提及价格’的限制，且对多问题限制的执行不够严谨。
2025-11-26 22:55:47,906 INFO __main__ 正确的处理方法: 应回归基础问诊框架，例如仅询问‘您目前有感到疼痛吗？’，并避免涉及费用相关推测。
2025-11-26 22:55:47,906 INFO __main__ 关键洞察: 强化对话约束训练，确保模型始终聚焦于单问题推进及非价格相关内容。
2025-11-26 22:55:47,906 DEBUG __main__ analysis: {'metrics': {'politeness': 0.18, 'professionalism': 0.2, 'relevance': 0.3, 'clarity': 0.3, 'rule_compliance': 1.0, 'overall_score': 0.698, 'user_satisfaction': None}, 'suggestions': ['🟡 整体质量尚可，有改进空间', '建议：使用更多专业医疗术语，提升专业感'], 'timestamp': '2025-11-26T22:55:38.914225'}
2025-11-26 22:55:56,348 INFO __main__ Reflecting on QA - session=1bb8675b-9c80-4dd0-9b05-d93e15575c55 q_index=4 question=sentence:她的是阻生的。##context:[{'role': 'user', 'content': '拔智齿多少钱一颗', 'time': '0'},
2025-11-26 22:56:06,199 DEBUG __main__ 思考过程: 🟡 整体质量尚可，有改进空间
建议：使用更多专业医疗术语，提升专业感
2025-11-26 22:56:06,202 INFO __main__ 反思分析: 模型的回答整体方向正确，但存在一些可优化点。首先，虽然追问了用户的症状（张口困难），但未完全紧扣上下文中的关键信息，例如‘阻生’的明确确认。其次，字数略微超出限制，且专业术语使用不足。
2025-11-26 22:56:06,202 INFO __main__ 错误定位: 1. 未直接确认‘阻生’这一关键信息；2. 字数超过35字限制；3. 缺乏更专业的医疗术语表达。
2025-11-26 22:56:06,202 INFO __main__ 根本原因分析: 模型可能未能充分解析上下文中用户已提供的线索，导致追问不够精准。此外，对字数和术语的专业性控制不够严格。
2025-11-26 22:56:06,202 INFO __main__ 正确的处理方法: 应先确认‘阻生’情况，再进行针对性追问，如‘阻生齿情况复杂，建议评估。她是否感到明显疼痛或肿胀？’确保语言简洁且专业。
2025-11-26 22:56:06,202 INFO __main__ 关键洞察: 在对话中优先确认已有信息，并结合专业术语提升可信度，同时严格遵守字数限制。
2025-11-26 22:56:06,202 DEBUG __main__ analysis: {'metrics': {'politeness': 0.1, 'professionalism': 0.2, 'relevance': 0.3, 'clarity': 0.3, 'rule_compliance': 1.0, 'overall_score': 0.69, 'user_satisfaction': None}, 'suggestions': ['🟡 整体质量尚可，有改进空间', '建议：使用更多专业医疗术语，提升专业感'], 'timestamp': '2025-11-26T22:55:56.348240'}
2025-11-26 22:56:22,458 INFO __main__ Reflecting on QA - session=1bb8675b-9c80-4dd0-9b05-d93e15575c55 q_index=6 question=sentence:有点张不开嘴。##context:[{'role': 'user', 'content': '拔智齿多少钱一颗', 'time': '0'},
2025-11-26 22:56:31,568 DEBUG __main__ 思考过程: 🟡 整体质量尚可，有改进空间
建议：使用更多专业医疗术语，提升专业感
✅ 成功获取联系方式，给予评分加分
2025-11-26 22:56:31,571 INFO __main__ 反思分析: 模型的回答整体符合要求，但缺乏专业医疗术语，且未充分结合上下文强化价值。
2025-11-26 22:56:31,571 INFO __main__ 错误定位: 回答中未明确提及阻生齿的复杂性，也未强调个性化诊断的价值，专业感稍显不足。
2025-11-26 22:56:31,571 INFO __main__ 根本原因分析: 可能由于模板化回复导致内容过于简化，未能完全贴合用户具体情境和需求。
2025-11-26 22:56:31,571 INFO __main__ 正确的处理方法: 应结合阻生齿的特点，用更专业的表述引导用户提供联系方式，同时强化隐私保护和专业价值。
2025-11-26 22:56:31,571 INFO __main__ 关键洞察: 在医疗场景中，使用专业术语并结合具体问题能显著提升用户信任感。
2025-11-26 22:56:31,571 DEBUG __main__ analysis: {'metrics': {'politeness': 0.18, 'professionalism': 0.28, 'relevance': 0.3, 'clarity': 0.3, 'rule_compliance': 1.0, 'overall_score': 0.756, 'user_satisfaction': None, 'contact_obtained': True}, 'suggestions': ['🟡 整体质量尚可，有改进空间', '建议：使用更多专业医疗术语，提升专业感', '✅ 成功获取联系方式，给予评分加分'], 'timestamp': '2025-11-26T22:56:22.458758'}
2025-11-26 22:56:46,896 INFO __main__ Reflecting on QA - session=1bb8675b-9c80-4dd0-9b05-d93e15575c55 q_index=8 question=sentence:我的电话是18325468564##context:[{'role': 'user', 'content': '拔智齿多少钱一颗', 'tim
2025-11-26 22:56:53,978 DEBUG __main__ 思考过程: 🟡 整体质量尚可，有改进空间
建议：使用更多专业医疗术语，提升专业感
2025-11-26 22:56:53,981 INFO __main__ 反思分析: 模型生成的回复整体符合任务要求，但缺乏医疗专业术语，显得过于普通。未充分结合上下文追问用户症状，错失信息收集机会。
2025-11-26 22:56:53,981 INFO __main__ 错误定位: 回复中没有进一步追问用户的阻生齿细节，且语言表达不够专业，未能体现医生的专业性。
2025-11-26 22:56:53,981 INFO __main__ 根本原因分析: 模型可能未充分利用上下文信息进行深度追问，同时在语气和措辞上偏向日常化而非专业化。
2025-11-26 22:56:53,981 INFO __main__ 正确的处理方法: 应在确认联系方式后，继续追问阻生齿相关症状，例如'阻生齿位置是否可见'或'是否有明显疼痛感'，并使用更专业的表述。
2025-11-26 22:56:53,981 INFO __main__ 关键洞察: 在医疗场景下，应平衡专业性和亲和力，确保信息收集完整的同时提升用户信任感。
2025-11-26 22:56:53,981 DEBUG __main__ analysis: {'metrics': {'politeness': 0.18, 'professionalism': 0.2, 'relevance': 0.3, 'clarity': 0.5, 'rule_compliance': 1.0, 'overall_score': 0.718, 'user_satisfaction': None}, 'suggestions': ['🟡 整体质量尚可，有改进空间', '建议：使用更多专业医疗术语，提升专业感'], 'timestamp': '2025-11-26T22:56:46.896900'}
2025-11-26 22:57:04,828 INFO __main__ Reflecting on QA - session=1bb8675b-9c80-4dd0-9b05-d93e15575c55 q_index=10 question=sentence:【对话ID：1764214706682】##context:[{'role': 'user', 'content': '拔智齿多少钱一颗', 
2025-11-26 22:57:11,883 DEBUG __main__ 思考过程: 🟡 整体质量尚可，有改进空间
建议：使用更多专业医疗术语，提升专业感
2025-11-26 22:57:11,884 INFO __main__ 反思分析: 模型回复未完全遵循playbook策略，缺乏对用户价值的强化和隐私保证说明，同时未再次自然引导确认联系方式。
2025-11-26 22:57:11,884 INFO __main__ 错误定位: 回复中缺少价值强化、隐私保护声明，且未使用温和专业的方式再次确认联系方式。
2025-11-26 22:57:11,884 INFO __main__ 根本原因分析: 模型未能充分整合playbook中的关键策略，如价值传递和隐私承诺，导致回复显得机械化且不够贴心。
2025-11-26 22:57:11,884 INFO __main__ 正确的处理方法: 结合上下文，应补充价值强化与隐私保证，并以更自然的方式请求或确认用户联系方式。
2025-11-26 22:57:11,884 INFO __main__ 关键洞察: 在引导用户提供敏感信息时，需强调专业性、价值及隐私保护，以建立信任感。
2025-11-26 22:57:11,884 DEBUG __main__ analysis: {'metrics': {'politeness': 0.18, 'professionalism': 0.2, 'relevance': 0.3, 'clarity': 0.5, 'rule_compliance': 1.0, 'overall_score': 0.718, 'user_satisfaction': None}, 'suggestions': ['🟡 整体质量尚可，有改进空间', '建议：使用更多专业医疗术语，提升专业感'], 'timestamp': '2025-11-26T22:57:04.828639'}
2025-11-26 22:57:22,001 INFO __main__ Reflecting on QA - session=61889744-8798-4ed1-9c03-c02f87f03428 q_index=0 question=sentence:大概要多少钱呢？<picture>##context:[{'role': 'user', 'content': '种植牙要多少钱一个', 't
2025-11-26 22:57:28,411 DEBUG __main__ 思考过程: 🟡 整体质量尚可，有改进空间
建议：使用更多专业医疗术语，提升专业感
2025-11-26 22:57:28,412 INFO __main__ 反思分析: 模型的回答避免了直接透露价格，符合平台规定，但缺乏对用户情况的具体追问，错失信息收集机会。
2025-11-26 22:57:28,412 INFO __main__ 错误定位: 未针对用户的潜在需求进行症状或背景信息的深入挖掘，且回复中缺少引导性问题。
2025-11-26 22:57:28,415 INFO __main__ 根本原因分析: 模型过于聚焦于回避价格问题，未能充分利用上下文信息推进对话，导致互动效率较低。
2025-11-26 22:57:28,415 INFO __main__ 正确的处理方法: 在说明价格需评估后，应立即追问用户相关背景，例如“您的牙齿缺失多久了？”或“方便描述一下目前的情况吗？”
2025-11-26 22:57:28,415 INFO __main__ 关键洞察: 每次回复应在合规前提下，通过精准追问有效获取用户信息，以推动对话进展。
2025-11-26 22:57:28,415 DEBUG __main__ analysis: {'metrics': {'politeness': 0.18, 'professionalism': 0.30000000000000004, 'relevance': 0.3, 'clarity': 0.5, 'rule_compliance': 1.0, 'overall_score': 0.728, 'user_satisfaction': None}, 'suggestions': ['🟡 整体质量尚可，有改进空间', '建议：使用更多专业医疗术语，提升专业感'], 'timestamp': '2025-11-26T22:57:22.001255'}
2025-11-26 22:57:36,771 INFO __main__ Reflecting on QA - session=61889744-8798-4ed1-9c03-c02f87f03428 q_index=2 question=sentence:none##context:[{'role': 'user', 'content': '种植牙要多少钱一个', 'time': '0'}, {
2025-11-26 22:57:44,422 DEBUG __main__ 思考过程: 🟡 整体质量尚可，有改进空间
建议：使用更多专业医疗术语，提升专业感
2025-11-26 22:57:44,422 INFO __main__ 反思分析: 模型的回答基本符合流程，但未完全遵循‘每次只问一个问题’的原则，同时专业术语使用不足。
2025-11-26 22:57:44,425 INFO __main__ 错误定位: 在追问用户时，同时涉及费用说明和牙龈状态问题，违反了单问题规则；缺乏医疗专业性措辞。
2025-11-26 22:57:44,425 INFO __main__ 根本原因分析: 模型未能严格分离任务步骤，且生成内容偏向日常对话而非医疗场景的专业表达。
2025-11-26 22:57:44,425 INFO __main__ 正确的处理方法: 应先专注于症状收集，避免同时引入新话题。例如，仅询问‘您缺牙区牙龈是否红肿？’，后续再逐步深入。
2025-11-26 22:57:44,425 INFO __main__ 关键洞察: 确保每轮对话聚焦单一明确的问题，并通过引入专业术语增强可信度。
2025-11-26 22:57:44,425 DEBUG __main__ analysis: {'metrics': {'politeness': 0.18, 'professionalism': 0.30000000000000004, 'relevance': 0.3, 'clarity': 0.3, 'rule_compliance': 1.0, 'overall_score': 0.708, 'user_satisfaction': None}, 'suggestions': ['🟡 整体质量尚可，有改进空间', '建议：使用更多专业医疗术语，提升专业感'], 'timestamp': '2025-11-26T22:57:36.771023'}
2025-11-26 22:57:54,350 INFO __main__ Reflecting on QA - session=61889744-8798-4ed1-9c03-c02f87f03428 q_index=4 question=sentence:缺失有好几年了##context:[{'role': 'user', 'content': '种植牙要多少钱一个', 'time': '0'}
2025-11-26 22:58:03,050 DEBUG __main__ 思考过程: 🟡 整体质量尚可，有改进空间
建议：使用更多专业医疗术语，提升专业感
2025-11-26 22:58:03,050 INFO __main__ 反思分析: 模型生成的回复虽然与上下文相关，但未严格遵循关键规则：字数超出限制，且引入了未经用户提及的新症状（牙槽骨影响），显得不够精准。
2025-11-26 22:58:03,050 INFO __main__ 错误定位: 回复超出了35字的限制，并推测了用户未明确提到的症状，违反了‘不确诊专业症状’的原则。
2025-11-26 22:58:03,050 INFO __main__ 根本原因分析: 模型可能因试图增加专业性而过度扩展内容，忽略了简洁性和规则约束。
2025-11-26 22:58:03,053 INFO __main__ 正确的处理方法: 应回归用户提供的信息，仅针对已知内容提问，确保字数和规则符合要求。例如：‘缺牙多年了，请问有其他不适吗？’
2025-11-26 22:58:03,053 INFO __main__ 关键洞察: 在医疗对话中，简洁、聚焦和规则遵从比复杂表述更重要，避免引入未经确认的推测。
2025-11-26 22:58:03,053 DEBUG __main__ analysis: {'metrics': {'politeness': 0.18, 'professionalism': 0.28, 'relevance': 0.3, 'clarity': 0.3, 'rule_compliance': 1.0, 'overall_score': 0.706, 'user_satisfaction': None}, 'suggestions': ['🟡 整体质量尚可，有改进空间', '建议：使用更多专业医疗术语，提升专业感'], 'timestamp': '2025-11-26T22:57:54.350943'}
2025-11-26 22:58:12,225 INFO __main__ Reflecting on QA - session=61889744-8798-4ed1-9c03-c02f87f03428 q_index=6 question=sentence:有时候会出血，吃东西也费劲。##context:[{'role': 'user', 'content': '种植牙要多少钱一个', 'time
2025-11-26 22:58:19,582 DEBUG __main__ 思考过程: 🟡 整体质量尚可，有改进空间
建议：使用更多专业医疗术语，提升专业感
✅ 成功获取联系方式，给予评分加分
2025-11-26 22:58:19,585 INFO __main__ 反思分析: 模型生成的回复整体符合要求，但缺乏足够的专业术语和价值强化。未完全体现基于用户症状的专业引导。
2025-11-26 22:58:19,585 INFO __main__ 错误定位: 回复中缺少对用户症状更专业的描述，且未充分结合上下文强化医生的价值。
2025-11-26 22:58:19,585 INFO __main__ 根本原因分析: 可能由于模板化表达过多，未能灵活运用医疗背景知识提升回复质量。
2025-11-26 22:58:19,585 INFO __main__ 正确的处理方法: 应加入如“牙槽骨吸收评估”等专业表述，并强调个性化诊断的重要性，同时温和引导联系方式。
2025-11-26 22:58:19,585 INFO __main__ 关键洞察: 在医疗问诊场景中，专业术语和个性化方案的价值传递能显著提升用户信任感。
2025-11-26 22:58:19,585 DEBUG __main__ analysis: {'metrics': {'politeness': 0.18, 'professionalism': 0.30000000000000004, 'relevance': 0.3, 'clarity': 0.3, 'rule_compliance': 1.0, 'overall_score': 0.758, 'user_satisfaction': None, 'contact_obtained': True}, 'suggestions': ['🟡 整体质量尚可，有改进空间', '建议：使用更多专业医疗术语，提升专业感', '✅ 成功获取联系方式，给予评分加分'], 'timestamp': '2025-11-26T22:58:12.225365'}
2025-11-26 22:58:33,920 INFO __main__ Reflecting on QA - session=61889744-8798-4ed1-9c03-c02f87f03428 q_index=8 question=sentence:<picture>app查看##context:[{'role': 'user', 'content': '种植牙要多少钱一个', 'time
2025-11-26 22:58:43,130 DEBUG __main__ 思考过程: 🟡 整体质量尚可，有改进空间
建议：使用更多专业医疗术语，提升专业感
2025-11-26 22:58:43,132 INFO __main__ 反思分析: 模型回复未严格遵循任务流程，缺乏对用户症状的进一步追问，且回复中未体现引导用户提供联系方式的意图。
2025-11-26 22:58:43,133 INFO __main__ 错误定位: 未按流程追问用户关键症状细节；未尝试获取用户联系方式；语言略显笼统，专业性不足。
2025-11-26 22:58:43,133 INFO __main__ 根本原因分析: 模型未能充分理解并执行核心任务中的逐步引导策略，且回复内容与上下文结合不够紧密。
2025-11-26 22:58:43,133 INFO __main__ 正确的处理方法: 应针对用户提到的牙龈出血和咀嚼问题进行具体追问，例如‘出血频率如何？’，同时自然引入联系方式的获取，如‘方便留下电话以便医生详细评估吗？’。
2025-11-26 22:58:43,133 INFO __main__ 关键洞察: 在医疗咨询场景中，需通过精准提问逐步收集信息，并适时引导用户提供后续沟通方式。
2025-11-26 22:58:43,133 DEBUG __main__ analysis: {'metrics': {'politeness': 0.18, 'professionalism': 0.30000000000000004, 'relevance': 0.3, 'clarity': 0.3, 'rule_compliance': 1.0, 'overall_score': 0.708, 'user_satisfaction': None}, 'suggestions': ['🟡 整体质量尚可，有改进空间', '建议：使用更多专业医疗术语，提升专业感'], 'timestamp': '2025-11-26T22:58:33.920421'}
2025-11-26 22:58:54,274 INFO __main__ Reflecting on QA - session=61889744-8798-4ed1-9c03-c02f87f03428 q_index=10 question=sentence:【对话ID：1764214841260】##context:[{'role': 'user', 'content': '种植牙要多少钱一个',
2025-11-26 22:59:00,797 DEBUG __main__ 思考过程: 🟡 整体质量尚可，有改进空间
建议：使用更多专业医疗术语，提升专业感
2025-11-26 22:59:00,800 INFO __main__ 反思分析: 模型未按要求每句话包含询问联系方式，且缺乏明确的价值传递和隐私保证。
2025-11-26 22:59:00,800 INFO __main__ 错误定位: 回复中未提及联系方式请求，也未强调专业医生安排方案的价值，不符合引导策略。
2025-11-26 22:59:00,800 INFO __main__ 根本原因分析: 模型未能充分结合playbook策略，忽略了关键的套电步骤及用户心理引导。
2025-11-26 22:59:00,800 INFO __main__ 正确的处理方法: 基于您的牙周情况，我们建议专业医生评估。提供联系方式，为您发送详细治疗方案并保护隐私。
2025-11-26 22:59:00,800 INFO __main__ 关键洞察: 严格遵循playbook策略，确保每轮对话包含价值传递、隐私保证及联系方式请求。
2025-11-26 22:59:00,800 DEBUG __main__ analysis: {'metrics': {'politeness': 0.18, 'professionalism': 0.30000000000000004, 'relevance': 0.3, 'clarity': 0.3, 'rule_compliance': 1.0, 'overall_score': 0.708, 'user_satisfaction': None}, 'suggestions': ['🟡 整体质量尚可，有改进空间', '建议：使用更多专业医疗术语，提升专业感'], 'timestamp': '2025-11-26T22:58:54.274520'}
2025-11-26 22:59:11,691 INFO __main__ Reflecting on QA - session=82a0da17-da26-4a3e-a438-015d77b81675 q_index=0 question=sentence:嗯嗯，想听听您的建议。##context:[{'role': 'user', 'content': '吸附性义齿', 'time': '0'}
2025-11-26 22:59:20,159 DEBUG __main__ 思考过程: B字数过长: 回复建议控制在50-80字以内
🔴 整体质量需要显著改进
建议：使用更多专业医疗术语，提升专业感
2025-11-26 22:59:20,161 INFO __main__ 反思分析: 模型回复字数超出限制，且未严格遵循‘每次只问一个问题’的规则。同时，使用了过于专业的术语，可能影响用户理解。
2025-11-26 22:59:20,162 INFO __main__ 错误定位: 字数超限；未完全匹配任务要求的简洁性和逐步引导策略；专业术语过多可能让用户困惑。
2025-11-26 22:59:20,162 INFO __main__ 根本原因分析: 模型生成内容时未能有效控制长度，且对目标用户的语言习惯和任务核心需求理解不足。
2025-11-26 22:59:20,162 INFO __main__ 正确的处理方法: 精简回复至35字内，避免一次性提供过多信息，采用通俗易懂的语言逐层引导用户提供关键信息。
2025-11-26 22:59:20,162 INFO __main__ 关键洞察: 在对话引导中，保持简洁、清晰和逐步深入是提升用户体验和任务完成率的关键。
2025-11-26 22:59:20,162 DEBUG __main__ analysis: {'metrics': {'politeness': 0.18, 'professionalism': 0.2, 'relevance': 0.3, 'clarity': 0.5, 'rule_compliance': 0.8, 'overall_score': 0.598, 'user_satisfaction': None}, 'suggestions': ['B字数过长: 回复建议控制在50-80字以内', '🔴 整体质量需要显著改进', '建议：使用更多专业医疗术语，提升专业感'], 'timestamp': '2025-11-26T22:59:11.691022'}
2025-11-26 22:59:31,768 INFO __main__ Reflecting on QA - session=82a0da17-da26-4a3e-a438-015d77b81675 q_index=2 question=sentence:none##context:[{'role': 'user', 'content': '吸附性义齿', 'time': '0'}, {'rol
2025-11-26 22:59:41,656 DEBUG __main__ 思考过程: 🟡 整体质量尚可，有改进空间
建议：使用更多专业医疗术语，提升专业感
2025-11-26 22:59:41,659 INFO __main__ 反思分析: 模型的回复虽然符合流程，但缺乏足够的专业术语，且追问方式稍显生硬，未能完全体现医疗问诊的专业性与亲和力。
2025-11-26 22:59:41,659 INFO __main__ 错误定位: 未使用更专业的表述来提升可信度；追问略显直接，可能影响用户体验。
2025-11-26 22:59:41,659 INFO __main__ 根本原因分析: 模型在生成回复时，未能充分结合医疗场景的专业语境，同时对用户情感体验的关注不足。
2025-11-26 22:59:41,659 INFO __main__ 正确的处理方法: 采用更柔和的语气进行追问，例如：‘为了更好地为您评估，请问您缺牙多久了？’，并适当加入专业词汇如‘牙槽骨吸收’。
2025-11-26 22:59:41,660 INFO __main__ 关键洞察: 医疗对话需兼顾专业性与用户感受，避免过于机械化。
2025-11-26 22:59:41,660 DEBUG __main__ analysis: {'metrics': {'politeness': 0.18, 'professionalism': 0.2, 'relevance': 0.3, 'clarity': 0.3, 'rule_compliance': 1.0, 'overall_score': 0.698, 'user_satisfaction': None}, 'suggestions': ['🟡 整体质量尚可，有改进空间', '建议：使用更多专业医疗术语，提升专业感'], 'timestamp': '2025-11-26T22:59:31.768331'}
2025-11-26 22:59:51,976 INFO __main__ Reflecting on QA - session=82a0da17-da26-4a3e-a438-015d77b81675 q_index=4 question=sentence:缺牙有半年多了。##context:[{'role': 'user', 'content': '吸附性义齿', 'time': '0'}, {
2025-11-26 23:00:00,512 DEBUG __main__ 思考过程: 🟡 整体质量尚可，有改进空间
建议：使用更多专业医疗术语，提升专业感
2025-11-26 23:00:00,512 INFO __main__ 反思分析: 模型的回答整体符合流程，但缺乏足够的专业术语，且追问略显笼统，未能精准引导用户描述缺牙情况。
2025-11-26 23:00:00,515 INFO __main__ 错误定位: 未明确区分局部或全口缺牙的影响，也未提及牙槽骨吸收的专业评估方法。
2025-11-26 23:00:00,515 INFO __main__ 根本原因分析: 模型可能因训练数据不足而倾向于简化语言，同时未能充分结合上下文优化追问策略。
2025-11-26 23:00:00,515 INFO __main__ 正确的处理方法: 应加入如“牙槽骨吸收程度”等专业表述，并明确追问是单颗、多颗还是全口缺牙以细化信息收集。
2025-11-26 23:00:00,515 INFO __main__ 关键洞察: 在医疗对话中，适当使用专业术语可增强用户信任感，同时每次追问需更具体以提升信息获取效率。
2025-11-26 23:00:00,515 DEBUG __main__ analysis: {'metrics': {'politeness': 0.18, 'professionalism': 0.2, 'relevance': 0.3, 'clarity': 0.3, 'rule_compliance': 1.0, 'overall_score': 0.698, 'user_satisfaction': None}, 'suggestions': ['🟡 整体质量尚可，有改进空间', '建议：使用更多专业医疗术语，提升专业感'], 'timestamp': '2025-11-26T22:59:51.976111'}
2025-11-26 23:00:09,684 INFO __main__ Reflecting on QA - session=82a0da17-da26-4a3e-a438-015d77b81675 q_index=6 question=sentence:是全口缺牙。##context:[{'role': 'user', 'content': '吸附性义齿', 'time': '0'}, {'r
2025-11-26 23:00:17,417 DEBUG __main__ 思考过程: 🟡 整体质量尚可，有改进空间
建议：使用更多专业医疗术语，提升专业感
✅ 成功获取联系方式，给予评分加分
2025-11-26 23:00:17,419 INFO __main__ 反思分析: 模型输出整体符合要求，但专业术语使用不足，影响了医疗场景下的权威性。同时，未充分结合上下文强化价值。
2025-11-26 23:00:17,419 INFO __main__ 错误定位: 缺乏足够的专业术语，且价值传递不够明确，未能完全体现个性化服务的重要性。
2025-11-26 23:00:17,419 INFO __main__ 根本原因分析: 模型可能受限于通用语言生成模式，未能充分调用医疗领域的深度知识和表达习惯。
2025-11-26 23:00:17,419 INFO __main__ 正确的处理方法: 应在引导用户提供联系方式时，加入如“牙槽骨吸收评估”等专业表述，并强调定制化方案的价值。
2025-11-26 23:00:17,420 INFO __main__ 关键洞察: 在医疗咨询中，专业术语和个性化价值传递是提升用户信任的关键。
2025-11-26 23:00:17,420 DEBUG __main__ analysis: {'metrics': {'politeness': 0.18, 'professionalism': 0.28, 'relevance': 0.3, 'clarity': 0.3, 'rule_compliance': 1.0, 'overall_score': 0.756, 'user_satisfaction': None, 'contact_obtained': True}, 'suggestions': ['🟡 整体质量尚可，有改进空间', '建议：使用更多专业医疗术语，提升专业感', '✅ 成功获取联系方式，给予评分加分'], 'timestamp': '2025-11-26T23:00:09.684571'}
2025-11-26 23:00:26,054 INFO __main__ Reflecting on QA - session=82a0da17-da26-4a3e-a438-015d77b81675 q_index=8 question=sentence:我的电话是18325468564##context:[{'role': 'user', 'content': '吸附性义齿', 'time':
2025-11-26 23:00:33,470 DEBUG __main__ 思考过程: 🟡 整体质量尚可，有改进空间
建议：使用更多专业医疗术语，提升专业感
2025-11-26 23:00:33,473 INFO __main__ 反思分析: 回复中未充分结合上下文信息，缺乏对全口缺牙状况的专业追问，且字数略超出限制。
2025-11-26 23:00:33,473 INFO __main__ 错误定位: 未严格遵循'每次只问一个问题'原则，且回复显得过于直接，缺少医疗专业性。
2025-11-26 23:00:33,473 INFO __main__ 根本原因分析: 模型未能完全理解对话历史的重要性，同时在引导用户时忽略了逐步深入的策略。
2025-11-26 23:00:33,473 INFO __main__ 正确的处理方法: 应针对全口缺牙进一步询问细节，如'是否有佩戴过义齿？'，并保持语言简洁专业。
2025-11-26 23:00:33,473 INFO __main__ 关键洞察: 确保每轮对话精准聚焦一个关键问题，并通过专业术语提升信任感。
2025-11-26 23:00:33,473 DEBUG __main__ analysis: {'metrics': {'politeness': 0.18, 'professionalism': 0.2, 'relevance': 0.3, 'clarity': 0.5, 'rule_compliance': 1.0, 'overall_score': 0.718, 'user_satisfaction': None}, 'suggestions': ['🟡 整体质量尚可，有改进空间', '建议：使用更多专业医疗术语，提升专业感'], 'timestamp': '2025-11-26T23:00:26.054462'}
2025-11-26 23:00:45,414 INFO __main__ Reflecting on QA - session=82a0da17-da26-4a3e-a438-015d77b81675 q_index=10 question=sentence:【对话ID：1764214984735】##context:[{'role': 'user', 'content': '吸附性义齿', 'ti
2025-11-26 23:00:52,044 DEBUG __main__ 思考过程: 🟡 整体质量尚可，有改进空间
建议：使用更多专业医疗术语，提升专业感
2025-11-26 23:00:52,047 INFO __main__ 反思分析: 模型回复缺少询问联系方式的明确引导，未完全遵循playbook要求，专业感和价值传递不足。
2025-11-26 23:00:52,047 INFO __main__ 错误定位: 未在每句话中包含询问联系方式，且缺乏强化价值和隐私保证的内容。
2025-11-26 23:00:52,047 INFO __main__ 根本原因分析: 模型未能充分结合playbook策略，忽略了关键的套电步骤和专业术语使用。
2025-11-26 23:00:52,047 INFO __main__ 正确的处理方法: 基于您的全口缺牙情况，建议尽快评估。提供联系方式，安排专业医生为您制定个性化方案，隐私全程保护。
2025-11-26 23:00:52,047 INFO __main__ 关键洞察: 严格遵循playbook策略，确保每轮对话自然嵌入价值传递、隐私保证及联系方式请求。
2025-11-26 23:00:52,047 DEBUG __main__ analysis: {'metrics': {'politeness': 0.18, 'professionalism': 0.2, 'relevance': 0.3, 'clarity': 0.5, 'rule_compliance': 1.0, 'overall_score': 0.718, 'user_satisfaction': None}, 'suggestions': ['🟡 整体质量尚可，有改进空间', '建议：使用更多专业医疗术语，提升专业感'], 'timestamp': '2025-11-26T23:00:45.414540'}
2025-11-26 23:01:03,118 INFO __main__ Reflecting on QA - session=664a3f17-29ed-4792-9453-ed490afce91c q_index=0 question=sentence:嗯嗯，最近真的很难受。##context:[{'role': 'user', 'content': '尽头牙发炎', 'time': '0'}
2025-11-26 23:01:11,069 DEBUG __main__ 思考过程: 🟡 整体质量尚可，有改进空间
建议：使用更多专业医疗术语，提升专业感
2025-11-26 23:01:11,070 INFO __main__ 反思分析: 模型回应展示了基本的同理心并提供缓解建议，但缺乏对用户具体情况的追问，未严格遵循‘每次只问一个问题’的原则。
2025-11-26 23:01:11,070 INFO __main__ 错误定位: 未明确聚焦于收集关键信息（如疼痛持续时间），且温盐水建议虽合理，但优先级应为症状探索。
2025-11-26 23:01:11,072 INFO __main__ 根本原因分析: 模型可能过于关注提供即时解决方案，而忽略了系统化问诊流程的重要性。
2025-11-26 23:01:11,072 INFO __main__ 正确的处理方法: 应在表达同理心后立即追问用户疼痛的具体时长或频率，确保信息采集优先于建议提供。
2025-11-26 23:01:11,072 INFO __main__ 关键洞察: 始终优先聚焦于用户症状的关键信息采集，避免过早进入解决方案阶段。
2025-11-26 23:01:11,073 DEBUG __main__ analysis: {'metrics': {'politeness': 0.18, 'professionalism': 0.2, 'relevance': 0.3, 'clarity': 0.3, 'rule_compliance': 1.0, 'overall_score': 0.698, 'user_satisfaction': None}, 'suggestions': ['🟡 整体质量尚可，有改进空间', '建议：使用更多专业医疗术语，提升专业感'], 'timestamp': '2025-11-26T23:01:03.118354'}
2025-11-26 23:01:23,854 INFO __main__ Reflecting on QA - session=664a3f17-29ed-4792-9453-ed490afce91c q_index=2 question=sentence:none##context:[{'role': 'user', 'content': '尽头牙发炎', 'time': '0'}, {'rol
2025-11-26 23:01:29,489 DEBUG __main__ 思考过程: 🟡 整体质量尚可，有改进空间
建议：使用更多专业医疗术语，提升专业感
2025-11-26 23:01:29,492 INFO __main__ 反思分析: 模型的回复整体符合流程，但缺乏专业医疗术语，且追问方式略显普通，未能充分体现专业性。
2025-11-26 23:01:29,492 INFO __main__ 错误定位: 未使用足够的专业术语，问题设计较为平淡，可能降低用户信任感。
2025-11-26 23:01:29,492 INFO __main__ 根本原因分析: 模型可能受限于对医疗场景的专业理解不足，倾向于使用过于通俗的语言。
2025-11-26 23:01:29,492 INFO __main__ 正确的处理方法: 结合专业术语优化表达，例如‘疼痛是否呈阵发性或持续性’，并确保语气更贴近专业医疗问诊。
2025-11-26 23:01:29,492 INFO __main__ 关键洞察: 在医疗场景中，适当的专业术语能显著提升用户对服务的信任感和满意度。
2025-11-26 23:01:29,492 DEBUG __main__ analysis: {'metrics': {'politeness': 0.1, 'professionalism': 0.2, 'relevance': 0.3, 'clarity': 0.3, 'rule_compliance': 1.0, 'overall_score': 0.69, 'user_satisfaction': None}, 'suggestions': ['🟡 整体质量尚可，有改进空间', '建议：使用更多专业医疗术语，提升专业感'], 'timestamp': '2025-11-26T23:01:23.854554'}
2025-11-26 23:01:38,259 INFO __main__ Reflecting on QA - session=664a3f17-29ed-4792-9453-ed490afce91c q_index=4 question=sentence:<picture>app查看##context:[{'role': 'user', 'content': '尽头牙发炎', 'time': '
2025-11-26 23:01:44,598 DEBUG __main__ 思考过程: 🟡 整体质量尚可，有改进空间
建议：使用更多专业医疗术语，提升专业感
2025-11-26 23:01:44,601 INFO __main__ 反思分析: 模型尝试通过提问引导用户提供更多信息，但未严格遵循‘不要主动要求客户发照片’的规则。
2025-11-26 23:01:44,601 INFO __main__ 错误定位: 模型预测中包含了对图片的提及，违反了不主动要求用户发照片的规定。
2025-11-26 23:01:44,601 INFO __main__ 根本原因分析: 可能是由于上下文中的<picture>标记误导模型生成了与图片相关的问题，而未完全遵守规则。
2025-11-26 23:01:44,602 INFO __main__ 正确的处理方法: 避免提及图片或相关内容，继续聚焦于症状描述和病史收集，例如：‘您能具体描述一下牙齿的症状吗？’
2025-11-26 23:01:44,602 INFO __main__ 关键洞察: 在对话生成中需特别注意规避明确禁止的行为，即使上下文包含潜在提示也应严格遵守规则。
2025-11-26 23:01:44,602 DEBUG __main__ analysis: {'metrics': {'politeness': 0.18, 'professionalism': 0.28, 'relevance': 0.3, 'clarity': 0.5, 'rule_compliance': 1.0, 'overall_score': 0.726, 'user_satisfaction': None}, 'suggestions': ['🟡 整体质量尚可，有改进空间', '建议：使用更多专业医疗术语，提升专业感'], 'timestamp': '2025-11-26T23:01:38.258927'}
2025-11-26 23:02:01,233 INFO __main__ Reflecting on QA - session=664a3f17-29ed-4792-9453-ed490afce91c q_index=6 question=sentence:疼了一周多了，一直没好。##context:[{'role': 'user', 'content': '尽头牙发炎', 'time': '0'
2025-11-26 23:02:09,504 DEBUG __main__ 思考过程: 🟡 整体质量尚可，有改进空间
建议：使用更多专业医疗术语，提升专业感
✅ 成功获取联系方式，给予评分加分
2025-11-26 23:02:09,507 INFO __main__ 反思分析: 模型回应整体符合要求，但缺乏足够的专业医疗术语，且未充分结合上下文强化价值。
2025-11-26 23:02:09,508 INFO __main__ 错误定位: 回应中未提及‘基于您的情况，安排专业医生’的价值强化点，也未明确提到隐私保护。
2025-11-26 23:02:09,508 INFO __main__ 根本原因分析: 可能由于模板化生成导致忽视了具体情境中的细节优化，如隐私保证和更强的专业性表达。
2025-11-26 23:02:09,508 INFO __main__ 正确的处理方法: 疼痛已超一周，建议尽快就医。基于您的情况，我们可安排专业医生提供方案，请提供联系方式，承诺保护隐私。
2025-11-26 23:02:09,508 INFO __main__ 关键洞察: 在引导用户提供联系方式时，需结合情境强调专业性和隐私保护以提升信任感。
2025-11-26 23:02:09,508 DEBUG __main__ analysis: {'metrics': {'politeness': 0.18, 'professionalism': 0.28, 'relevance': 0.3, 'clarity': 0.3, 'rule_compliance': 1.0, 'overall_score': 0.756, 'user_satisfaction': None, 'contact_obtained': True}, 'suggestions': ['🟡 整体质量尚可，有改进空间', '建议：使用更多专业医疗术语，提升专业感', '✅ 成功获取联系方式，给予评分加分'], 'timestamp': '2025-11-26T23:02:01.233870'}
2025-11-26 23:02:23,189 INFO __main__ Reflecting on QA - session=664a3f17-29ed-4792-9453-ed490afce91c q_index=8 question=sentence:我的电话是18325468564##context:[{'role': 'user', 'content': '尽头牙发炎', 'time':
2025-11-26 23:02:31,823 DEBUG __main__ 思考过程: 🟡 整体质量尚可，有改进空间
建议：使用更多专业医疗术语，提升专业感
2025-11-26 23:02:31,826 INFO __main__ 反思分析: 模型生成的回复虽然完成了获取联系方式的任务，但缺乏专业性和引导性，未体现对用户症状的进一步关注。
2025-11-26 23:02:31,826 INFO __main__ 错误定位: 回复中没有追问用户的症状细节，且用语过于简单，未能展现医疗问诊的专业性。
2025-11-26 23:02:31,826 INFO __main__ 根本原因分析: 模型可能过度聚焦于获取联系方式，而忽略了问诊流程中的信息收集和用户关怀。
2025-11-26 23:02:31,826 INFO __main__ 正确的处理方法: 在确认联系方式后，应继续询问用户症状的详细信息，如疼痛性质、是否有其他伴随症状等，确保对话连贯且专业。
2025-11-26 23:02:31,826 INFO __main__ 关键洞察: 在任务型对话中，完成核心目标的同时需兼顾用户体验和上下文关联，避免显得机械化。
2025-11-26 23:02:31,827 DEBUG __main__ analysis: {'metrics': {'politeness': 0.18, 'professionalism': 0.2, 'relevance': 0.3, 'clarity': 0.5, 'rule_compliance': 1.0, 'overall_score': 0.718, 'user_satisfaction': None}, 'suggestions': ['🟡 整体质量尚可，有改进空间', '建议：使用更多专业医疗术语，提升专业感'], 'timestamp': '2025-11-26T23:02:23.189567'}
2025-11-26 23:02:52,319 INFO __main__ Reflecting on QA - session=664a3f17-29ed-4792-9453-ed490afce91c q_index=10 question=sentence:【对话ID：1764215126145】##context:[{'role': 'user', 'content': '尽头牙发炎', 'ti
2025-11-26 23:02:59,797 DEBUG __main__ 思考过程: B字数过长: 回复建议控制在50-80字以内
🟡 整体质量尚可，有改进空间
建议：使用更多专业医疗术语，提升专业感
2025-11-26 23:02:59,800 INFO __main__ 反思分析: 回复中未包含询问联系方式的语句，违反了必须每句话包含询问联系方式的要求。同时字数控制不佳，显得机械化。
2025-11-26 23:02:59,800 INFO __main__ 错误定位: 缺少引导用户提供联系方式的自然过渡和隐私保证说明；字数超出建议范围。
2025-11-26 23:02:59,800 INFO __main__ 根本原因分析: 模型未能充分结合playbook策略，遗漏关键沟通要素如价值强化与隐私承诺，且回复偏向直接确认而非温和引导。
2025-11-26 23:02:59,800 INFO __main__ 正确的处理方法: 基于您的情况，我们安排专业医生联系您，提供个性化治疗方案，请提供下联系方式，严格保护您的隐私。
2025-11-26 23:02:59,800 INFO __main__ 关键洞察: 始终嵌入引导性语言及隐私保护承诺，确保符合playbook要求并提升用户信任感。
2025-11-26 23:02:59,800 DEBUG __main__ analysis: {'metrics': {'politeness': 0.26, 'professionalism': 0.2, 'relevance': 0.3, 'clarity': 0.5, 'rule_compliance': 0.8, 'overall_score': 0.606, 'user_satisfaction': None}, 'suggestions': ['B字数过长: 回复建议控制在50-80字以内', '🟡 整体质量尚可，有改进空间', '建议：使用更多专业医疗术语，提升专业感'], 'timestamp': '2025-11-26T23:02:52.319168'}
2025-11-26 23:03:12,608 INFO __main__ Reflecting on QA - session=80264be9-2151-462d-8bad-b30589cff4c9 q_index=0 question=sentence:<picture>app查看##context:[{'role': 'user', 'content': '缺5~8颗牙', 'time': 
2025-11-26 23:03:21,108 DEBUG __main__ 思考过程: 🟡 整体质量尚可，有改进空间
建议：使用更多专业医疗术语，提升专业感
2025-11-26 23:03:21,109 INFO __main__ 反思分析: 模型的回复虽然专业，但违反了关键规则：未基于上下文追问单个问题，且字数超出限制。
2025-11-26 23:03:21,111 INFO __main__ 错误定位: 直接假设用户情况并提供建议，未结合上下文逐步引导；字数超过35字限制。
2025-11-26 23:03:21,111 INFO __main__ 根本原因分析: 模型未能严格遵循任务流程中的‘每次只问一个问题’和‘不超过35字’的要求，可能因训练数据偏向复杂医疗对话。
2025-11-26 23:03:21,111 INFO __main__ 正确的处理方法: 根据用户提到的‘缺5~8颗牙’，应先确认具体缺牙位置或持续时间，保持简洁且符合流程。
2025-11-26 23:03:21,111 INFO __main__ 关键洞察: 确保严格遵守任务约束条件，避免过早引入复杂医疗术语或假设性诊断。
2025-11-26 23:03:21,111 DEBUG __main__ analysis: {'metrics': {'politeness': 0.18, 'professionalism': 0.30000000000000004, 'relevance': 0.3, 'clarity': 0.5, 'rule_compliance': 1.0, 'overall_score': 0.728, 'user_satisfaction': None}, 'suggestions': ['🟡 整体质量尚可，有改进空间', '建议：使用更多专业医疗术语，提升专业感'], 'timestamp': '2025-11-26T23:03:12.608597'}
2025-11-26 23:03:33,059 INFO __main__ Reflecting on QA - session=80264be9-2151-462d-8bad-b30589cff4c9 q_index=2 question=sentence:none##context:[{'role': 'user', 'content': '缺5~8颗牙', 'time': '0'}, {'ro
2025-11-26 23:03:41,943 DEBUG __main__ 思考过程: 🟡 整体质量尚可，有改进空间
建议：使用更多专业医疗术语，提升专业感
2025-11-26 23:03:41,946 INFO __main__ 反思分析: 模型的回复虽然符合对话逻辑，但缺乏足够的专业术语，且未完全按照上下文优化追问策略。
2025-11-26 23:03:41,946 INFO __main__ 错误定位: 未结合用户提供的图片信息进行针对性提问；追问内容略显泛化，未能精准聚焦牙槽骨状态或缺牙原因。
2025-11-26 23:03:41,946 INFO __main__ 根本原因分析: 模型可能未能充分解析多模态信息（如图片提示），同时对医疗场景的专业表达训练不足。
2025-11-26 23:03:41,946 INFO __main__ 正确的处理方法: 应明确提及用户上传的图片，并围绕牙槽骨状态或缺牙背景提出更具体的问题，例如‘从图片看，您的牙槽骨是否有明显变化？’。
2025-11-26 23:03:41,946 INFO __main__ 关键洞察: 在医疗问诊场景中，充分利用所有上下文信息（包括文字和图片）可显著提升诊断引导的有效性和专业感。
2025-11-26 23:03:41,946 DEBUG __main__ analysis: {'metrics': {'politeness': 0.18, 'professionalism': 0.2, 'relevance': 0.3, 'clarity': 0.3, 'rule_compliance': 1.0, 'overall_score': 0.698, 'user_satisfaction': None}, 'suggestions': ['🟡 整体质量尚可，有改进空间', '建议：使用更多专业医疗术语，提升专业感'], 'timestamp': '2025-11-26T23:03:33.059641'}
2025-11-26 23:03:50,208 INFO __main__ Reflecting on QA - session=80264be9-2151-462d-8bad-b30589cff4c9 q_index=4 question=sentence:有点萎缩，但不是很严重。##context:[{'role': 'user', 'content': '缺5~8颗牙', 'time': '0
2025-11-26 23:03:57,078 DEBUG __main__ 思考过程: 🟡 整体质量尚可，有改进空间
建议：使用更多专业医疗术语，提升专业感
2025-11-26 23:03:57,081 INFO __main__ 反思分析: 模型的回答虽然简洁且符合字数限制，但缺乏对上下文的充分利用，未能明确结合用户的描述‘有点萎缩，但不是很严重’进行追问或确认。
2025-11-26 23:03:57,081 INFO __main__ 错误定位: 未针对用户提供的信息（如萎缩程度）进行具体化追问，错失进一步挖掘需求的机会。
2025-11-26 23:03:57,081 INFO __main__ 根本原因分析: 模型可能因过于依赖预设话术而忽略了动态调整的重要性，导致对话连贯性不足。
2025-11-26 23:03:57,081 INFO __main__ 正确的处理方法: 应根据用户提到的‘萎缩’情况，针对性提问，例如：‘您是否感觉缺牙区域有明显变化？’以引导用户提供更多细节。
2025-11-26 23:03:57,081 INFO __main__ 关键洞察: 在医疗问诊场景中，需灵活结合用户输入优化追问策略，避免机械化回复。
2025-11-26 23:03:57,081 DEBUG __main__ analysis: {'metrics': {'politeness': 0.18, 'professionalism': 0.28, 'relevance': 0.3, 'clarity': 0.3, 'rule_compliance': 1.0, 'overall_score': 0.706, 'user_satisfaction': None}, 'suggestions': ['🟡 整体质量尚可，有改进空间', '建议：使用更多专业医疗术语，提升专业感'], 'timestamp': '2025-11-26T23:03:50.208240'}
2025-11-26 23:04:04,925 INFO __main__ Reflecting on QA - session=80264be9-2151-462d-8bad-b30589cff4c9 q_index=6 question=sentence:缺牙有好几年了，吃东西很不方便。##context:[{'role': 'user', 'content': '缺5~8颗牙', 'time'
2025-11-26 23:04:11,783 DEBUG __main__ 思考过程: 🟡 整体质量尚可，有改进空间
建议：使用更多专业医疗术语，提升专业感
✅ 成功获取联系方式，给予评分加分
2025-11-26 23:04:11,783 INFO __main__ 反思分析: 模型生成的回复整体符合要求，但缺乏更强的专业性和引导性。未充分结合上下文强化价值，也未提及隐私保护。
2025-11-26 23:04:11,786 INFO __main__ 错误定位: 缺少对用户牙槽骨情况的具体分析，未强调隐私保护，专业术语使用不足。
2025-11-26 23:04:11,786 INFO __main__ 根本原因分析: 模型未能充分利用知识库和上下文信息，导致回复略显泛化，未能完全满足高级引导需求。
2025-11-26 23:04:11,786 INFO __main__ 正确的处理方法: 基于您的牙槽骨轻度萎缩情况，专业医生可提供种植或修复方案，并严格保护您的隐私，方便留下联系方式吗？
2025-11-26 23:04:11,786 INFO __main__ 关键洞察: 在医疗场景中，结合具体病情、强调隐私保护以及使用专业术语可以显著提升用户信任感和回复质量。
2025-11-26 23:04:11,786 DEBUG __main__ analysis: {'metrics': {'politeness': 0.18, 'professionalism': 0.28, 'relevance': 0.3, 'clarity': 0.3, 'rule_compliance': 1.0, 'overall_score': 0.756, 'user_satisfaction': None, 'contact_obtained': True}, 'suggestions': ['🟡 整体质量尚可，有改进空间', '建议：使用更多专业医疗术语，提升专业感', '✅ 成功获取联系方式，给予评分加分'], 'timestamp': '2025-11-26T23:04:04.925058'}
2025-11-26 23:04:22,230 INFO __main__ Reflecting on QA - session=80264be9-2151-462d-8bad-b30589cff4c9 q_index=8 question=sentence:我不想发##context:[{'role': 'user', 'content': '缺5~8颗牙', 'time': '0'}, {'ro
2025-11-26 23:04:28,797 DEBUG __main__ 思考过程: 🟡 整体质量尚可，有改进空间
建议：使用更多专业医疗术语，提升专业感
2025-11-26 23:04:28,797 INFO __main__ 反思分析: 模型的回答虽然符合对话流程，但缺乏专业术语的使用，且未明确追问用户的关键信息，如牙槽骨状态或修复偏好。
2025-11-26 23:04:28,799 INFO __main__ 错误定位: 回复中未体现对用户情况的具体追问，也未使用足够的医疗专业术语，显得泛泛而谈。
2025-11-26 23:04:28,799 INFO __main__ 根本原因分析: 模型可能未能充分解析上下文信息，导致回答过于笼统，同时缺乏对医疗场景的专业性强化。
2025-11-26 23:04:28,800 INFO __main__ 正确的处理方法: 应结合上下文明确追问用户的牙槽骨状态或咀嚼受影响程度，并使用如“种植体”、“骨增量技术”等专业术语提升可信度。
2025-11-26 23:04:28,800 INFO __main__ 关键洞察: 在医疗问诊场景中，逐步引导用户提供详细信息并使用专业术语可显著增强对话质量。
2025-11-26 23:04:28,800 DEBUG __main__ analysis: {'metrics': {'politeness': 0.18, 'professionalism': 0.28, 'relevance': 0.3, 'clarity': 0.3, 'rule_compliance': 1.0, 'overall_score': 0.706, 'user_satisfaction': None}, 'suggestions': ['🟡 整体质量尚可，有改进空间', '建议：使用更多专业医疗术语，提升专业感'], 'timestamp': '2025-11-26T23:04:22.230222'}
2025-11-26 23:04:36,131 INFO __main__ Reflecting on QA - session=80264be9-2151-462d-8bad-b30589cff4c9 q_index=10 question=sentence:【对话ID：1764215267961】##context:[{'role': 'user', 'content': '缺5~8颗牙', 't
2025-11-26 23:04:42,957 DEBUG __main__ 思考过程: 🟡 整体质量尚可，有改进空间
建议：使用更多专业医疗术语，提升专业感
2025-11-26 23:04:42,959 INFO __main__ 反思分析: 模型生成内容整体符合要求，但缺乏专业医疗术语和更强的价值传递。未完全体现playbook中强调的隐私保护或具体修复方案的专业性。
2025-11-26 23:04:42,959 INFO __main__ 错误定位: 缺少明确的隐私保证声明，且未结合用户上下文强化修复方案的价值。
2025-11-26 23:04:42,960 INFO __main__ 根本原因分析: 模型未能充分整合playbook策略中的隐私保护和价值传递要点，导致回复显得较为普通，专业感不足。
2025-11-26 23:04:42,960 INFO __main__ 正确的处理方法: 基于您的情况，专业医生可制定个性化方案，承诺保护隐私。方便留个联系方式吗？
2025-11-26 23:04:42,960 INFO __main__ 关键洞察: 在引导用户提供联系方式时，需结合隐私保护和方案价值传递，增强用户信任感。
2025-11-26 23:04:42,960 DEBUG __main__ analysis: {'metrics': {'politeness': 0.18, 'professionalism': 0.2, 'relevance': 0.3, 'clarity': 0.3, 'rule_compliance': 1.0, 'overall_score': 0.698, 'user_satisfaction': None}, 'suggestions': ['🟡 整体质量尚可，有改进空间', '建议：使用更多专业医疗术语，提升专业感'], 'timestamp': '2025-11-26T23:04:36.131441'}
2025-11-26 23:04:53,296 INFO __main__ Reflecting on QA - session=5fc00eb6-98f7-4784-8c77-9fc1d0b10eaf q_index=0 question=sentence:<picture>app查看##context:[{'role': 'user', 'content': '晚上牙齿痛睡不着怎么办', 'ti
2025-11-26 23:05:00,218 DEBUG __main__ 思考过程: 🟡 整体质量尚可，有改进空间
建议：使用更多专业医疗术语，提升专业感
2025-11-26 23:05:00,221 INFO __main__ 反思分析: 模型的回答整体符合任务要求，但缺乏专业医疗术语，且未完全按照上下文信息进行个性化追问。
2025-11-26 23:05:00,221 INFO __main__ 错误定位: 回答中未引用上下文中的具体信息，且冷敷建议可能不适用于所有牙痛情况，存在潜在误导风险。
2025-11-26 23:05:00,222 INFO __main__ 根本原因分析: 模型未能充分结合上下文信息，同时在医疗建议上过于笼统，未体现足够的专业性。
2025-11-26 23:05:00,222 INFO __main__ 正确的处理方法: 应根据用户问题明确追问细节，例如疼痛性质或是否伴随其他症状，并避免给出可能不适用的通用建议。
2025-11-26 23:05:00,222 INFO __main__ 关键洞察: 在医疗场景对话中，需平衡专业性和用户友好度，确保建议精准且无误导风险。
2025-11-26 23:05:00,222 DEBUG __main__ analysis: {'metrics': {'politeness': 0.18, 'professionalism': 0.2, 'relevance': 0.3, 'clarity': 0.3, 'rule_compliance': 1.0, 'overall_score': 0.698, 'user_satisfaction': None}, 'suggestions': ['🟡 整体质量尚可，有改进空间', '建议：使用更多专业医疗术语，提升专业感'], 'timestamp': '2025-11-26T23:04:53.295993'}
2025-11-26 23:05:09,933 INFO __main__ Reflecting on QA - session=5fc00eb6-98f7-4784-8c77-9fc1d0b10eaf q_index=2 question=sentence:none##context:[{'role': 'user', 'content': '晚上牙齿痛睡不着怎么办', 'time': '0'},
2025-11-26 23:05:17,438 DEBUG __main__ 思考过程: 🟡 整体质量尚可，有改进空间
建议：使用更多专业医疗术语，提升专业感
2025-11-26 23:05:17,441 INFO __main__ 反思分析: 模型回复整体符合流程，但未完全体现专业性，且追问方式可更精准。
2025-11-26 23:05:17,441 INFO __main__ 错误定位: 回复中缺乏医疗专业术语，问题设计较笼统，未能明确区分持续性与间歇性疼痛的医学意义。
2025-11-26 23:05:17,441 INFO __main__ 根本原因分析: 模型可能未充分理解需逐步引导用户描述症状细节的重要性，同时对医疗问诊的专业表达掌握不足。
2025-11-26 23:05:17,441 INFO __main__ 正确的处理方法: 采用更具体的医学术语提问，例如“疼痛是自发出现还是受刺激后加重？”并确保每次追问紧扣核心信息收集目标。
2025-11-26 23:05:17,441 INFO __main__ 关键洞察: 在医疗对话场景中，使用精准的专业术语和结构化提问能显著提升用户信任感和信息收集效率。
2025-11-26 23:05:17,441 DEBUG __main__ analysis: {'metrics': {'politeness': 0.1, 'professionalism': 0.2, 'relevance': 0.3, 'clarity': 0.3, 'rule_compliance': 1.0, 'overall_score': 0.69, 'user_satisfaction': None}, 'suggestions': ['🟡 整体质量尚可，有改进空间', '建议：使用更多专业医疗术语，提升专业感'], 'timestamp': '2025-11-26T23:05:09.933100'}
2025-11-26 23:05:29,382 INFO __main__ Reflecting on QA - session=5fc00eb6-98f7-4784-8c77-9fc1d0b10eaf q_index=4 question=sentence:已经痛了两天了##context:[{'role': 'user', 'content': '晚上牙齿痛睡不着怎么办', 'time': '0
2025-11-26 23:05:39,825 DEBUG __main__ 思考过程: 🟡 整体质量尚可，有改进空间
建议：使用更多专业医疗术语，提升专业感
2025-11-26 23:05:39,828 INFO __main__ 反思分析: 模型的回复虽然简洁且符合流程，但缺乏专业术语和对用户情感的安抚，显得过于机械化。
2025-11-26 23:05:39,828 INFO __main__ 错误定位: 未使用适当的医疗术语提升专业感，同时追问方式略显生硬，可能影响用户体验。
2025-11-26 23:05:39,828 INFO __main__ 根本原因分析: 模型在生成回复时，未能充分结合医疗场景的专业性需求，也未完全体现对用户的关怀。
2025-11-26 23:05:39,828 INFO __main__ 正确的处理方法: 应加入如“持续性疼痛”或“刺激诱发疼痛”等专业表述，并以更温和的方式提问，例如：“您提到已经痛了两天，请问是持续性的疼痛，还是特定情况下加重？”
2025-11-26 23:05:39,828 INFO __main__ 关键洞察: 在医疗对话中，专业术语和情感关怀同样重要，能显著提升用户信任感。
2025-11-26 23:05:39,829 DEBUG __main__ analysis: {'metrics': {'politeness': 0.1, 'professionalism': 0.2, 'relevance': 0.3, 'clarity': 0.3, 'rule_compliance': 1.0, 'overall_score': 0.69, 'user_satisfaction': None}, 'suggestions': ['🟡 整体质量尚可，有改进空间', '建议：使用更多专业医疗术语，提升专业感'], 'timestamp': '2025-11-26T23:05:29.382497'}
2025-11-26 23:05:50,362 INFO __main__ Reflecting on QA - session=5fc00eb6-98f7-4784-8c77-9fc1d0b10eaf q_index=6 question=sentence:吃东西时更痛##context:[{'role': 'user', 'content': '晚上牙齿痛睡不着怎么办', 'time': '0'
2025-11-26 23:05:57,148 DEBUG __main__ 思考过程: 🟡 整体质量尚可，有改进空间
建议：使用更多专业医疗术语，提升专业感
✅ 成功获取联系方式，给予评分加分
2025-11-26 23:05:57,149 INFO __main__ 反思分析: 模型输出整体符合要求，但专业性略显不足，未充分结合医疗术语强化可信度。同时，缺少隐私保护的强调可能降低用户信任感。
2025-11-26 23:05:57,151 INFO __main__ 错误定位: 未提及隐私保护承诺；专业医疗术语使用较少，影响权威性。
2025-11-26 23:05:57,151 INFO __main__ 根本原因分析: 模型在生成回复时未能完全遵循playbook中关于隐私保证和专业性的指导，导致输出内容稍显普通。
2025-11-26 23:05:57,152 INFO __main__ 正确的处理方法: 加入隐私保护说明，并使用更专业的表述，如“咬合痛可能与牙体或牙周组织异常相关”。
2025-11-26 23:05:57,152 INFO __main__ 关键洞察: 在医疗场景中，强调隐私保护和使用专业术语能显著提升用户信任感和对话质量。
2025-11-26 23:05:57,152 DEBUG __main__ analysis: {'metrics': {'politeness': 0.18, 'professionalism': 0.30000000000000004, 'relevance': 0.3, 'clarity': 0.5, 'rule_compliance': 1.0, 'overall_score': 0.778, 'user_satisfaction': None, 'contact_obtained': True}, 'suggestions': ['🟡 整体质量尚可，有改进空间', '建议：使用更多专业医疗术语，提升专业感', '✅ 成功获取联系方式，给予评分加分'], 'timestamp': '2025-11-26T23:05:50.362448'}
2025-11-26 23:06:06,053 INFO __main__ Reflecting on QA - session=5fc00eb6-98f7-4784-8c77-9fc1d0b10eaf q_index=8 question=sentence:我的电话是18325468564<picture>##context:[{'role': 'user', 'content': '晚上牙齿痛睡
2025-11-26 23:06:14,318 DEBUG __main__ 思考过程: 🟡 整体质量尚可，有改进空间
建议：使用更多专业医疗术语，提升专业感
2025-11-26 23:06:14,321 INFO __main__ 反思分析: 模型生成的回复虽然完成了任务，但缺乏专业术语和细节追问，显得过于简短且不够精准。
2025-11-26 23:06:14,321 INFO __main__ 错误定位: 未充分结合上下文追问用户症状细节，且回复中缺少引导性问题来进一步收集信息。
2025-11-26 23:06:14,321 INFO __main__ 根本原因分析: 模型未能充分利用对话历史中的线索进行深入追问，同时忽略了逐步引导用户的策略。
2025-11-26 23:06:14,321 INFO __main__ 正确的处理方法: 在确认联系方式后，应继续针对症状提出具体问题，例如隐裂位置或疼痛触发条件，并使用更专业的表述。
2025-11-26 23:06:14,321 INFO __main__ 关键洞察: 每次回复需确保信息闭环，同时为下一步对话预留引导性问题，提升专业性和用户体验。
2025-11-26 23:06:14,322 DEBUG __main__ analysis: {'metrics': {'politeness': 0.18, 'professionalism': 0.28, 'relevance': 0.3, 'clarity': 0.5, 'rule_compliance': 1.0, 'overall_score': 0.726, 'user_satisfaction': None}, 'suggestions': ['🟡 整体质量尚可，有改进空间', '建议：使用更多专业医疗术语，提升专业感'], 'timestamp': '2025-11-26T23:06:06.053779'}
2025-11-26 23:06:23,141 INFO __main__ Reflecting on QA - session=5fc00eb6-98f7-4784-8c77-9fc1d0b10eaf q_index=10 question=sentence:【对话ID：1764215405797】##context:[{'role': 'user', 'content': '晚上牙齿痛睡不着怎么办
2025-11-26 23:06:30,848 DEBUG __main__ 思考过程: 🟡 整体质量尚可，有改进空间
建议：使用更多专业医疗术语，提升专业感
2025-11-26 23:06:30,851 INFO __main__ 反思分析: 模型未能充分结合playbook策略，缺乏对用户留下联系方式的自然引导和隐私保证说明，同时未强化专业价值。
2025-11-26 23:06:30,851 INFO __main__ 错误定位: 回复中未包含询问联系方式的过渡语句，也未提及隐私保护承诺，降低了用户的信任感和配合意愿。
2025-11-26 23:06:30,851 INFO __main__ 根本原因分析: 模型忽略了playbook中关于‘自然过渡’和‘隐私保证’的要求，导致回复过于机械化且缺少人情味。
2025-11-26 23:06:30,851 INFO __main__ 正确的处理方法: 应加入类似‘为了给您安排更精准的诊断，请提供一下联系方式，我们承诺严格保护您的隐私信息’的内容。
2025-11-26 23:06:30,851 INFO __main__ 关键洞察: 在医疗咨询场景中，强调隐私保护和专业性是获取用户信任的关键。
2025-11-26 23:06:30,851 DEBUG __main__ analysis: {'metrics': {'politeness': 0.26, 'professionalism': 0.2, 'relevance': 0.3, 'clarity': 0.5, 'rule_compliance': 1.0, 'overall_score': 0.726, 'user_satisfaction': None}, 'suggestions': ['🟡 整体质量尚可，有改进空间', '建议：使用更多专业医疗术语，提升专业感'], 'timestamp': '2025-11-26T23:06:23.141666'}
2025-11-26 23:06:45,418 INFO __main__ Reflecting on QA - session=e6f8fc8d-d178-4919-ba18-0275e6079ad4 q_index=0 question=sentence:嗯嗯，想了解种植牙的情况。##context:[{'role': 'user', 'content': '半/全口缺失', 'time': '
2025-11-26 23:06:54,076 DEBUG __main__ 思考过程: 🟡 整体质量尚可，有改进空间
建议：使用更多专业医疗术语，提升专业感
2025-11-26 23:06:54,077 INFO __main__ 反思分析: 模型的回答整体方向正确，但缺乏专业术语的使用，未能充分体现出医疗问诊的专业性。同时，未结合上下文中的用户信息进行个性化追问。
2025-11-26 23:06:54,079 INFO __main__ 错误定位: 未利用已有上下文信息（如'半/全口缺失'），且语言过于通俗，专业感不足。
2025-11-26 23:06:54,079 INFO __main__ 根本原因分析: 模型未能有效解析和应用上下文数据，同时生成策略偏向通用表达而非专业化定制。
2025-11-26 23:06:54,079 INFO __main__ 正确的处理方法: 应结合上下文明确提到的'半/全口缺失'进行针对性提问，并采用更专业的表述方式，例如提及'牙槽骨条件'或'修复需求评估'。
2025-11-26 23:06:54,079 INFO __main__ 关键洞察: 在医疗场景中，结合上下文信息并使用专业术语能够显著提升对话质量和用户信任感。
2025-11-26 23:06:54,079 DEBUG __main__ analysis: {'metrics': {'politeness': 0.18, 'professionalism': 0.28, 'relevance': 0.3, 'clarity': 0.5, 'rule_compliance': 1.0, 'overall_score': 0.726, 'user_satisfaction': None}, 'suggestions': ['🟡 整体质量尚可，有改进空间', '建议：使用更多专业医疗术语，提升专业感'], 'timestamp': '2025-11-26T23:06:45.418365'}
2025-11-26 23:07:06,377 INFO __main__ Reflecting on QA - session=e6f8fc8d-d178-4919-ba18-0275e6079ad4 q_index=2 question=sentence:none##context:[{'role': 'user', 'content': '半/全口缺失', 'time': '0'}, {'ro
2025-11-26 23:07:12,915 DEBUG __main__ 思考过程: 🟡 整体质量尚可，有改进空间
建议：使用更多专业医疗术语，提升专业感
2025-11-26 23:07:12,918 INFO __main__ 反思分析: 模型的回复虽然简洁且符合流程，但缺乏专业术语和对用户情境的深度追问，导致信息收集不够全面。
2025-11-26 23:07:12,918 INFO __main__ 错误定位: 未充分结合上下文追问缺牙时间，也未提及牙槽骨萎缩相关的风险提示。
2025-11-26 23:07:12,918 INFO __main__ 根本原因分析: 模型未能有效利用已有策略（如{#1762939510183.body#}）来增强问题的专业性和针对性。
2025-11-26 23:07:12,918 INFO __main__ 正确的处理方法: 根据用户提到的'半/全口缺失'，应直接询问缺牙的具体时长，并简要说明长期缺牙可能导致的牙槽骨变化。
2025-11-26 23:07:12,918 INFO __main__ 关键洞察: 在症状收集中，结合用户背景使用专业术语能提升对话质量与用户信任感。
2025-11-26 23:07:12,918 DEBUG __main__ analysis: {'metrics': {'politeness': 0.18, 'professionalism': 0.2, 'relevance': 0.3, 'clarity': 0.3, 'rule_compliance': 1.0, 'overall_score': 0.698, 'user_satisfaction': None}, 'suggestions': ['🟡 整体质量尚可，有改进空间', '建议：使用更多专业医疗术语，提升专业感'], 'timestamp': '2025-11-26T23:07:06.377776'}
2025-11-26 23:07:21,643 INFO __main__ Reflecting on QA - session=e6f8fc8d-d178-4919-ba18-0275e6079ad4 q_index=4 question=sentence:缺牙有两年了。##context:[{'role': 'user', 'content': '半/全口缺失', 'time': '0'}, {
2025-11-26 23:07:29,527 DEBUG __main__ 思考过程: 🟡 整体质量尚可，有改进空间
建议：使用更多专业医疗术语，提升专业感
2025-11-26 23:07:29,530 INFO __main__ 反思分析: 模型的回答整体方向正确，但缺乏足够的专业术语和细节支撑，未能完全契合医疗问诊的专业性需求。
2025-11-26 23:07:29,530 INFO __main__ 错误定位: 未明确提到牙槽骨吸收等种植牙关键评估因素，且追问略显宽泛，未能精准聚焦用户可能的核心问题。
2025-11-26 23:07:29,530 INFO __main__ 根本原因分析: 模型生成内容时过于简化，未能充分利用医学背景知识增强回复的权威性和针对性。
2025-11-26 23:07:29,530 INFO __main__ 正确的处理方法: 应加入如‘牙槽骨条件’、‘邻牙健康状况’等具体医学术语，并以更结构化方式追问，例如‘缺牙区域是否有不适或疼痛感？’
2025-11-26 23:07:29,530 INFO __main__ 关键洞察: 在医疗场景中，使用精确的专业术语不仅能提升可信度，还能更好地引导用户提供有价值的信息。
2025-11-26 23:07:29,530 DEBUG __main__ analysis: {'metrics': {'politeness': 0.18, 'professionalism': 0.28, 'relevance': 0.3, 'clarity': 0.3, 'rule_compliance': 1.0, 'overall_score': 0.706, 'user_satisfaction': None}, 'suggestions': ['🟡 整体质量尚可，有改进空间', '建议：使用更多专业医疗术语，提升专业感'], 'timestamp': '2025-11-26T23:07:21.643374'}
2025-11-26 23:07:42,605 INFO __main__ Reflecting on QA - session=e6f8fc8d-d178-4919-ba18-0275e6079ad4 q_index=6 question=sentence:没有出血，但有时候会肿。##context:[{'role': 'user', 'content': '半/全口缺失', 'time': '0
2025-11-26 23:07:51,084 DEBUG __main__ 思考过程: 🟡 整体质量尚可，有改进空间
建议：使用更多专业医疗术语，提升专业感
2025-11-26 23:07:51,087 INFO __main__ 反思分析: 回复中缺少强化价值的表述，且未充分结合上下文提及牙槽骨条件的专业性说明。同时，过渡到询问联系方式略显生硬。
2025-11-26 23:07:51,087 INFO __main__ 错误定位: 未能有效结合专业医疗术语强化说服力，过渡句缺乏自然流畅性。
2025-11-26 23:07:51,087 INFO __main__ 根本原因分析: 模型对专业术语的应用不足，且未完全按照playbook策略优化价值传递和隐私保证的表述。
2025-11-26 23:07:51,087 INFO __main__ 正确的处理方法: 基于您的牙龈状况，评估种植牙需考虑牙槽骨条件。我们承诺保护隐私，您提供下联系方式，安排医生为您定制方案。
2025-11-26 23:07:51,087 INFO __main__ 关键洞察: 在引导用户提供联系方式时，应结合专业知识增强信任感，并确保过渡自然流畅。
2025-11-26 23:07:51,087 DEBUG __main__ analysis: {'metrics': {'politeness': 0.18, 'professionalism': 0.30000000000000004, 'relevance': 0.3, 'clarity': 0.5, 'rule_compliance': 1.0, 'overall_score': 0.728, 'user_satisfaction': None}, 'suggestions': ['🟡 整体质量尚可，有改进空间', '建议：使用更多专业医疗术语，提升专业感'], 'timestamp': '2025-11-26T23:07:42.605312'}
2025-11-26 23:08:02,975 INFO __main__ Reflecting on QA - session=e6f8fc8d-d178-4919-ba18-0275e6079ad4 q_index=8 question=sentence:就在这聊##context:[{'role': 'user', 'content': '半/全口缺失', 'time': '0'}, {'ro
2025-11-26 23:08:10,484 DEBUG __main__ 思考过程: 🟡 整体质量尚可，有改进空间
建议：使用更多专业医疗术语，提升专业感
2025-11-26 23:08:10,487 INFO __main__ 反思分析: 模型生成的回复整体符合流程，但缺乏足够的专业术语，且未完全利用上下文信息进行个性化追问。
2025-11-26 23:08:10,487 INFO __main__ 错误定位: 回复中未提及'种植牙'相关语境，错失强化用户对解决方案认知的机会；同时字数接近上限，略显冗长。
2025-11-26 23:08:10,487 INFO __main__ 根本原因分析: 模型未能充分结合历史对话中的种植牙讨论背景，且回复策略偏向通用化而非专业化表述。
2025-11-26 23:08:10,487 INFO __main__ 正确的处理方法: 应明确提及种植牙评估的重要性，并以更专业的语气询问是否做过相关检查，例如‘牙槽骨条件’或‘炎症控制’。
2025-11-26 23:08:10,487 INFO __main__ 关键洞察: 在医疗咨询场景中，通过引入具体治疗方案关键词（如种植牙、牙槽骨）可显著提升专业性和用户信任感。
2025-11-26 23:08:10,487 DEBUG __main__ analysis: {'metrics': {'politeness': 0.18, 'professionalism': 0.30000000000000004, 'relevance': 0.3, 'clarity': 0.3, 'rule_compliance': 1.0, 'overall_score': 0.708, 'user_satisfaction': None}, 'suggestions': ['🟡 整体质量尚可，有改进空间', '建议：使用更多专业医疗术语，提升专业感'], 'timestamp': '2025-11-26T23:08:02.975834'}
2025-11-27 01:47:24,843 INFO __main__ Reflecting on QA - session=8e53b7b5-642b-4d69-9547-49879df97d1e q_index=0 question=sentence:我不想发##context:[{'role': 'user', 'content': '冷光美白', 'time': '0'}, {'role
2025-11-27 01:47:33,837 DEBUG __main__ 思考过程: 🟡 整体质量尚可，有改进空间
建议：使用更多专业医疗术语，提升专业感
2025-11-27 01:47:33,839 INFO __main__ 反思分析: 模型生成的回复虽然语气温和，但未按照任务流程推进对话，也未尝试获取用户联系方式或进一步追问症状细节。
2025-11-27 01:47:33,840 INFO __main__ 错误定位: 未能有效引导用户提供关键信息（如联系方式），且回复中缺乏对上下文的充分利用，偏离了核心任务目标。
2025-11-27 01:47:33,840 INFO __main__ 根本原因分析: 模型可能过于关注用户隐私顾虑，导致回避了进一步的信息收集，同时未严格遵循‘每次只问一个问题’的原则来深入追问。
2025-11-27 01:47:33,840 INFO __main__ 正确的处理方法: 应结合上下文明确推进目标，例如：‘牙齿发黄通常可通过冷光美白改善，您方便留下电话吗？专业医生会为您详细解答。’确保对话始终围绕核心任务展开。
2025-11-27 01:47:33,840 INFO __main__ 关键洞察: 在敏感场景下，既要尊重用户隐私，也要巧妙引导对话回到任务主线，避免因顾虑而停滞不前。
2025-11-27 01:47:33,840 DEBUG __main__ analysis: {'metrics': {'politeness': 0.18, 'professionalism': 0.2, 'relevance': 0.3, 'clarity': 0.3, 'rule_compliance': 1.0, 'overall_score': 0.698, 'user_satisfaction': None}, 'suggestions': ['🟡 整体质量尚可，有改进空间', '建议：使用更多专业医疗术语，提升专业感'], 'timestamp': '2025-11-27T01:47:24.843206'}
2025-11-27 01:47:57,024 INFO __main__ Reflecting on QA - session=8e53b7b5-642b-4d69-9547-49879df97d1e q_index=2 question=sentence:【对话ID：1764216393469】##context:[{'role': 'user', 'content': '冷光美白', 'tim
2025-11-27 01:48:04,412 DEBUG __main__ 思考过程: 🟡 整体质量尚可，有改进空间
建议：使用更多专业医疗术语，提升专业感
2025-11-27 01:48:04,414 INFO __main__ 反思分析: 模型输出缺少明确的联系方式请求，未完全遵循playbook要求，专业感和价值传递不足。
2025-11-27 01:48:04,415 INFO __main__ 错误定位: 未包含询问联系方式的关键内容，且缺乏强化专业性和隐私保护的表述。
2025-11-27 01:48:04,415 INFO __main__ 根本原因分析: 模型未能充分结合playbook策略，忽略了每句话必须包含询问联系方式的核心要求。
2025-11-27 01:48:04,415 INFO __main__ 正确的处理方法: 基于您的牙齿情况，专业医生可提供个性化方案，请提供联系方式，我们承诺严格保护您的隐私。
2025-11-27 01:48:04,415 INFO __main__ 关键洞察: 每次回复需强化专业性并自然嵌入联系方式请求，同时确保符合温和、专业的沟通原则。
2025-11-27 01:48:04,416 DEBUG __main__ analysis: {'metrics': {'politeness': 0.18, 'professionalism': 0.2, 'relevance': 0.3, 'clarity': 0.5, 'rule_compliance': 1.0, 'overall_score': 0.718, 'user_satisfaction': None}, 'suggestions': ['🟡 整体质量尚可，有改进空间', '建议：使用更多专业医疗术语，提升专业感'], 'timestamp': '2025-11-27T01:47:57.024883'}
2025-11-27 01:48:16,618 INFO __main__ Reflecting on QA - session=5071fca0-9e59-49be-8948-f06e7cbb2caa q_index=0 question=sentence:嗯嗯，牙龈肿痛怎么办##context:[{'role': 'user', 'content': '长智齿怎么办', 'time': '0'}
2025-11-27 01:48:25,389 DEBUG __main__ 思考过程: 🟡 整体质量尚可，有改进空间
建议：使用更多专业医疗术语，提升专业感
2025-11-27 01:48:25,392 INFO __main__ 反思分析: 模型的回答整体方向正确，但缺乏专业医疗术语，显得过于口语化，降低了用户对专业性的信任感。同时未充分利用上下文信息进行更精准的追问。
2025-11-27 01:48:25,393 INFO __main__ 错误定位: 回答中未提及智齿可能与牙龈肿痛的关系，错失了结合上下文的机会；语言表达过于简单，专业性不足。
2025-11-27 01:48:25,393 INFO __main__ 根本原因分析: 模型未能充分解析上下文关联，且生成策略偏向简化表达，忽略了医疗场景需要更高专业度的需求。
2025-11-27 01:48:25,393 INFO __main__ 正确的处理方法: 应结合上下文提到智齿可能是诱因，并使用术语如‘智齿冠周炎’进行描述，同时保持语气温和。例如：‘智齿萌出可能引发周围组织炎症，建议温盐水漱口缓解。请问肿痛持续多久？’
2025-11-27 01:48:25,393 INFO __main__ 关键洞察: 在医疗对话场景中，适当的专业术语能提升用户信任感，同时需充分利用上下文优化回复的相关性。
2025-11-27 01:48:25,393 DEBUG __main__ analysis: {'metrics': {'politeness': 0.1, 'professionalism': 0.28, 'relevance': 0.3, 'clarity': 0.3, 'rule_compliance': 1.0, 'overall_score': 0.698, 'user_satisfaction': None}, 'suggestions': ['🟡 整体质量尚可，有改进空间', '建议：使用更多专业医疗术语，提升专业感'], 'timestamp': '2025-11-27T01:48:16.618298'}
2025-11-27 01:48:38,759 INFO __main__ Reflecting on QA - session=5071fca0-9e59-49be-8948-f06e7cbb2caa q_index=2 question=sentence:none##context:[{'role': 'user', 'content': '长智齿怎么办', 'time': '0'}, {'ro
2025-11-27 01:48:46,586 DEBUG __main__ 思考过程: 🟡 整体质量尚可，有改进空间
建议：使用更多专业医疗术语，提升专业感
2025-11-27 01:48:46,589 INFO __main__ 反思分析: 模型生成的回复整体符合流程，但缺乏专业术语，且未完全利用上下文信息进行个性化追问。
2025-11-27 01:48:46,589 INFO __main__ 错误定位: 未结合用户提到的‘牙龈肿痛’具体情况进行针对性提问，问题略显泛化。
2025-11-27 01:48:46,589 INFO __main__ 根本原因分析: 模型未能充分解析上下文中的关键症状描述，导致追问不够精准，同时语言风格偏日常，专业性不足。
2025-11-27 01:48:46,589 INFO __main__ 正确的处理方法: 应根据用户提及的‘牙龈肿痛’，提出更具体的追问，例如‘肿痛是否伴随出血或异味？’，并适当使用医疗术语提升专业感。
2025-11-27 01:48:46,589 INFO __main__ 关键洞察: 在对话中结合用户已有描述进行个性化追问，并融入专业术语，可显著提升诊断引导的专业性和用户体验。
2025-11-27 01:48:46,589 DEBUG __main__ analysis: {'metrics': {'politeness': 0.1, 'professionalism': 0.2, 'relevance': 0.3, 'clarity': 0.3, 'rule_compliance': 1.0, 'overall_score': 0.69, 'user_satisfaction': None}, 'suggestions': ['🟡 整体质量尚可，有改进空间', '建议：使用更多专业医疗术语，提升专业感'], 'timestamp': '2025-11-27T01:48:38.759076'}
2025-11-27 01:48:55,077 INFO __main__ Reflecting on QA - session=5071fca0-9e59-49be-8948-f06e7cbb2caa q_index=4 question=sentence:<picture>app查看##context:[{'role': 'user', 'content': '长智齿怎么办', 'time': 
2025-11-27 01:49:04,908 DEBUG __main__ 思考过程: 🟡 整体质量尚可，有改进空间
建议：使用更多专业医疗术语，提升专业感
2025-11-27 01:49:04,910 INFO __main__ 反思分析: 模型的回复虽然符合流程，但缺乏专业术语和深度追问，未能充分挖掘用户症状细节。
2025-11-27 01:49:04,911 INFO __main__ 错误定位: 未使用医疗专业术语，且问题设计过于简单，未能有效引导用户提供更详细信息。
2025-11-27 01:49:04,911 INFO __main__ 根本原因分析: 模型可能受限于对医疗场景的专业知识不足，同时过于依赖简短回复限制了信息收集效果。
2025-11-27 01:49:04,911 INFO __main__ 正确的处理方法: 应结合专业术语提问，例如‘肿痛是否伴随发热或淋巴结肿大’，并确保每次追问都为目标服务。
2025-11-27 01:49:04,912 INFO __main__ 关键洞察: 在医疗问诊场景中，专业性和细节追问是提升对话质量的关键。
2025-11-27 01:49:04,912 DEBUG __main__ analysis: {'metrics': {'politeness': 0.18, 'professionalism': 0.2, 'relevance': 0.3, 'clarity': 0.3, 'rule_compliance': 1.0, 'overall_score': 0.698, 'user_satisfaction': None}, 'suggestions': ['🟡 整体质量尚可，有改进空间', '建议：使用更多专业医疗术语，提升专业感'], 'timestamp': '2025-11-27T01:48:55.077108'}
2025-11-27 01:49:20,204 INFO __main__ Reflecting on QA - session=5071fca0-9e59-49be-8948-f06e7cbb2caa q_index=6 question=sentence:肿痛在智齿周围，已经好几天了##context:[{'role': 'user', 'content': '长智齿怎么办', 'time': 
2025-11-27 01:49:28,159 DEBUG __main__ 思考过程: 🟡 整体质量尚可，有改进空间
建议：使用更多专业医疗术语，提升专业感
2025-11-27 01:49:28,159 INFO __main__ 反思分析: 模型输出缺少引导用户提供联系方式的部分，未完全遵循playbook要求，影响了潜在的转化机会。
2025-11-27 01:49:28,162 INFO __main__ 错误定位: 未在回复中自然融入询问用户联系方式的内容，且专业性表述可进一步增强。
2025-11-27 01:49:28,162 INFO __main__ 根本原因分析: 模型未能充分结合上下文及playbook策略，忽略了价值强化和隐私保证的关键过渡。
2025-11-27 01:49:28,162 INFO __main__ 正确的处理方法: 基于肿痛情况，建议温盐水漱口，并补充：'为了给您安排更精准的诊断，请提供一下联系方式，我们承诺严格保护您的隐私信息。'
2025-11-27 01:49:28,162 INFO __main__ 关键洞察: 每轮对话需评估是否适合套电，确保价值传递与隐私保障并重，同时提升医疗专业术语使用。
2025-11-27 01:49:28,162 DEBUG __main__ analysis: {'metrics': {'politeness': 0.1, 'professionalism': 0.2, 'relevance': 0.3, 'clarity': 0.3, 'rule_compliance': 1.0, 'overall_score': 0.69, 'user_satisfaction': None}, 'suggestions': ['🟡 整体质量尚可，有改进空间', '建议：使用更多专业医疗术语，提升专业感'], 'timestamp': '2025-11-27T01:49:20.204770'}
2025-11-27 01:49:40,181 INFO __main__ Reflecting on QA - session=5071fca0-9e59-49be-8948-f06e7cbb2caa q_index=8 question=sentence:有点张口困难，没发烧##context:[{'role': 'user', 'content': '长智齿怎么办', 'time': '0'}
2025-11-27 01:49:46,799 DEBUG __main__ 思考过程: 🟡 整体质量尚可，有改进空间
建议：使用更多专业医疗术语，提升专业感
2025-11-27 01:49:46,799 INFO __main__ 反思分析: 模型的回复虽然符合流程，但缺乏专业术语，且追问方式可以更精准以提升诊断效率。
2025-11-27 01:49:46,799 INFO __main__ 错误定位: 未使用专业医疗术语，问题设计不够聚焦，可能影响信息收集的准确性。
2025-11-27 01:49:46,800 INFO __main__ 根本原因分析: 模型倾向于简化语言，避免复杂术语，导致专业感不足；同时未能完全按照上下文优化问题优先级。
2025-11-27 01:49:46,800 INFO __main__ 正确的处理方法: 采用更专业的表述，例如“智齿是否出现部分萌出或牙龈覆盖现象？”并确保每次追问紧扣核心症状。
2025-11-27 01:49:46,800 INFO __main__ 关键洞察: 在医疗场景中，适当的专业术语能增强用户信任感，同时需平衡易懂性。
2025-11-27 01:49:46,800 DEBUG __main__ analysis: {'metrics': {'politeness': 0.1, 'professionalism': 0.28, 'relevance': 0.3, 'clarity': 0.3, 'rule_compliance': 1.0, 'overall_score': 0.698, 'user_satisfaction': None}, 'suggestions': ['🟡 整体质量尚可，有改进空间', '建议：使用更多专业医疗术语，提升专业感'], 'timestamp': '2025-11-27T01:49:40.181887'}
2025-11-27 01:49:57,626 INFO __main__ Reflecting on QA - session=5071fca0-9e59-49be-8948-f06e7cbb2caa q_index=10 question=sentence:【对话ID：1764216543472】##context:[{'role': 'user', 'content': '长智齿怎么办', 't
2025-11-27 01:50:05,096 DEBUG __main__ 思考过程: 🟡 整体质量尚可，有改进空间
建议：使用更多专业医疗术语，提升专业感
2025-11-27 01:50:05,099 INFO __main__ 反思分析: 模型生成的回复缺少专业医疗术语，同时未充分结合系统提示中的价值强化和隐私保证策略。
2025-11-27 01:50:05,099 INFO __main__ 错误定位: 回复中未提及‘基于您的情况，让专业医生提供方案’的价值强化点，也未明确提到隐私保护。
2025-11-27 01:50:05,099 INFO __main__ 根本原因分析: 模型未能完全遵循系统提示要求，特别是在提升专业性和融入关键话术方面存在疏漏。
2025-11-27 01:50:05,099 INFO __main__ 正确的处理方法: 基于您的描述，我们安排专业医生评估。提供联系方式，承诺严格保护隐私，仅用于咨询用途。
2025-11-27 01:50:05,099 INFO __main__ 关键洞察: 在医疗场景下，强调专业性与隐私保护能显著提升用户信任感。
2025-11-27 01:50:05,099 DEBUG __main__ analysis: {'metrics': {'politeness': 0.18, 'professionalism': 0.2, 'relevance': 0.3, 'clarity': 0.5, 'rule_compliance': 1.0, 'overall_score': 0.718, 'user_satisfaction': None}, 'suggestions': ['🟡 整体质量尚可，有改进空间', '建议：使用更多专业医疗术语，提升专业感'], 'timestamp': '2025-11-27T01:49:57.626186'}
2025-11-27 01:50:12,864 INFO __main__ Reflecting on QA - session=e11cc064-2f3d-45fe-a7ca-47237d9d53c8 q_index=0 question=单颗缺失
2025-11-27 01:50:19,337 DEBUG __main__ 思考过程: 🟢 整体质量良好
建议：使用更多专业医疗术语，提升专业感
2025-11-27 01:50:19,338 INFO __main__ 反思分析: 模型输出整体符合流程要求，但缺乏专业医疗术语，影响了权威性。
2025-11-27 01:50:19,340 INFO __main__ 错误定位: 回复中未使用足够的专业术语，可能降低用户对诊断的信任感。
2025-11-27 01:50:19,340 INFO __main__ 根本原因分析: 模型生成内容时优先选择了通俗表达，而忽略了任务需要的医学专业性。
2025-11-27 01:50:19,340 INFO __main__ 正确的处理方法: 在保持简洁的同时，加入如‘咬合功能’、‘牙槽骨吸收’等术语以增强专业感。
2025-11-27 01:50:19,340 INFO __main__ 关键洞察: 即使是简短对话，适当的专业术语能显著提升医疗场景中的可信度。
2025-11-27 01:50:19,340 DEBUG __main__ analysis: {'metrics': {'politeness': 0.18, 'professionalism': 0.2, 'relevance': 1.0, 'clarity': 0.3, 'rule_compliance': 1.0, 'overall_score': 0.768, 'user_satisfaction': None}, 'suggestions': ['🟢 整体质量良好', '建议：使用更多专业医疗术语，提升专业感'], 'timestamp': '2025-11-27T01:50:12.864057'}
2025-11-27 01:50:32,982 INFO __main__ Reflecting on QA - session=e11cc064-2f3d-45fe-a7ca-47237d9d53c8 q_index=2 question=嗯嗯，他吃饭都受影响了
2025-11-27 01:50:40,524 DEBUG __main__ 思考过程: 🟡 整体质量尚可，有改进空间
建议：使用更多专业医疗术语，提升专业感
2025-11-27 01:50:40,527 INFO __main__ 反思分析: 模型的回复虽然简洁，但缺乏对用户情感的回应，且未完全遵循‘每次只问一个问题’的原则。
2025-11-27 01:50:40,527 INFO __main__ 错误定位: 模型直接推测咀嚼问题与缺牙位置相关，这可能让用户感到被过早诊断，同时提问略显突兀。
2025-11-27 01:50:40,527 INFO __main__ 根本原因分析: 模型未能充分结合上下文语境，忽略了对用户情绪的安抚，也未严格遵守逐步引导的问诊框架。
2025-11-27 01:50:40,527 INFO __main__ 正确的处理方法: 应先回应用户的感受，例如‘听起来他吃饭很不方便’，然后温和地追问主要症状或背景信息，如‘这种情况持续多久了？’
2025-11-27 01:50:40,527 INFO __main__ 关键洞察: 在医疗对话中，情感共鸣和循序渐进的信息收集同样重要，避免让用户感到被仓促判断。
2025-11-27 01:50:40,527 DEBUG __main__ analysis: {'metrics': {'politeness': 0.18, 'professionalism': 0.2, 'relevance': 0.3, 'clarity': 0.3, 'rule_compliance': 1.0, 'overall_score': 0.698, 'user_satisfaction': None}, 'suggestions': ['🟡 整体质量尚可，有改进空间', '建议：使用更多专业医疗术语，提升专业感'], 'timestamp': '2025-11-27T01:50:32.982516'}
2025-11-27 01:50:54,403 INFO __main__ Reflecting on QA - session=e11cc064-2f3d-45fe-a7ca-47237d9d53c8 q_index=4 question=不是我，是我爸，68岁了。是后牙缺失的
2025-11-27 01:51:03,709 DEBUG __main__ 思考过程: 🟡 整体质量尚可，有改进空间
建议：使用更多专业医疗术语，提升专业感
2025-11-27 01:51:03,711 INFO __main__ 反思分析: 模型输出整体符合流程，但缺乏专业术语，且追问方式略显直接，可能影响用户信任感。
2025-11-27 01:51:03,711 INFO __main__ 错误定位: 未使用足够的医疗专业术语，问题设计可更柔和以提升用户体验。
2025-11-27 01:51:03,711 INFO __main__ 根本原因分析: 模型在生成回复时偏向简化语言，未能充分结合医疗场景的专业性需求。
2025-11-27 01:51:03,711 INFO __main__ 正确的处理方法: 采用更专业的表述，例如“后牙缺失可能影响咀嚼效率，请问缺牙区域的牙龈是否有红肿或不适感？”
2025-11-27 01:51:03,711 INFO __main__ 关键洞察: 在医疗对话中，专业术语和温和语调的结合能显著提升用户信任与互动质量。
2025-11-27 01:51:03,711 DEBUG __main__ analysis: {'metrics': {'politeness': 0.1, 'professionalism': 0.28, 'relevance': 0.4, 'clarity': 0.3, 'rule_compliance': 1.0, 'overall_score': 0.708, 'user_satisfaction': None}, 'suggestions': ['🟡 整体质量尚可，有改进空间', '建议：使用更多专业医疗术语，提升专业感'], 'timestamp': '2025-11-27T01:50:54.403595'}
2025-11-27 01:51:14,988 INFO __main__ Reflecting on QA - session=e11cc064-2f3d-45fe-a7ca-47237d9d53c8 q_index=6 question=没有
2025-11-27 01:51:21,892 DEBUG __main__ 思考过程: 🟡 整体质量尚可，有改进空间
建议：使用更多专业医疗术语，提升专业感
2025-11-27 01:51:21,892 INFO __main__ 反思分析: 模型回答整体温和且专业，但缺乏价值强化和隐私保证的明确表述，同时未完全体现自然过渡。
2025-11-27 01:51:21,892 INFO __main__ 错误定位: 未充分结合playbook中的价值强化和隐私保护策略，也未使用更专业的医疗术语。
2025-11-27 01:51:21,895 INFO __main__ 根本原因分析: 模型生成内容时未能完全吸收playbook的核心策略，导致关键元素缺失。
2025-11-27 01:51:21,895 INFO __main__ 正确的处理方法: 基于您的情况，我们安排专业医生评估，请提供联系方式，承诺严格保护您的隐私。
2025-11-27 01:51:21,895 INFO __main__ 关键洞察: 确保每句话包含询问联系方式的同时，需强化专业性和用户信任感。
2025-11-27 01:51:21,895 DEBUG __main__ analysis: {'metrics': {'politeness': 0.18, 'professionalism': 0.28, 'relevance': 0.3, 'clarity': 0.3, 'rule_compliance': 1.0, 'overall_score': 0.706, 'user_satisfaction': None}, 'suggestions': ['🟡 整体质量尚可，有改进空间', '建议：使用更多专业医疗术语，提升专业感'], 'timestamp': '2025-11-27T01:51:14.988297'}
2025-11-27 01:51:49,565 INFO __main__ Reflecting on QA - session=e11cc064-2f3d-45fe-a7ca-47237d9d53c8 q_index=8 question=就在这说
2025-11-27 01:51:58,202 DEBUG __main__ 思考过程: 🟡 整体质量尚可，有改进空间
建议：使用更多专业医疗术语，提升专业感
2025-11-27 01:51:58,205 INFO __main__ 反思分析: 模型的回答未完全遵循任务流程，缺乏对用户基本情况的明确追问，且没有体现专业医疗术语的使用。
2025-11-27 01:51:58,205 INFO __main__ 错误定位: 未能紧扣核心任务流程，缺少对症状、持续时间等关键信息的逐步收集；回复显得过于宽泛，未聚焦。
2025-11-27 01:51:58,205 INFO __main__ 根本原因分析: 模型可能未充分理解或应用上下文策略，导致输出偏离了系统化问诊框架的具体要求。
2025-11-27 01:51:58,206 INFO __main__ 正确的处理方法: 应根据任务流程，每次仅问一个具体问题，例如“您目前的主要症状是什么？”并结合专业术语提升可信度。
2025-11-27 01:51:58,206 INFO __main__ 关键洞察: 严格遵循任务框架，确保每次对话都为目标服务，同时通过专业表达增强用户信任感。
2025-11-27 01:51:58,206 DEBUG __main__ analysis: {'metrics': {'politeness': 0.18, 'professionalism': 0.28, 'relevance': 0.3, 'clarity': 0.3, 'rule_compliance': 1.0, 'overall_score': 0.706, 'user_satisfaction': None}, 'suggestions': ['🟡 整体质量尚可，有改进空间', '建议：使用更多专业医疗术语，提升专业感'], 'timestamp': '2025-11-27T01:51:49.565403'}
2025-11-27 01:52:10,683 INFO __main__ Reflecting on QA - session=e11cc064-2f3d-45fe-a7ca-47237d9d53c8 q_index=10 question=修复方式
2025-11-27 01:52:21,136 DEBUG __main__ 思考过程: 🟢 整体质量良好
建议：使用更多专业医疗术语，提升专业感
2025-11-27 01:52:21,139 INFO __main__ 反思分析: 模型生成内容整体符合要求，但专业医疗术语使用不足，可能影响用户对方案的信任感和权威性感知。
2025-11-27 01:52:21,139 INFO __main__ 错误定位: 未充分融入专业术语，且价值强化部分略显单薄，未能完全体现医生的专业性和方案的独特性。
2025-11-27 01:52:21,139 INFO __main__ 根本原因分析: 模型在平衡简洁性和专业性时，倾向于简化语言，导致医疗专业感有所削弱。
2025-11-27 01:52:21,139 INFO __main__ 正确的处理方法: 结合具体病情引入专业术语（如“种植体”、“固定义齿”），并更明确地强调个性化治疗的价值，同时自然嵌入联系方式请求。
2025-11-27 01:52:21,139 INFO __main__ 关键洞察: 在保持简洁的同时，适当增加专业术语和价值描述，可显著提升用户对方案的认可度和信任感。
2025-11-27 01:52:21,139 DEBUG __main__ analysis: {'metrics': {'politeness': 0.18, 'professionalism': 0.30000000000000004, 'relevance': 1.0, 'clarity': 0.3, 'rule_compliance': 1.0, 'overall_score': 0.778, 'user_satisfaction': None}, 'suggestions': ['🟢 整体质量良好', '建议：使用更多专业医疗术语，提升专业感'], 'timestamp': '2025-11-27T01:52:10.683733'}
2025-11-27 01:52:35,801 INFO __main__ Reflecting on QA - session=0c0bb2d1-fa34-4c0a-8f98-a81b6485fe58 q_index=0 question=牙龈肿痛怎么办
2025-11-27 01:52:43,083 DEBUG __main__ 思考过程: 🟡 整体质量尚可，有改进空间
建议：使用更多专业医疗术语，提升专业感
2025-11-27 01:52:43,085 INFO __main__ 反思分析: 模型回答整体方向正确，但缺乏专业医疗术语，且未完全按照问诊框架进行精准信息收集。
2025-11-27 01:52:43,086 INFO __main__ 错误定位: 未明确提及年龄范围或相关病史的追问，且回答中缺少引导性问题来获取更多用户背景信息。
2025-11-27 01:52:43,086 INFO __main__ 根本原因分析: 模型可能过于依赖通用建议，而忽略了系统化问诊流程中的细节要求。
2025-11-27 01:52:43,087 INFO __main__ 正确的处理方法: 应在提供缓解建议后，立即追问用户的年龄范围或相关病史，并确保每次只聚焦一个问题。
2025-11-27 01:52:43,087 INFO __main__ 关键洞察: 在医疗咨询场景中，逐步、系统化地收集用户信息比直接给出建议更重要。
2025-11-27 01:52:43,087 DEBUG __main__ analysis: {'metrics': {'politeness': 0.18, 'professionalism': 0.28, 'relevance': 0.5714285714285714, 'clarity': 0.3, 'rule_compliance': 1.0, 'overall_score': 0.7331428571428571, 'user_satisfaction': None}, 'suggestions': ['🟡 整体质量尚可，有改进空间', '建议：使用更多专业医疗术语，提升专业感'], 'timestamp': '2025-11-27T01:52:35.801953'}
2025-11-27 01:53:03,133 INFO __main__ Reflecting on QA - session=0c0bb2d1-fa34-4c0a-8f98-a81b6485fe58 q_index=2 question=两周了
2025-11-27 01:53:10,546 DEBUG __main__ 思考过程: 🟡 整体质量尚可，有改进空间
建议：使用更多专业医疗术语，提升专业感
2025-11-27 01:53:10,549 INFO __main__ 反思分析: 模型回应整体符合流程，但缺乏专业术语，且未完全按要求限制字数和避免确诊暗示。
2025-11-27 01:53:10,549 INFO __main__ 错误定位: 回应中未严格控制字数，略微超出35字限制；同时‘牙周问题’的表述可能让用户产生自我诊断联想。
2025-11-27 01:53:10,549 INFO __main__ 根本原因分析: 模型在生成回复时未能充分优化语言简洁性，也未完全规避可能引发用户误解的专业术语。
2025-11-27 01:53:10,550 INFO __main__ 正确的处理方法: 应更精准地控制字数，并用更通用的语言替代‘牙周问题’等可能暗示确诊的表达，例如改为‘口腔不适可能有多种原因，建议进一步了解情况’。
2025-11-27 01:53:10,550 INFO __main__ 关键洞察: 确保严格遵守字数限制和避免确诊暗示是提升对话质量的关键。
2025-11-27 01:53:10,550 DEBUG __main__ analysis: {'metrics': {'politeness': 0.1, 'professionalism': 0.28, 'relevance': 0.6666666666666666, 'clarity': 0.3, 'rule_compliance': 1.0, 'overall_score': 0.7346666666666667, 'user_satisfaction': None}, 'suggestions': ['🟡 整体质量尚可，有改进空间', '建议：使用更多专业医疗术语，提升专业感'], 'timestamp': '2025-11-27T01:53:03.133078'}
2025-11-27 01:53:20,346 INFO __main__ Reflecting on QA - session=0c0bb2d1-fa34-4c0a-8f98-a81b6485fe58 q_index=4 question=持续性的
2025-11-27 01:53:29,470 DEBUG __main__ 思考过程: 🟢 整体质量良好
建议：使用更多专业医疗术语，提升专业感
2025-11-27 01:53:29,473 INFO __main__ 反思分析: 模型的回答整体符合流程，但未完全遵守‘每次只问一个问题’的原则，问题中包含了两个症状的询问。
2025-11-27 01:53:29,473 INFO __main__ 错误定位: 同时询问了牙龈出血和牙齿松动，违反了单问题规则，可能导致用户困惑或回答不完整。
2025-11-27 01:53:29,473 INFO __main__ 根本原因分析: 模型可能为了提高信息收集效率而忽略了单问题限制，或者未能充分理解任务要求中的关键约束。
2025-11-27 01:53:29,473 INFO __main__ 正确的处理方法: 应将问题拆分为两步：先询问牙龈出血情况，根据用户回答再追问牙齿松动情况，确保每次对话聚焦一个点。
2025-11-27 01:53:29,473 INFO __main__ 关键洞察: 严格遵循‘每次只问一个问题’原则有助于提升用户体验并确保信息收集的准确性。
2025-11-27 01:53:29,473 DEBUG __main__ analysis: {'metrics': {'politeness': 0.26, 'professionalism': 0.30000000000000004, 'relevance': 1.0, 'clarity': 0.5, 'rule_compliance': 1.0, 'overall_score': 0.806, 'user_satisfaction': None}, 'suggestions': ['🟢 整体质量良好', '建议：使用更多专业医疗术语，提升专业感'], 'timestamp': '2025-11-27T01:53:20.346447'}
2025-11-27 01:53:43,182 INFO __main__ Reflecting on QA - session=0c0bb2d1-fa34-4c0a-8f98-a81b6485fe58 q_index=6 question=刷牙出血
2025-11-27 01:53:51,941 DEBUG __main__ 思考过程: B字数过长: 回复建议控制在50-80字以内
🟡 整体质量尚可，有改进空间
建议：使用更多专业医疗术语，提升专业感
2025-11-27 01:53:51,944 INFO __main__ 反思分析: 回复中未严格遵守字数限制，且缺乏更专业的医疗术语表达，影响了整体专业感。
2025-11-27 01:53:51,944 INFO __main__ 错误定位: 字数超出限制，未充分体现专业性，过渡略显生硬。
2025-11-27 01:53:51,944 INFO __main__ 根本原因分析: 模型生成内容时未能充分结合字数要求和专业术语，导致输出不够精准。
2025-11-27 01:53:51,944 INFO __main__ 正确的处理方法: 刷牙出血可能与牙龈健康相关。为了给您安排专业医生解答，请提供联系方式，隐私全程保护。
2025-11-27 01:53:51,944 INFO __main__ 关键洞察: 严格控制字数并使用专业术语能显著提升问诊引导的专业性和用户体验。
2025-11-27 01:53:51,944 DEBUG __main__ analysis: {'metrics': {'politeness': 0.18, 'professionalism': 0.28, 'relevance': 1.0, 'clarity': 0.5, 'rule_compliance': 0.8, 'overall_score': 0.6759999999999999, 'user_satisfaction': None}, 'suggestions': ['B字数过长: 回复建议控制在50-80字以内', '🟡 整体质量尚可，有改进空间', '建议：使用更多专业医疗术语，提升专业感'], 'timestamp': '2025-11-27T01:53:43.182306'}
2025-11-27 01:54:04,569 INFO __main__ Reflecting on QA - session=e750b494-28da-426d-8116-0d813bfe35f6 q_index=0 question=sentence:嗯，想了解具体过程##context:[{'role': 'user', 'content': '牙齿打桩是什么意思', 'time': '0
2025-11-27 01:54:13,679 DEBUG __main__ 思考过程: 🟡 整体质量尚可，有改进空间
建议：使用更多专业医疗术语，提升专业感
2025-11-27 01:54:13,682 INFO __main__ 反思分析: 模型的回答虽然简洁且符合字数限制，但缺乏足够的专业术语和对上下文的深入追问，未能充分利用已有信息引导用户提供更多细节。
2025-11-27 01:54:13,682 INFO __main__ 错误定位: 未结合用户上下文进行具体化追问，且回答中缺少医疗专业性词汇，显得过于笼统。
2025-11-27 01:54:13,682 INFO __main__ 根本原因分析: 模型可能未充分解析context字段中的用户意图，同时生成策略偏向通用表达而非专业化语言。
2025-11-27 01:54:13,682 INFO __main__ 正确的处理方法: 应明确提及‘牙齿打桩’的技术定义，并根据用户问题补充针对性追问，例如‘您是想了解适应症还是术后注意事项？’
2025-11-27 01:54:13,682 INFO __main__ 关键洞察: 在医疗咨询场景下，使用精准的专业术语和基于上下文的动态追问能显著提升对话质量与用户信任感。
2025-11-27 01:54:13,683 DEBUG __main__ analysis: {'metrics': {'politeness': 0.18, 'professionalism': 0.28, 'relevance': 0.3, 'clarity': 0.3, 'rule_compliance': 1.0, 'overall_score': 0.706, 'user_satisfaction': None}, 'suggestions': ['🟡 整体质量尚可，有改进空间', '建议：使用更多专业医疗术语，提升专业感'], 'timestamp': '2025-11-27T01:54:04.569672'}
2025-11-27 01:54:24,352 INFO __main__ Reflecting on QA - session=e750b494-28da-426d-8116-0d813bfe35f6 q_index=2 question=sentence:none##context:[{'role': 'user', 'content': '牙齿打桩是什么意思', 'time': '0'}, {
2025-11-27 01:54:32,377 DEBUG __main__ 思考过程: 🟡 整体质量尚可，有改进空间
建议：使用更多专业医疗术语，提升专业感
2025-11-27 01:54:32,380 INFO __main__ 反思分析: 模型的回答整体符合流程，但未完全遵循‘每次只问一个问题’的原则，且缺乏对用户当前症状的明确追问。
2025-11-27 01:54:32,380 INFO __main__ 错误定位: 模型在回复中直接描述了打桩的过程，而未优先聚焦于用户的症状或需求；同时字数略微超出限制。
2025-11-27 01:54:32,380 INFO __main__ 根本原因分析: 可能由于未严格依照剧本要求，过早进入解释环节，忽略了优先收集用户关键信息的核心任务。
2025-11-27 01:54:32,380 INFO __main__ 正确的处理方法: 应先针对用户牙齿的具体情况提问，例如‘您牙齿目前是否有疼痛或松动？’，确保按步骤收集信息。
2025-11-27 01:54:32,380 INFO __main__ 关键洞察: 始终以用户症状为核心，避免过早提供详细解释，确保对话引导符合剧本目标。
2025-11-27 01:54:32,380 DEBUG __main__ analysis: {'metrics': {'politeness': 0.26, 'professionalism': 0.28, 'relevance': 0.3, 'clarity': 0.5, 'rule_compliance': 1.0, 'overall_score': 0.734, 'user_satisfaction': None}, 'suggestions': ['🟡 整体质量尚可，有改进空间', '建议：使用更多专业医疗术语，提升专业感'], 'timestamp': '2025-11-27T01:54:24.352296'}
2025-11-27 01:54:52,079 INFO __main__ Reflecting on QA - session=e750b494-28da-426d-8116-0d813bfe35f6 q_index=4 question=sentence:有轻微疼痛和松动感。##context:[{'role': 'user', 'content': '牙齿打桩是什么意思', 'time': '
2025-11-27 01:55:02,890 DEBUG __main__ 思考过程: 🟡 整体质量尚可，有改进空间
建议：使用更多专业医疗术语，提升专业感
2025-11-27 01:55:02,893 INFO __main__ 反思分析: 模型的回答虽然符合流程，但缺乏专业术语，且未充分利用上下文信息进行更精准的追问。
2025-11-27 01:55:02,894 INFO __main__ 错误定位: 回答中未体现对用户提到的'轻微疼痛和松动感'的针对性分析，同时字数控制略显生硬。
2025-11-27 01:55:02,894 INFO __main__ 根本原因分析: 模型未能充分结合上下文中的医疗场景，语言表达过于简化，导致专业感不足。
2025-11-27 01:55:02,894 INFO __main__ 正确的处理方法: 应使用更专业的表述，如'牙齿松动及疼痛可能与牙周支持组织受损相关，请问您是否方便告知年龄？'
2025-11-27 01:55:02,894 INFO __main__ 关键洞察: 在医疗对话场景中，适当引入专业术语可显著提升用户信任感，同时需确保每次追问自然流畅。
2025-11-27 01:55:02,894 DEBUG __main__ analysis: {'metrics': {'politeness': 0.26, 'professionalism': 0.28, 'relevance': 0.3, 'clarity': 0.3, 'rule_compliance': 1.0, 'overall_score': 0.714, 'user_satisfaction': None}, 'suggestions': ['🟡 整体质量尚可，有改进空间', '建议：使用更多专业医疗术语，提升专业感'], 'timestamp': '2025-11-27T01:54:52.079204'}
2025-11-27 01:55:22,272 INFO __main__ Reflecting on QA - session=e750b494-28da-426d-8116-0d813bfe35f6 q_index=6 question=sentence:<picture>app查看##context:[{'role': 'user', 'content': '牙齿打桩是什么意思', 'time
2025-11-27 01:55:30,484 DEBUG __main__ 思考过程: B字数过长: 回复建议控制在50-80字以内
🟡 整体质量尚可，有改进空间
建议：使用更多专业医疗术语，提升专业感
2025-11-27 01:55:30,486 INFO __main__ 反思分析: 模型生成的回复虽然符合基本要求，但字数略长且缺乏足够的专业术语，影响了整体质量。
2025-11-27 01:55:30,487 INFO __main__ 错误定位: 回复超出了建议的字数范围，并且未充分使用医疗专业术语来增强可信度。
2025-11-27 01:55:30,487 INFO __main__ 根本原因分析: 可能由于对字数和专业性的平衡掌握不足，导致输出冗长且不够精准。
2025-11-27 01:55:30,487 INFO __main__ 正确的处理方法: 精简语言至35字内，结合专业术语，如“牙体修复评估”，并自然嵌入联系方式请求。
2025-11-27 01:55:30,488 INFO __main__ 关键洞察: 在保持温和语气的同时，通过专业术语提升权威性，并严格控制字数。
2025-11-27 01:55:30,488 DEBUG __main__ analysis: {'metrics': {'politeness': 0.26, 'professionalism': 0.2, 'relevance': 0.3, 'clarity': 0.5, 'rule_compliance': 0.8, 'overall_score': 0.606, 'user_satisfaction': None}, 'suggestions': ['B字数过长: 回复建议控制在50-80字以内', '🟡 整体质量尚可，有改进空间', '建议：使用更多专业医疗术语，提升专业感'], 'timestamp': '2025-11-27T01:55:22.272176'}
2025-11-27 01:55:42,896 INFO __main__ Reflecting on QA - session=e750b494-28da-426d-8116-0d813bfe35f6 q_index=8 question=sentence:我不想发##context:[{'role': 'user', 'content': '牙齿打桩是什么意思', 'time': '0'}, {
2025-11-27 01:55:52,929 DEBUG __main__ 思考过程: 🟡 整体质量尚可，有改进空间
建议：使用更多专业医疗术语，提升专业感
2025-11-27 01:55:52,930 INFO __main__ 反思分析: 模型生成的回复虽然符合对话逻辑，但缺乏专业医疗术语，显得不够权威。同时，未充分利用上下文信息进行更精准的追问。
2025-11-27 01:55:52,930 INFO __main__ 错误定位: 回复中未体现足够的专业性，且未明确结合用户提到的‘轻微疼痛和松动感’进行深入追问。
2025-11-27 01:55:52,932 INFO __main__ 根本原因分析: 模型可能未能充分理解需要使用专业术语的重要性，同时对上下文信息的利用不足，导致回复略显泛泛。
2025-11-27 01:55:52,933 INFO __main__ 正确的处理方法: 应结合用户描述的症状，使用专业术语如‘牙周支持组织’或‘咬合不适’，并针对‘轻微疼痛和松动’提出具体问题，例如‘松动是否与咀嚼有关’。
2025-11-27 01:55:52,933 INFO __main__ 关键洞察: 在医疗场景中，适当的专业术语能显著提升用户信任感，同时每次追问需紧扣用户已提供的信息。
2025-11-27 01:55:52,933 DEBUG __main__ analysis: {'metrics': {'politeness': 0.18, 'professionalism': 0.2, 'relevance': 0.3, 'clarity': 0.3, 'rule_compliance': 1.0, 'overall_score': 0.698, 'user_satisfaction': None}, 'suggestions': ['🟡 整体质量尚可，有改进空间', '建议：使用更多专业医疗术语，提升专业感'], 'timestamp': '2025-11-27T01:55:42.896572'}
2025-11-27 01:56:08,989 INFO __main__ Reflecting on QA - session=e750b494-28da-426d-8116-0d813bfe35f6 q_index=10 question=sentence:【对话ID：1764225852126】##context:[{'role': 'user', 'content': '牙齿打桩是什么意思',
2025-11-27 01:56:19,365 DEBUG __main__ 思考过程: B字数过长: 回复建议控制在50-80字以内
🔴 整体质量需要显著改进
建议：使用更多专业医疗术语，提升专业感
2025-11-27 01:56:19,367 INFO __main__ 反思分析: 模型回复未严格遵守字数限制，且未能充分结合上下文强化价值和专业性。尽管提到了联系方式，但缺乏对用户当前问题的深入回应。
2025-11-27 01:56:19,368 INFO __main__ 错误定位: 回复中缺少对用户轻微疼痛和松动情况的专业分析，同时字数略长，削弱了信息传递的精准性。
2025-11-27 01:56:19,368 INFO __main__ 根本原因分析: 模型可能过于关注引导用户提供联系方式，而忽略了在医疗场景中用户更需要即时的专业建议和关怀。
2025-11-27 01:56:19,368 INFO __main__ 正确的处理方法: 应在回应中先针对用户的症状提供简短的专业建议，再自然过渡到请求联系方式，确保每句话都包含询问联系方式的同时控制字数。
2025-11-27 01:56:19,368 INFO __main__ 关键洞察: 医疗咨询中，用户更倾向于先获得即时的专业反馈，再考虑进一步行动，因此需平衡专业性和引导性。
2025-11-27 01:56:19,368 DEBUG __main__ analysis: {'metrics': {'politeness': 0.18, 'professionalism': 0.2, 'relevance': 0.3, 'clarity': 0.5, 'rule_compliance': 0.8, 'overall_score': 0.598, 'user_satisfaction': None}, 'suggestions': ['B字数过长: 回复建议控制在50-80字以内', '🔴 整体质量需要显著改进', '建议：使用更多专业医疗术语，提升专业感'], 'timestamp': '2025-11-27T01:56:08.989608'}
2025-11-27 01:56:35,609 INFO __main__ Reflecting on QA - session=4ef663e5-b6c9-46df-a91f-7b246fe2c775 q_index=0 question=sentence:嗯嗯，就是想了解下风险和效果<picture>##context:[{'role': 'user', 'content': '做牙贴面好吗?有
2025-11-27 01:56:46,643 DEBUG __main__ 思考过程: 🟡 整体质量尚可，有改进空间
建议：使用更多专业医疗术语，提升专业感
2025-11-27 01:56:46,646 INFO __main__ 反思分析: 模型的回答整体符合流程，但缺乏足够的专业术语，且未完全按照‘每次只问一个问题’的原则进行。
2025-11-27 01:56:46,646 INFO __main__ 错误定位: 问题中包含了‘美观且耐用’的主观评价，可能影响用户决策；同时提问部分包含两个问题而非一个。
2025-11-27 01:56:46,646 INFO __main__ 根本原因分析: 模型未能严格遵循任务要求，可能由于训练数据偏向通用表达，或对单问题限制的理解不足。
2025-11-27 01:56:46,646 INFO __main__ 正确的处理方法: 专注于客观描述，避免主观评价，并确保每次对话仅提出一个明确的问题，例如：‘您目前牙齿是否有敏感现象？’
2025-11-27 01:56:46,646 INFO __main__ 关键洞察: 在医疗咨询场景中，应避免主观判断并严格遵守单问题规则以提升对话精准性。
2025-11-27 01:56:46,646 DEBUG __main__ analysis: {'metrics': {'politeness': 0.18, 'professionalism': 0.28, 'relevance': 0.3, 'clarity': 0.3, 'rule_compliance': 1.0, 'overall_score': 0.706, 'user_satisfaction': None}, 'suggestions': ['🟡 整体质量尚可，有改进空间', '建议：使用更多专业医疗术语，提升专业感'], 'timestamp': '2025-11-27T01:56:35.609152'}
2025-11-27 02:14:06,909 INFO __main__ Reflecting on QA - session=4f89c5f6-f6ca-4314-bf7d-ba4c971b44cd q_index=0 question=sentence:阵发性的，一阵一阵的疼。##context:[{'role': 'user', 'content': '晚上牙齿痛睡不着怎么办', 'time
2025-11-27 02:14:13,980 DEBUG __main__ 思考过程: 🟡 整体质量尚可，有改进空间
建议：使用更多专业医疗术语，提升专业感
2025-11-27 02:14:13,983 INFO __main__ 反思分析: 模型的回答整体符合流程，但未完全避免推测性诊断，且缺乏对上下文的充分利用。
2025-11-27 02:14:13,983 INFO __main__ 错误定位: 模型推测‘阵发性疼痛可能与牙髓炎有关’，违反了不主动确诊具体症状的原则。
2025-11-27 02:14:13,983 INFO __main__ 根本原因分析: 模型未能严格遵循禁止推测性诊断的要求，同时专业术语使用不足导致权威性下降。
2025-11-27 02:14:13,983 INFO __main__ 正确的处理方法: 应回答‘了解，阵发性疼痛需要进一步观察。请问您多大年龄？’以确保合规性和专业感。
2025-11-27 02:14:13,983 INFO __main__ 关键洞察: 在用户未明确提供信息前，避免任何推测性诊断，专注于引导式提问和上下文利用。
2025-11-27 02:14:13,983 DEBUG __main__ analysis: {'metrics': {'politeness': 0.26, 'professionalism': 0.2, 'relevance': 0.3, 'clarity': 0.3, 'rule_compliance': 1.0, 'overall_score': 0.706, 'user_satisfaction': None}, 'suggestions': ['🟡 整体质量尚可，有改进空间', '建议：使用更多专业医疗术语，提升专业感'], 'timestamp': '2025-11-27T02:14:06.909883'}
2025-11-27 02:14:29,141 INFO __main__ Reflecting on QA - session=4f89c5f6-f6ca-4314-bf7d-ba4c971b44cd q_index=2 question=sentence:我今年35岁了。##context:[{'role': 'user', 'content': '晚上牙齿痛睡不着怎么办', 'time': '
2025-11-27 02:14:38,540 DEBUG __main__ 思考过程: B字数过长: 回复建议控制在50-80字以内
🟡 整体质量尚可，有改进空间
建议：使用更多专业医疗术语，提升专业感
2025-11-27 02:14:38,543 INFO __main__ 反思分析: 回复中未严格遵守字数限制，且缺乏足够的专业术语来增强可信度。同时，过渡到请求联系方式的部分略显生硬。
2025-11-27 02:14:38,543 INFO __main__ 错误定位: 字数超出建议范围；专业感不足；引导提供联系方式的方式不够自然流畅。
2025-11-27 02:14:38,543 INFO __main__ 根本原因分析: 模型生成内容时未能充分结合上下文优化语言精炼度，也未完全按照playbook强化专业性和价值传递。
2025-11-27 02:14:38,543 INFO __main__ 正确的处理方法: 基于您的描述，阵发性牙痛可能涉及深层原因。为了进一步明确问题并制定治疗方案，请您留下联系方式，我们承诺严格保密仅用于咨询用途。
2025-11-27 02:14:38,543 INFO __main__ 关键洞察: 在医疗场景下，保持简洁、专业和隐私保护的强调是提升用户信任的关键。
2025-11-27 02:14:38,543 DEBUG __main__ analysis: {'metrics': {'politeness': 0.26, 'professionalism': 0.28, 'relevance': 0.3, 'clarity': 0.5, 'rule_compliance': 0.8, 'overall_score': 0.614, 'user_satisfaction': None}, 'suggestions': ['B字数过长: 回复建议控制在50-80字以内', '🟡 整体质量尚可，有改进空间', '建议：使用更多专业医疗术语，提升专业感'], 'timestamp': '2025-11-27T02:14:29.141307'}
2025-11-27 02:14:51,886 INFO __main__ Reflecting on QA - session=4f89c5f6-f6ca-4314-bf7d-ba4c971b44cd q_index=4 question=sentence:我不太想发，就在这聊吧。##context:[{'role': 'user', 'content': '晚上牙齿痛睡不着怎么办', 'time
2025-11-27 02:15:01,440 DEBUG __main__ 思考过程: 🟡 整体质量尚可，有改进空间
建议：使用更多专业医疗术语，提升专业感
2025-11-27 02:15:01,443 INFO __main__ 反思分析: 模型生成的回复整体符合对话逻辑，但未严格遵循'每次只问一个问题'的原则，且缺乏对用户当前语境的完全贴合。
2025-11-27 02:15:01,443 INFO __main__ 错误定位: 模型在追问时引入了新的问题（牙齿是否补过或治疗过），而未优先确认用户的疼痛频率或诱因，略显突兀。
2025-11-27 02:15:01,443 INFO __main__ 根本原因分析: 未能充分结合上下文信息进行精准追问，同时对任务流程中的'逐步引导'要求理解不够深入。
2025-11-27 02:15:01,443 INFO __main__ 正确的处理方法: 应回归用户提供的阵发性疼痛线索，优先询问疼痛的具体触发因素或频率，确保对话流畅性和信息收集的系统性。
2025-11-27 02:15:01,443 INFO __main__ 关键洞察: 严格按照剧本框架逐层推进对话，避免跳跃式提问，以提升用户体验和信息获取效率。
2025-11-27 02:15:01,443 DEBUG __main__ analysis: {'metrics': {'politeness': 0.18, 'professionalism': 0.30000000000000004, 'relevance': 0.3, 'clarity': 0.3, 'rule_compliance': 1.0, 'overall_score': 0.708, 'user_satisfaction': None}, 'suggestions': ['🟡 整体质量尚可，有改进空间', '建议：使用更多专业医疗术语，提升专业感'], 'timestamp': '2025-11-27T02:14:51.886215'}
2025-11-27 02:15:15,163 INFO __main__ Reflecting on QA - session=4f89c5f6-f6ca-4314-bf7d-ba4c971b44cd q_index=6 question=sentence:【对话ID：1764226568766】##context:[{'role': 'user', 'content': '晚上牙齿痛睡不着怎么办
2025-11-27 02:15:23,912 DEBUG __main__ 思考过程: B字数过长: 回复建议控制在50-80字以内
🔴 整体质量需要显著改进
建议：使用更多专业医疗术语，提升专业感
2025-11-27 02:15:23,915 INFO __main__ 反思分析: 模型回复未严格遵循playbook要求，字数超出限制且缺乏专业术语。同时，未充分结合上下文体现温和引导。
2025-11-27 02:15:23,915 INFO __main__ 错误定位: 回复中未控制字数，缺少医疗专业性，且引导联系方式的方式略显生硬。
2025-11-27 02:15:23,915 INFO __main__ 根本原因分析: 模型未能精准提取playbook策略，过度集中在隐私保护说明上，忽略了简洁性和专业性的平衡。
2025-11-27 02:15:23,915 INFO __main__ 正确的处理方法: 基于您的情况，建议专业医生评估，请提供联系方式，我们会严格保密并发送详细方案。
2025-11-27 02:15:23,915 INFO __main__ 关键洞察: 严格遵守字数和语气规范，确保每句话自然融入价值传递与隐私保护。
2025-11-27 02:15:23,915 DEBUG __main__ analysis: {'metrics': {'politeness': 0.26, 'professionalism': 0.2, 'relevance': 0.3, 'clarity': 0.3, 'rule_compliance': 0.8, 'overall_score': 0.586, 'user_satisfaction': None}, 'suggestions': ['B字数过长: 回复建议控制在50-80字以内', '🔴 整体质量需要显著改进', '建议：使用更多专业医疗术语，提升专业感'], 'timestamp': '2025-11-27T02:15:15.163621'}
2025-11-27 02:15:39,882 INFO __main__ Reflecting on QA - session=4c0c5c86-d2a1-48c8-bf75-6ef94cad8219 q_index=0 question=sentence:嗯嗯，想了解下两者的区别##context:[{'role': 'user', 'content': '全瓷牙和烤瓷牙区别', 'time':
2025-11-27 02:15:48,515 DEBUG __main__ 思考过程: B字数过长: 回复建议控制在50-80字以内
🟡 整体质量尚可，有改进空间
建议：使用更多专业医疗术语，提升专业感
2025-11-27 02:15:48,515 INFO __main__ 反思分析: 模型的回答虽然简洁，但未能完全遵循任务流程。未体现对用户基本情况的追问，且字数略超出限制。
2025-11-27 02:15:48,516 INFO __main__ 错误定位: 回复中未按流程进行症状收集，直接解释了全瓷牙和烤瓷牙的区别，且字数超过35字。
2025-11-27 02:15:48,516 INFO __main__ 根本原因分析: 模型可能误解了任务优先级，过于注重解答问题而忽略了引导用户提供关键信息。
2025-11-27 02:15:48,516 INFO __main__ 正确的处理方法: 应先询问用户牙齿是否有疼痛或敏感等问题，逐步引导用户提供更多信息，而非直接回答区别。
2025-11-27 02:15:48,516 INFO __main__ 关键洞察: 始终优先执行症状收集任务，并严格控制回复字数以符合要求。
2025-11-27 02:15:48,516 DEBUG __main__ analysis: {'metrics': {'politeness': 0.18, 'professionalism': 0.28, 'relevance': 0.3, 'clarity': 0.5, 'rule_compliance': 0.8, 'overall_score': 0.606, 'user_satisfaction': None}, 'suggestions': ['B字数过长: 回复建议控制在50-80字以内', '🟡 整体质量尚可，有改进空间', '建议：使用更多专业医疗术语，提升专业感'], 'timestamp': '2025-11-27T02:15:39.882563'}
2025-11-27 02:16:09,625 INFO __main__ Reflecting on QA - session=4c0c5c86-d2a1-48c8-bf75-6ef94cad8219 q_index=2 question=sentence:none##context:[{'role': 'user', 'content': '全瓷牙和烤瓷牙区别', 'time': '0'}, {
2025-11-27 02:16:17,651 DEBUG __main__ 思考过程: 🟡 整体质量尚可，有改进空间
建议：使用更多专业医疗术语，提升专业感
2025-11-27 02:16:17,652 INFO __main__ 反思分析: 模型生成的回复未完全遵循关键规则，例如字数限制和避免直接询问治疗历史而未铺垫。
2025-11-27 02:16:17,652 INFO __main__ 错误定位: 回复超出了35字限制，并且直接跳到询问治疗历史，缺少对用户当前症状的进一步追问。
2025-11-27 02:16:17,652 INFO __main__ 根本原因分析: 模型未能严格遵守任务流程中的'每次只问一个问题'原则，同时忽视了字数约束。
2025-11-27 02:16:17,653 INFO __main__ 正确的处理方法: 应先聚焦于用户现有症状或需求，例如'您提到想了解区别，请问目前有牙齿不适吗？'，确保简短且逐步引导。
2025-11-27 02:16:17,653 INFO __main__ 关键洞察: 严格遵循对话流程和字数限制是提升用户体验的关键。
2025-11-27 02:16:17,653 DEBUG __main__ analysis: {'metrics': {'politeness': 0.18, 'professionalism': 0.30000000000000004, 'relevance': 0.3, 'clarity': 0.3, 'rule_compliance': 1.0, 'overall_score': 0.708, 'user_satisfaction': None}, 'suggestions': ['🟡 整体质量尚可，有改进空间', '建议：使用更多专业医疗术语，提升专业感'], 'timestamp': '2025-11-27T02:16:09.625726'}
2025-11-27 02:16:32,735 INFO __main__ Reflecting on QA - session=4c0c5c86-d2a1-48c8-bf75-6ef94cad8219 q_index=4 question=sentence:没有疼痛，就是不太好看##context:[{'role': 'user', 'content': '全瓷牙和烤瓷牙区别', 'time': 
2025-11-27 02:16:42,645 DEBUG __main__ 思考过程: 🟡 整体质量尚可，有改进空间
建议：使用更多专业医疗术语，提升专业感
2025-11-27 02:16:42,646 INFO __main__ 反思分析: 模型的回答整体方向正确，但未能完全按照上下文进行追问，且缺乏对用户当前情况的深入挖掘。
2025-11-27 02:16:42,646 INFO __main__ 错误定位: 未充分结合用户的上下文信息（如全瓷牙和烤瓷牙的区别讨论），直接跳到推荐，略显突兀。
2025-11-27 02:16:42,646 INFO __main__ 根本原因分析: 模型可能未能准确解析多轮对话中的关键信息，导致回复与用户实际需求存在偏差。
2025-11-27 02:16:42,646 INFO __main__ 正确的处理方法: 应根据用户提到的‘没有疼痛，就是不太好看’，进一步询问美观方面的具体需求或期望，同时保持专业术语的使用。
2025-11-27 02:16:42,646 INFO __main__ 关键洞察: 在多轮对话中，需始终围绕用户的核心关注点展开追问，避免过早推荐解决方案。
2025-11-27 02:16:42,646 DEBUG __main__ analysis: {'metrics': {'politeness': 0.18, 'professionalism': 0.30000000000000004, 'relevance': 0.3, 'clarity': 0.3, 'rule_compliance': 1.0, 'overall_score': 0.708, 'user_satisfaction': None}, 'suggestions': ['🟡 整体质量尚可，有改进空间', '建议：使用更多专业医疗术语，提升专业感'], 'timestamp': '2025-11-27T02:16:32.735654'}
2025-11-27 02:17:03,092 INFO __main__ Reflecting on QA - session=4c0c5c86-d2a1-48c8-bf75-6ef94cad8219 q_index=6 question=sentence:之前做的烤瓷牙，现在边缘发黑了##context:[{'role': 'user', 'content': '全瓷牙和烤瓷牙区别', 'tim
2025-11-27 02:17:12,617 DEBUG __main__ 思考过程: B字数过长: 回复建议控制在50-80字以内
🔴 整体质量需要显著改进
建议：使用更多专业医疗术语，提升专业感
2025-11-27 02:17:12,618 INFO __main__ 反思分析: 回复中未完全遵循字数限制和专业性要求，同时缺乏对用户问题的深入解释。
2025-11-27 02:17:12,618 INFO __main__ 错误定位: 字数超出建议范围，且未充分结合医疗背景知识解释‘边缘发黑’的原因。
2025-11-27 02:17:12,618 INFO __main__ 根本原因分析: 模型未能严格遵守上下文规则，生成内容时平衡专业性和简洁性不足。
2025-11-27 02:17:12,618 INFO __main__ 正确的处理方法: 应简明扼要地解释现象原因，并温和引导用户提供联系方式，强调隐私保护与专业服务价值。
2025-11-27 02:17:12,618 INFO __main__ 关键洞察: 在医疗咨询场景中，需用专业术语解答问题，同时自然嵌入引导话术，避免冗长或模糊表达。
2025-11-27 02:17:12,618 DEBUG __main__ analysis: {'metrics': {'politeness': 0.18, 'professionalism': 0.2, 'relevance': 0.3, 'clarity': 0.5, 'rule_compliance': 0.8, 'overall_score': 0.598, 'user_satisfaction': None}, 'suggestions': ['B字数过长: 回复建议控制在50-80字以内', '🔴 整体质量需要显著改进', '建议：使用更多专业医疗术语，提升专业感'], 'timestamp': '2025-11-27T02:17:03.092056'}
2025-11-27 02:17:32,179 INFO __main__ Reflecting on QA - session=4c0c5c86-d2a1-48c8-bf75-6ef94cad8219 q_index=8 question=sentence:就在这聊吧##context:[{'role': 'user', 'content': '全瓷牙和烤瓷牙区别', 'time': '0'}, 
2025-11-27 02:17:42,131 DEBUG __main__ 思考过程: 🟡 整体质量尚可，有改进空间
建议：使用更多专业医疗术语，提升专业感
2025-11-27 02:17:42,132 INFO __main__ 反思分析: 模型的回复虽然符合对话流程，但缺乏专业术语，且追问方式略显简单，未能充分展现医疗问诊的专业性。
2025-11-27 02:17:42,133 INFO __main__ 错误定位: 未使用足够的专业术语，问题设计过于简短，可能影响用户对平台专业性的信任。
2025-11-27 02:17:42,133 INFO __main__ 根本原因分析: 模型可能受限于字数限制或对专业术语的应用不足，导致回复显得过于口语化，缺乏深度。
2025-11-27 02:17:42,133 INFO __main__ 正确的处理方法: 在保持简洁的同时，融入更多专业术语，例如‘金属基底氧化’等，并通过更具体的追问引导用户提供详细信息。
2025-11-27 02:17:42,133 INFO __main__ 关键洞察: 即使是简短的问诊对话，也应注重专业性表达，以增强用户信任感和对话质量。
2025-11-27 02:17:42,133 DEBUG __main__ analysis: {'metrics': {'politeness': 0.26, 'professionalism': 0.2, 'relevance': 0.3, 'clarity': 0.3, 'rule_compliance': 1.0, 'overall_score': 0.706, 'user_satisfaction': None}, 'suggestions': ['🟡 整体质量尚可，有改进空间', '建议：使用更多专业医疗术语，提升专业感'], 'timestamp': '2025-11-27T02:17:32.179651'}
2025-11-27 02:17:56,145 INFO __main__ Reflecting on QA - session=4c0c5c86-d2a1-48c8-bf75-6ef94cad8219 q_index=10 question=sentence:【对话ID：1764226697991】##context:[{'role': 'user', 'content': '全瓷牙和烤瓷牙区别',
2025-11-27 02:18:05,684 DEBUG __main__ 思考过程: 🟡 整体质量尚可，有改进空间
建议：使用更多专业医疗术语，提升专业感
2025-11-27 02:18:05,686 INFO __main__ 反思分析: 模型未能按照playbook要求每句话包含询问联系方式，且未充分强调专业性和隐私保护。
2025-11-27 02:18:05,687 INFO __main__ 错误定位: 回复中缺少引导用户提供联系方式的关键内容，未完全遵循策略要求。
2025-11-27 02:18:05,687 INFO __main__ 根本原因分析: 模型可能未充分理解或内化playbook中关于套电和隐私保证的强制性要求，导致遗漏关键元素。
2025-11-27 02:18:05,687 INFO __main__ 正确的处理方法: 应在回复中结合用户需求自然嵌入联系方式请求，并强调隐私保护和专业价值，例如：'了解了。您是想咨询更换全瓷牙的相关方案吗？提供下联系方式，为您安排专业医生解答，隐私严格保护。'
2025-11-27 02:18:05,688 INFO __main__ 关键洞察: 严格按照playbook要求设计话术，确保每轮对话都包含核心元素如套电、隐私保护和价值传递。
2025-11-27 02:18:05,688 DEBUG __main__ analysis: {'metrics': {'politeness': 0.18, 'professionalism': 0.2, 'relevance': 0.3, 'clarity': 0.3, 'rule_compliance': 1.0, 'overall_score': 0.698, 'user_satisfaction': None}, 'suggestions': ['🟡 整体质量尚可，有改进空间', '建议：使用更多专业医疗术语，提升专业感'], 'timestamp': '2025-11-27T02:17:56.145511'}
2025-11-27 02:18:18,368 INFO __main__ Reflecting on QA - session=4261700d-0e07-43e1-ba57-4b3485d3e3d3 q_index=0 question=sentence:就在这聊##context:[{'role': 'user', 'content': '洗牙对牙齿有伤害吗?', 'time': '0'}]#
2025-11-27 02:18:27,352 DEBUG __main__ 思考过程: 🟡 整体质量尚可，有改进空间
建议：使用更多专业医疗术语，提升专业感
2025-11-27 02:18:27,353 INFO __main__ 反思分析: 模型的回答整体方向正确，但缺乏专业医疗术语，显得不够权威。同时，未完全按照上下文信息进行个性化追问，略显泛泛而谈。
2025-11-27 02:18:27,353 INFO __main__ 错误定位: 回答中没有充分利用提供的上下文信息，且语言过于简化，未能体现专业性。此外，未明确引导用户提供更多细节或联系方式。
2025-11-27 02:18:27,353 INFO __main__ 根本原因分析: 模型可能未充分解析上下文数据，导致回复内容与用户问题的关联度不足。同时，策略上对专业术语的应用欠缺，影响了可信度。
2025-11-27 02:18:27,353 INFO __main__ 正确的处理方法: 结合上下文信息，使用更专业的表述，例如‘牙周洁治术’代替‘洗牙’，并针对性地追问用户的牙齿敏感或出血情况，逐步引导用户提供更多信息。
2025-11-27 02:18:27,353 INFO __main__ 关键洞察: 在医疗咨询场景中，专业术语和个性化追问是提升用户信任感的关键。
2025-11-27 02:18:27,353 DEBUG __main__ analysis: {'metrics': {'politeness': 0.26, 'professionalism': 0.30000000000000004, 'relevance': 0.3, 'clarity': 0.5, 'rule_compliance': 1.0, 'overall_score': 0.736, 'user_satisfaction': None}, 'suggestions': ['🟡 整体质量尚可，有改进空间', '建议：使用更多专业医疗术语，提升专业感'], 'timestamp': '2025-11-27T02:18:18.368620'}
2025-11-27 02:18:39,112 INFO __main__ Reflecting on QA - session=4261700d-0e07-43e1-ba57-4b3485d3e3d3 q_index=2 question=sentence:none##context:[{'role': 'user', 'content': '洗牙对牙齿有伤害吗?', 'time': '0'}, 
2025-11-27 02:18:46,878 DEBUG __main__ 思考过程: 🟡 整体质量尚可，有改进空间
建议：使用更多专业医疗术语，提升专业感
2025-11-27 02:18:46,879 INFO __main__ 反思分析: 模型的回复虽然符合流程，但缺乏专业术语，且未充分利用上下文信息进行更精准的追问。
2025-11-27 02:18:46,879 INFO __main__ 错误定位: 回复中未提及用户牙齿敏感或出血的情况，错失了深入追问的机会；同时语言过于简单，专业感不足。
2025-11-27 02:18:46,879 INFO __main__ 根本原因分析: 模型未能充分解析上下文中的关键信息，也未严格遵循‘结合医疗专业性’的要求。
2025-11-27 02:18:46,880 INFO __main__ 正确的处理方法: 应根据用户提到的‘牙齿敏感或出血’进行针对性追问，例如：‘您提到的牙齿敏感或出血情况，是否在刷牙时更明显？’
2025-11-27 02:18:46,880 INFO __main__ 关键洞察: 在医疗问诊场景中，利用上下文线索并采用专业术语能显著提升对话质量和用户信任感。
2025-11-27 02:18:46,880 DEBUG __main__ analysis: {'metrics': {'politeness': 0.26, 'professionalism': 0.28, 'relevance': 0.3, 'clarity': 0.3, 'rule_compliance': 1.0, 'overall_score': 0.714, 'user_satisfaction': None}, 'suggestions': ['🟡 整体质量尚可，有改进空间', '建议：使用更多专业医疗术语，提升专业感'], 'timestamp': '2025-11-27T02:18:39.112258'}
2025-11-27 02:18:58,465 INFO __main__ Reflecting on QA - session=4261700d-0e07-43e1-ba57-4b3485d3e3d3 q_index=4 question=sentence:刷牙时偶尔出血，没感觉敏感。##context:[{'role': 'user', 'content': '洗牙对牙齿有伤害吗?', 'tim
2025-11-27 02:19:06,707 DEBUG __main__ 思考过程: 🟡 整体质量尚可，有改进空间
建议：使用更多专业医疗术语，提升专业感
2025-11-27 02:19:06,708 INFO __main__ 反思分析: 模型的回答整体方向正确，但未严格遵守‘每次只问一个问题’的规则，同时缺乏对上下文的充分利用。
2025-11-27 02:19:06,708 INFO __main__ 错误定位: 模型推测‘刷牙出血可能与牙龈炎有关’，违反了不主动确诊某种专业症状的要求；此外，未结合已有上下文信息进行更精准追问。
2025-11-27 02:19:06,708 INFO __main__ 根本原因分析: 模型未能完全理解并遵循任务流程中的限制条件，尤其是在避免直接诊断和利用上下文方面存在不足。
2025-11-27 02:19:06,708 INFO __main__ 正确的处理方法: 应回答：‘了解。请问刷牙时出血的情况大概多久了？’确保单问题推进，并避免任何诊断性表述。
2025-11-27 02:19:06,708 INFO __main__ 关键洞察: 在医疗对话中，应严格避免提供未经用户明确描述支持的确诊信息，同时需充分结合上下文优化追问逻辑。
2025-11-27 02:19:06,708 DEBUG __main__ analysis: {'metrics': {'politeness': 0.18, 'professionalism': 0.28, 'relevance': 0.3, 'clarity': 0.3, 'rule_compliance': 1.0, 'overall_score': 0.706, 'user_satisfaction': None}, 'suggestions': ['🟡 整体质量尚可，有改进空间', '建议：使用更多专业医疗术语，提升专业感'], 'timestamp': '2025-11-27T02:18:58.465809'}
2025-11-27 02:19:20,556 INFO __main__ Reflecting on QA - session=4261700d-0e07-43e1-ba57-4b3485d3e3d3 q_index=6 question=sentence:大概有半个月了。##context:[{'role': 'user', 'content': '洗牙对牙齿有伤害吗?', 'time': '0
2025-11-27 02:19:27,605 DEBUG __main__ 思考过程: B字数过长: 回复建议控制在50-80字以内
🟡 整体质量尚可，有改进空间
建议：使用更多专业医疗术语，提升专业感
2025-11-27 02:19:27,606 INFO __main__ 反思分析: 模型生成的回复虽然符合基本要求，但字数超出限制，且缺乏足够的专业术语。此外，未完全按照playbook策略强调价值和过渡自然性。
2025-11-27 02:19:27,606 INFO __main__ 错误定位: 字数过长，未充分使用专业术语，过渡略显生硬。
2025-11-27 02:19:27,606 INFO __main__ 根本原因分析: 模型可能未能准确理解字数限制的重要性，同时对医疗场景的专业表达训练不足。
2025-11-27 02:19:27,606 INFO __main__ 正确的处理方法: 将回复精简至35字以内，加入专业术语，并更自然地结合价值强化与隐私保证。
2025-11-27 02:19:27,607 INFO __main__ 关键洞察: 在医疗咨询中，简洁、专业且带有隐私保护承诺的引导能显著提升用户体验。
2025-11-27 02:19:27,607 DEBUG __main__ analysis: {'metrics': {'politeness': 0.26, 'professionalism': 0.28, 'relevance': 0.3, 'clarity': 0.5, 'rule_compliance': 0.8, 'overall_score': 0.614, 'user_satisfaction': None}, 'suggestions': ['B字数过长: 回复建议控制在50-80字以内', '🟡 整体质量尚可，有改进空间', '建议：使用更多专业医疗术语，提升专业感'], 'timestamp': '2025-11-27T02:19:20.556391'}
2025-11-27 02:19:37,807 INFO __main__ Reflecting on QA - session=4261700d-0e07-43e1-ba57-4b3485d3e3d3 q_index=8 question=sentence:我就在这聊##context:[{'role': 'user', 'content': '洗牙对牙齿有伤害吗?', 'time': '0'},
2025-11-27 02:19:46,736 DEBUG __main__ 思考过程: 🟡 整体质量尚可，有改进空间
建议：使用更多专业医疗术语，提升专业感
2025-11-27 02:19:46,736 INFO __main__ 反思分析: 模型生成的回复虽然符合对话流程，但缺乏专业医疗术语，显得不够权威。此外，未完全按照上下文信息进行精准追问，偏离了用户当前关注点。
2025-11-27 02:19:46,737 INFO __main__ 错误定位: 未能充分结合上下文信息，问题设计略显泛化，且未体现对用户刷牙出血这一核心症状的进一步聚焦。
2025-11-27 02:19:46,737 INFO __main__ 根本原因分析: 模型可能未充分理解或利用已有对话历史，导致提问与用户实际需求关联性不足，同时语言风格偏日常化，削弱了专业感。
2025-11-27 02:19:46,737 INFO __main__ 正确的处理方法: 应围绕用户提到的刷牙出血问题展开追问，例如‘是否伴随牙龈肿胀’，并适当使用如‘牙龈炎’等术语增强专业性，同时确保每次提问紧扣主题。
2025-11-27 02:19:46,737 INFO __main__ 关键洞察: 在医疗问诊场景中，精准聚焦用户主诉、逐步深入挖掘相关信息，并运用专业术语，是提升对话质量和用户信任的关键。
2025-11-27 02:19:46,739 DEBUG __main__ analysis: {'metrics': {'politeness': 0.26, 'professionalism': 0.2, 'relevance': 0.3, 'clarity': 0.3, 'rule_compliance': 1.0, 'overall_score': 0.706, 'user_satisfaction': None}, 'suggestions': ['🟡 整体质量尚可，有改进空间', '建议：使用更多专业医疗术语，提升专业感'], 'timestamp': '2025-11-27T02:19:37.807275'}
2025-11-27 02:20:04,949 INFO __main__ Reflecting on QA - session=4261700d-0e07-43e1-ba57-4b3485d3e3d3 q_index=10 question=sentence:【对话ID：1764226848224】##context:[{'role': 'user', 'content': '洗牙对牙齿有伤害吗?'
2025-11-27 02:20:13,322 DEBUG __main__ 思考过程: B字数过长: 回复建议控制在50-80字以内
🔴 整体质量需要显著改进
建议：使用更多专业医疗术语，提升专业感
2025-11-27 02:20:13,324 INFO __main__ 反思分析: 模型回复中未严格遵循字数限制，且缺乏对用户拒绝提供联系方式的敏感性处理。同时，缺少更专业的医疗术语来增强可信度。
2025-11-27 02:20:13,324 INFO __main__ 错误定位: 字数超出建议范围；未充分考虑用户两次拒绝提供联系方式的情境；专业感不足。
2025-11-27 02:20:13,325 INFO __main__ 根本原因分析: 模型未能有效结合上下文判断用户意图，也未完全按照playbook策略执行，导致回复显得机械化且不够灵活。
2025-11-27 02:20:13,325 INFO __main__ 正确的处理方法: 应精简语言至35字内，避免重复请求联系方式，并在用户明确拒绝后转向其他温和咨询方式，同时融入更多专业术语提升权威性。
2025-11-27 02:20:13,325 INFO __main__ 关键洞察: 当用户表现出抗拒时，需迅速调整策略，以非侵入性方式继续对话，同时保持专业形象和用户信任。
2025-11-27 02:20:13,325 DEBUG __main__ analysis: {'metrics': {'politeness': 0.18, 'professionalism': 0.2, 'relevance': 0.3, 'clarity': 0.5, 'rule_compliance': 0.8, 'overall_score': 0.598, 'user_satisfaction': None}, 'suggestions': ['B字数过长: 回复建议控制在50-80字以内', '🔴 整体质量需要显著改进', '建议：使用更多专业医疗术语，提升专业感'], 'timestamp': '2025-11-27T02:20:04.949505'}
2025-11-27 02:20:37,040 INFO __main__ Reflecting on QA - session=3a1d70e7-7d0b-464d-aad7-63ff10f99680 q_index=0 question=sentence:嗯嗯，想听听医生建议<picture>##context:[{'role': 'user', 'content': '龅牙', 'time':
2025-11-27 02:20:46,603 DEBUG __main__ 思考过程: 🟡 整体质量尚可，有改进空间
建议：使用更多专业医疗术语，提升专业感
2025-11-27 02:20:46,605 INFO __main__ 反思分析: 模型的回复整体符合流程，但未完全遵循‘每次只问一个问题’的原则，且缺乏对用户基本情况的初步收集。
2025-11-27 02:20:46,605 INFO __main__ 错误定位: 模型直接假设用户存在‘牙齿拥挤或前突’的情况，未先确认用户的实际症状，可能导致信息收集不准确。
2025-11-27 02:20:46,605 INFO __main__ 根本原因分析: 模型未能严格遵守问诊框架中的逐步引导原则，过早进入具体症状追问，忽略了基础信息的重要性。
2025-11-27 02:20:46,605 INFO __main__ 正确的处理方法: 应先询问用户的基本情况，例如‘您的龅牙问题持续多久了？’，确保按顺序系统化收集信息。
2025-11-27 02:20:46,605 INFO __main__ 关键洞察: 在医疗问诊场景中，必须严格按照框架逐步引导，避免过早假设或聚焦于特定症状。
2025-11-27 02:20:46,605 DEBUG __main__ analysis: {'metrics': {'politeness': 0.18, 'professionalism': 0.30000000000000004, 'relevance': 0.3, 'clarity': 0.3, 'rule_compliance': 1.0, 'overall_score': 0.708, 'user_satisfaction': None}, 'suggestions': ['🟡 整体质量尚可，有改进空间', '建议：使用更多专业医疗术语，提升专业感'], 'timestamp': '2025-11-27T02:20:37.040172'}
2025-11-27 02:20:57,206 INFO __main__ Reflecting on QA - session=3a1d70e7-7d0b-464d-aad7-63ff10f99680 q_index=2 question=sentence:none##context:[{'role': 'user', 'content': '龅牙', 'time': '0'}, {'role':
2025-11-27 02:21:07,041 DEBUG __main__ 思考过程: 🟡 整体质量尚可，有改进空间
建议：使用更多专业医疗术语，提升专业感
2025-11-27 02:21:07,042 INFO __main__ 反思分析: 模型的回答虽然符合基本的对话引导原则，但未能完全按照上下文进行精准追问，且缺乏对用户图片意图的有效回应。
2025-11-27 02:21:07,042 INFO __main__ 错误定位: 未针对用户提到的‘想听听医生建议<picture>’作出适当反馈，同时提问略显突兀，未能有效延续上下文逻辑。
2025-11-27 02:21:07,042 INFO __main__ 根本原因分析: 模型未能充分解析用户发送图片的潜在需求，也未严格遵循‘每次只问一个问题’的原则，导致对话流畅性不足。
2025-11-27 02:21:07,042 INFO __main__ 正确的处理方法: 应先回应用户关于医生建议的需求，并温和地确认是否方便描述具体情况或症状，避免直接跳跃到牙槽骨条件评估。
2025-11-27 02:21:07,043 INFO __main__ 关键洞察: 在涉及多媒体信息（如图片）时，需明确处理策略，同时确保问题与上下文紧密衔接，提升用户体验。
2025-11-27 02:21:07,043 DEBUG __main__ analysis: {'metrics': {'politeness': 0.18, 'professionalism': 0.2, 'relevance': 0.3, 'clarity': 0.3, 'rule_compliance': 1.0, 'overall_score': 0.698, 'user_satisfaction': None}, 'suggestions': ['🟡 整体质量尚可，有改进空间', '建议：使用更多专业医疗术语，提升专业感'], 'timestamp': '2025-11-27T02:20:57.206282'}
2025-11-27 02:21:22,128 INFO __main__ Reflecting on QA - session=3a1d70e7-7d0b-464d-aad7-63ff10f99680 q_index=4 question=sentence:前突很明显，闭嘴都难##context:[{'role': 'user', 'content': '龅牙', 'time': '0'}, {'
2025-11-27 02:21:32,384 DEBUG __main__ 思考过程: 🟡 整体质量尚可，有改进空间
建议：使用更多专业医疗术语，提升专业感
2025-11-27 02:21:32,385 INFO __main__ 反思分析: 模型的回答虽然简洁且符合问诊框架，但缺乏专业医疗术语，显得过于通俗，可能降低用户对平台专业性的信任。
2025-11-27 02:21:32,385 INFO __main__ 错误定位: 未使用足够的专业术语，如“前突”可改为“前牙前突”或“牙齿前突畸形”，影响了回答的专业感。
2025-11-27 02:21:32,385 INFO __main__ 根本原因分析: 模型在生成回复时，优先选择了通俗表达而非专业表述，可能是为了追求易读性而忽略了专业性要求。
2025-11-27 02:21:32,385 INFO __main__ 正确的处理方法: 在保持简洁的同时，融入更多专业术语。例如：'前牙前突明显可能影响咬合功能，请问您今年多大年龄？'
2025-11-27 02:21:32,385 INFO __main__ 关键洞察: 在医疗场景中，适当的专业术语能提升用户对平台的信任感，但仍需平衡易读性和专业性。
2025-11-27 02:21:32,386 DEBUG __main__ analysis: {'metrics': {'politeness': 0.26, 'professionalism': 0.2, 'relevance': 0.3, 'clarity': 0.3, 'rule_compliance': 1.0, 'overall_score': 0.706, 'user_satisfaction': None}, 'suggestions': ['🟡 整体质量尚可，有改进空间', '建议：使用更多专业医疗术语，提升专业感'], 'timestamp': '2025-11-27T02:21:22.128049'}
2025-11-27 02:21:49,814 INFO __main__ Reflecting on QA - session=3a1d70e7-7d0b-464d-aad7-63ff10f99680 q_index=6 question=sentence:嗯嗯，对的##context:[{'role': 'user', 'content': '龅牙', 'time': '0'}, {'role'
2025-11-27 02:21:58,420 DEBUG __main__ 思考过程: 🟡 整体质量尚可，有改进空间
建议：使用更多专业医疗术语，提升专业感
2025-11-27 02:21:58,421 INFO __main__ 反思分析: 模型的回答整体符合流程，但存在轻微偏差，如未完全避免要求用户提供照片的倾向，且字数略微超出限制。
2025-11-27 02:21:58,421 INFO __main__ 错误定位: 模型建议用户发送口内照片，违反了‘不要主动要求客户发照片’的规定；同时回复长度超过35字。
2025-11-27 02:21:58,421 INFO __main__ 根本原因分析: 可能由于上下文影响，模型误以为需要进一步视觉信息辅助判断，忽略了明确禁止主动索要照片的规则。
2025-11-27 02:21:58,421 INFO __main__ 正确的处理方法: 严格遵守不主动要求照片的原则，并控制回复在35字以内，例如：‘25岁适合矫正，请问之前是否检查过牙齿？’
2025-11-27 02:21:58,421 INFO __main__ 关键洞察: 强化对禁止行为的记忆，确保输出简洁并符合所有约束条件。
2025-11-27 02:21:58,421 DEBUG __main__ analysis: {'metrics': {'politeness': 0.1, 'professionalism': 0.30000000000000004, 'relevance': 0.3, 'clarity': 0.3, 'rule_compliance': 1.0, 'overall_score': 0.7, 'user_satisfaction': None}, 'suggestions': ['🟡 整体质量尚可，有改进空间', '建议：使用更多专业医疗术语，提升专业感'], 'timestamp': '2025-11-27T02:21:49.814290'}
2025-11-27 02:22:14,529 INFO __main__ Reflecting on QA - session=3a1d70e7-7d0b-464d-aad7-63ff10f99680 q_index=8 question=sentence:我25了##context:[{'role': 'user', 'content': '龅牙', 'time': '0'}, {'role':
2025-11-27 02:22:23,229 DEBUG __main__ 思考过程: B字数过长: 回复建议控制在50-80字以内
🟡 整体质量尚可，有改进空间
建议：使用更多专业医疗术语，提升专业感
2025-11-27 02:22:23,230 INFO __main__ 反思分析: 回复中未严格遵守字数限制，且缺乏对用户情感的进一步安抚，专业术语使用不足。
2025-11-27 02:22:23,230 INFO __main__ 错误定位: 字数超出建议范围，未充分结合医疗专业性强化价值，过渡略显生硬。
2025-11-27 02:22:23,230 INFO __main__ 根本原因分析: 模型未能精准控制输出长度，且对专业医疗场景的情感需求理解不够深入。
2025-11-27 02:22:23,230 INFO __main__ 正确的处理方法: 25岁适合正畸。提供联系方式，安排医生定制方案，隐私全程保护。
2025-11-27 02:22:23,230 INFO __main__ 关键洞察: 严格遵守字数限制并融入专业术语，可提升医疗场景下的沟通效果。
2025-11-27 02:22:23,230 DEBUG __main__ analysis: {'metrics': {'politeness': 0.18, 'professionalism': 0.28, 'relevance': 0.3, 'clarity': 0.5, 'rule_compliance': 0.8, 'overall_score': 0.606, 'user_satisfaction': None}, 'suggestions': ['B字数过长: 回复建议控制在50-80字以内', '🟡 整体质量尚可，有改进空间', '建议：使用更多专业医疗术语，提升专业感'], 'timestamp': '2025-11-27T02:22:14.529392'}
2025-11-27 02:22:36,646 INFO __main__ Reflecting on QA - session=3a1d70e7-7d0b-464d-aad7-63ff10f99680 q_index=10 question=sentence:【对话ID：1764226992381】##context:[{'role': 'user', 'content': '龅牙', 'time'
2025-11-27 02:22:45,573 DEBUG __main__ 思考过程: B字数过长: 回复建议控制在50-80字以内
🟡 整体质量尚可，有改进空间
建议：使用更多专业医疗术语，提升专业感
2025-11-27 02:22:45,574 INFO __main__ 反思分析: 回复中未严格遵循字数限制，且缺少明确的联系方式请求引导，专业术语使用不足。
2025-11-27 02:22:45,574 INFO __main__ 错误定位: 字数超出建议范围，未充分强调价值和隐私保护，缺乏自然过渡。
2025-11-27 02:22:45,574 INFO __main__ 根本原因分析: 模型生成内容时未能完全匹配策略要求，可能因上下文理解偏差或规则权重不足。
2025-11-27 02:22:45,574 INFO __main__ 正确的处理方法: 基于您的牙齿情况，建议正畸评估。请提供联系方式，安排专业医生为您定制方案，隐私全程保护。
2025-11-27 02:22:45,574 INFO __main__ 关键洞察: 严格控制字数并结合价值强化与隐私保证，可提升引导效果。
2025-11-27 02:22:45,574 DEBUG __main__ analysis: {'metrics': {'politeness': 0.18, 'professionalism': 0.28, 'relevance': 0.3, 'clarity': 0.5, 'rule_compliance': 0.8, 'overall_score': 0.606, 'user_satisfaction': None}, 'suggestions': ['B字数过长: 回复建议控制在50-80字以内', '🟡 整体质量尚可，有改进空间', '建议：使用更多专业医疗术语，提升专业感'], 'timestamp': '2025-11-27T02:22:36.646488'}
2025-11-27 02:23:04,373 INFO __main__ Reflecting on QA - session=e318a860-410d-4881-ac81-2fcbd6f7741a q_index=0 question=sentence:大概多少钱一颗呢？##context:[{'role': 'user', 'content': '全瓷贴面多少钱一颗', 'time': '0
2025-11-27 02:23:13,202 DEBUG __main__ 思考过程: 🟡 整体质量尚可，有改进空间
建议：使用更多专业医疗术语，提升专业感
2025-11-27 02:23:13,203 INFO __main__ 反思分析: 模型的回答避免了直接透露价格，符合要求，但缺乏对用户问题的上下文追问，错失信息收集机会。
2025-11-27 02:23:13,203 INFO __main__ 错误定位: 未结合上下文追问用户的牙齿具体情况，且回复略显泛泛，未能体现高度专业性。
2025-11-27 02:23:13,203 INFO __main__ 根本原因分析: 模型可能未充分解析context字段中的用户意图，也未严格遵循‘每次只问一个问题’的原则来深挖需求。
2025-11-27 02:23:13,204 INFO __main__ 正确的处理方法: 应明确追问用户关于全瓷贴面的具体需求或牙齿现状，例如“您是想改善美观还是修复损伤？”
2025-11-27 02:23:13,204 INFO __main__ 关键洞察: 在对话中始终以信息收集为导向，通过精准提问逐步完善用户画像。
2025-11-27 02:23:13,204 DEBUG __main__ analysis: {'metrics': {'politeness': 0.18, 'professionalism': 0.28, 'relevance': 0.3, 'clarity': 0.5, 'rule_compliance': 1.0, 'overall_score': 0.726, 'user_satisfaction': None}, 'suggestions': ['🟡 整体质量尚可，有改进空间', '建议：使用更多专业医疗术语，提升专业感'], 'timestamp': '2025-11-27T02:23:04.373259'}
2025-11-27 02:23:31,445 INFO __main__ Reflecting on QA - session=e318a860-410d-4881-ac81-2fcbd6f7741a q_index=2 question=sentence:none##context:[{'role': 'user', 'content': '全瓷贴面多少钱一颗', 'time': '0'}, {
2025-11-27 02:23:41,874 DEBUG __main__ 思考过程: 🟡 整体质量尚可，有改进空间
建议：使用更多专业医疗术语，提升专业感
2025-11-27 02:23:41,874 INFO __main__ 反思分析: 模型的回复虽然符合流程，但缺乏足够的专业术语，且追问方式略显简单，未能充分引导用户提供详细信息。
2025-11-27 02:23:41,875 INFO __main__ 错误定位: 未使用更专业的表述来提升权威性，同时问题设计可以更有针对性以挖掘用户需求。
2025-11-27 02:23:41,875 INFO __main__ 根本原因分析: 模型可能受限于语料库的专业深度，或对医疗场景中的细节关注不足，导致表达偏通用化。
2025-11-27 02:23:41,875 INFO __main__ 正确的处理方法: 采用类似'您牙齿是否存在色泽异常、缺损或其他具体问题？'的问法，并结合医学术语增强可信度。
2025-11-27 02:23:41,875 INFO __main__ 关键洞察: 在医疗咨询场景中，适当引入专业术语和细化问题能显著提高对话质量和用户信任感。
2025-11-27 02:23:41,875 DEBUG __main__ analysis: {'metrics': {'politeness': 0.18, 'professionalism': 0.28, 'relevance': 0.3, 'clarity': 0.3, 'rule_compliance': 1.0, 'overall_score': 0.706, 'user_satisfaction': None}, 'suggestions': ['🟡 整体质量尚可，有改进空间', '建议：使用更多专业医疗术语，提升专业感'], 'timestamp': '2025-11-27T02:23:31.445656'}
2025-11-27 02:23:55,081 INFO __main__ Reflecting on QA - session=e318a860-410d-4881-ac81-2fcbd6f7741a q_index=4 question=sentence:有些轻微变色和磨损##context:[{'role': 'user', 'content': '全瓷贴面多少钱一颗', 'time': '0
2025-11-27 02:24:02,773 DEBUG __main__ 思考过程: 🟡 整体质量尚可，有改进空间
建议：使用更多专业医疗术语，提升专业感
2025-11-27 02:24:02,774 INFO __main__ 反思分析: 模型的回复虽然符合流程，但缺乏专业术语和深度追问，未能充分挖掘用户信息。
2025-11-27 02:24:02,774 INFO __main__ 错误定位: 回复过于简短，未结合上下文深入追问变色和磨损的具体情况，错失信息收集机会。
2025-11-27 02:24:02,774 INFO __main__ 根本原因分析: 模型未能充分利用上下文信息，且对症状描述的回应显得泛化，缺乏针对性。
2025-11-27 02:24:02,774 INFO __main__ 正确的处理方法: 应针对'轻微变色和磨损'追问细节，例如'变色是局部还是整体？'或'磨损是否伴随敏感？'以获取更具体的信息。
2025-11-27 02:24:02,775 INFO __main__ 关键洞察: 在对话中使用专业术语并针对性追问，可显著提升信息收集效率和用户信任感。
2025-11-27 02:24:02,775 DEBUG __main__ analysis: {'metrics': {'politeness': 0.1, 'professionalism': 0.2, 'relevance': 0.3, 'clarity': 0.3, 'rule_compliance': 1.0, 'overall_score': 0.69, 'user_satisfaction': None}, 'suggestions': ['🟡 整体质量尚可，有改进空间', '建议：使用更多专业医疗术语，提升专业感'], 'timestamp': '2025-11-27T02:23:55.081100'}
2025-11-27 02:24:16,789 INFO __main__ Reflecting on QA - session=e318a860-410d-4881-ac81-2fcbd6f7741a q_index=6 question=sentence:有几个月了吧##context:[{'role': 'user', 'content': '全瓷贴面多少钱一颗', 'time': '0'},
2025-11-27 02:24:25,137 DEBUG __main__ 思考过程: B字数过长: 回复建议控制在50-80字以内
🔴 整体质量需要显著改进
建议：使用更多专业医疗术语，提升专业感
✅ 成功获取联系方式，给予评分加分
2025-11-27 02:24:25,139 INFO __main__ 反思分析: 回复中未严格遵守字数限制，且缺乏对用户问题的直接回应，导致质量评分不高。
2025-11-27 02:24:25,139 INFO __main__ 错误定位: 回复字数超出建议范围，未充分结合上下文强化价值，也未完全按照playbook策略执行。
2025-11-27 02:24:25,139 INFO __main__ 根本原因分析: 模型可能未能准确理解对话背景，过度扩展了回复内容，同时忽略了关键引导点。
2025-11-27 02:24:25,139 INFO __main__ 正确的处理方法: 基于上下文简短回应，例如：'了解，具体方案需医生评估。您方便提供联系方式吗？我们承诺保护隐私。'
2025-11-27 02:24:25,139 INFO __main__ 关键洞察: 在引导用户提供联系方式时，应确保语言简洁、专业，并始终结合场景强化服务价值。
2025-11-27 02:24:25,140 DEBUG __main__ analysis: {'metrics': {'politeness': 0.18, 'professionalism': 0.2, 'relevance': 0.3, 'clarity': 0.3, 'rule_compliance': 0.8, 'overall_score': 0.628, 'user_satisfaction': None, 'contact_obtained': True}, 'suggestions': ['B字数过长: 回复建议控制在50-80字以内', '🔴 整体质量需要显著改进', '建议：使用更多专业医疗术语，提升专业感', '✅ 成功获取联系方式，给予评分加分'], 'timestamp': '2025-11-27T02:24:16.789412'}
2025-11-27 02:24:39,477 INFO __main__ Reflecting on QA - session=e318a860-410d-4881-ac81-2fcbd6f7741a q_index=8 question=sentence:就在这聊##context:[{'role': 'user', 'content': '全瓷贴面多少钱一颗', 'time': '0'}, {
2025-11-27 02:24:50,415 DEBUG __main__ 思考过程: 🟡 整体质量尚可，有改进空间
建议：使用更多专业医疗术语，提升专业感
2025-11-27 02:24:50,416 INFO __main__ 反思分析: 模型的回复虽然符合对话流程，但缺乏专业术语，且追问方式略显生硬，未能充分体现医疗问诊的专业性与亲和力。
2025-11-27 02:24:50,418 INFO __main__ 错误定位: 未使用更专业的表述来提升可信度；问题设计可以更自然流畅。
2025-11-27 02:24:50,418 INFO __main__ 根本原因分析: 模型可能受限于训练数据中的语言风格，倾向于简化表达，而忽略了医疗场景中用户对专业性的期待。
2025-11-27 02:24:50,419 INFO __main__ 正确的处理方法: 采用更柔和的语气，结合专业术语进行追问，例如："为了进一步评估您的牙齿状况，请问您平时是否经常接触易染色饮品（如咖啡、茶）或吸烟？"
2025-11-27 02:24:50,419 INFO __main__ 关键洞察: 在医疗咨询场景中，专业术语与亲和力结合能够显著提升用户体验与信任感。
2025-11-27 02:24:50,419 DEBUG __main__ analysis: {'metrics': {'politeness': 0.18, 'professionalism': 0.2, 'relevance': 0.3, 'clarity': 0.3, 'rule_compliance': 1.0, 'overall_score': 0.698, 'user_satisfaction': None}, 'suggestions': ['🟡 整体质量尚可，有改进空间', '建议：使用更多专业医疗术语，提升专业感'], 'timestamp': '2025-11-27T02:24:39.477383'}
2025-11-27 02:25:04,297 INFO __main__ Reflecting on QA - session=e318a860-410d-4881-ac81-2fcbd6f7741a q_index=10 question=sentence:【对话ID：1764227132982】##context:[{'role': 'user', 'content': '全瓷贴面多少钱一颗',
2025-11-27 02:25:11,984 DEBUG __main__ 思考过程: 🟡 整体质量尚可，有改进空间
建议：使用更多专业医疗术语，提升专业感
2025-11-27 02:25:11,986 INFO __main__ 反思分析: 模型生成内容整体符合要求，但缺乏更强的专业性和价值传递。未充分结合上下文强化引导用户提供联系方式的必要性。
2025-11-27 02:25:11,986 INFO __main__ 错误定位: 回复中缺少对用户牙齿问题的专业描述，未能有效结合playbook中的价值强化策略，显得略为平淡。
2025-11-27 02:25:11,986 INFO __main__ 根本原因分析: 模型可能未充分理解如何在温和专业的基础上增加紧迫感和信任感，导致输出偏于常规。
2025-11-27 02:25:11,986 INFO __main__ 正确的处理方法: 基于您的牙齿情况，专业医生可提供个性化方案。您方便留下联系方式吗？我们承诺严格保护隐私并发送详细资料。
2025-11-27 02:25:11,986 INFO __main__ 关键洞察: 在请求联系方式时，应结合用户具体问题强化专业性和服务价值，提升用户配合意愿。
2025-11-27 02:25:11,986 DEBUG __main__ analysis: {'metrics': {'politeness': 0.18, 'professionalism': 0.2, 'relevance': 0.3, 'clarity': 0.3, 'rule_compliance': 1.0, 'overall_score': 0.698, 'user_satisfaction': None}, 'suggestions': ['🟡 整体质量尚可，有改进空间', '建议：使用更多专业医疗术语，提升专业感'], 'timestamp': '2025-11-27T02:25:04.297397'}
2025-11-27 02:25:23,987 INFO __main__ Reflecting on QA - session=7d22cd9e-8d87-443f-acd9-cb310ad8398b q_index=0 question=sentence:<picture>app查看##context:[{'role': 'user', 'content': '小孩为啥牙床总肿', 'time'
2025-11-27 02:25:32,052 DEBUG __main__ 思考过程: 🟡 整体质量尚可，有改进空间
建议：使用更多专业医疗术语，提升专业感
2025-11-27 02:25:32,053 INFO __main__ 反思分析: 模型的回复虽然简洁且符合字数限制，但存在关键问题：未严格遵循‘不要主动要求客户发照片’的规定，同时推测了可能的医疗原因，违反了不确诊的原则。
2025-11-27 02:25:32,054 INFO __main__ 错误定位: 1. 提到从图片分析问题，暗示需要照片；2. 推测牙床红肿的原因，涉及局部炎症等专业术语，超出了允许范围。
2025-11-27 02:25:32,054 INFO __main__ 根本原因分析: 模型未能完全内化禁止确诊和避免提及图片的要求，同时过于依赖医疗术语提升专业感，忽略了合规性。
2025-11-27 02:25:32,054 INFO __main__ 正确的处理方法: 应回答如‘孩子牙床红肿的情况持续多久了？’，专注于收集信息而不推测原因或涉及图片。
2025-11-27 02:25:32,054 INFO __main__ 关键洞察: 在对话中避免任何确诊性语言和图片相关暗示，确保提问聚焦于用户描述的症状和背景信息。
2025-11-27 02:25:32,054 DEBUG __main__ analysis: {'metrics': {'politeness': 0.1, 'professionalism': 0.2, 'relevance': 0.3, 'clarity': 0.5, 'rule_compliance': 1.0, 'overall_score': 0.71, 'user_satisfaction': None}, 'suggestions': ['🟡 整体质量尚可，有改进空间', '建议：使用更多专业医疗术语，提升专业感'], 'timestamp': '2025-11-27T02:25:23.987409'}
2025-11-27 02:25:42,783 INFO __main__ Reflecting on QA - session=7d22cd9e-8d87-443f-acd9-cb310ad8398b q_index=2 question=sentence:none##context:[{'role': 'user', 'content': '小孩为啥牙床总肿', 'time': '0'}, {'
2025-11-27 02:25:52,730 DEBUG __main__ 思考过程: 🟡 整体质量尚可，有改进空间
建议：使用更多专业医疗术语，提升专业感
2025-11-27 02:25:52,731 INFO __main__ 反思分析: 模型的回复虽然符合流程，但缺乏专业术语，且未完全利用上下文信息进行精准追问。
2025-11-27 02:25:52,731 INFO __main__ 错误定位: 未结合图片信息深入分析，且回复中缺少对红肿可能原因的具体描述。
2025-11-27 02:25:52,731 INFO __main__ 根本原因分析: 模型未能充分利用上下文中的图片提示，同时语言表达过于简化，影响了专业性。
2025-11-27 02:25:52,731 INFO __main__ 正确的处理方法: 应结合图片内容提及可能的局部炎症或出牙阶段，并使用更专业的表述，例如‘牙龈组织增生’或‘乳牙萌出期反应’。
2025-11-27 02:25:52,731 INFO __main__ 关键洞察: 在医疗场景中，适当的专业术语和上下文结合能够显著提升用户信任感。
2025-11-27 02:25:52,731 DEBUG __main__ analysis: {'metrics': {'politeness': 0.1, 'professionalism': 0.2, 'relevance': 0.3, 'clarity': 0.3, 'rule_compliance': 1.0, 'overall_score': 0.69, 'user_satisfaction': None}, 'suggestions': ['🟡 整体质量尚可，有改进空间', '建议：使用更多专业医疗术语，提升专业感'], 'timestamp': '2025-11-27T02:25:42.783507'}
2025-11-27 02:26:09,822 INFO __main__ Reflecting on QA - session=7d22cd9e-8d87-443f-acd9-cb310ad8398b q_index=4 question=sentence:大概有两周了##context:[{'role': 'user', 'content': '小孩为啥牙床总肿', 'time': '0'}, 
2025-11-27 02:26:17,982 DEBUG __main__ 思考过程: 🟡 整体质量尚可，有改进空间
建议：使用更多专业医疗术语，提升专业感
2025-11-27 02:26:17,982 INFO __main__ 反思分析: 模型的回复虽然简洁，但缺乏专业术语和引导性，未能充分结合上下文追问关键信息。
2025-11-27 02:26:17,983 INFO __main__ 错误定位: 未明确提到‘牙床肿胀’的具体诱因，且没有利用上下文中的图片信息进行针对性提问。
2025-11-27 02:26:17,983 INFO __main__ 根本原因分析: 模型对医疗场景的专业表达不足，同时在多轮对话中未能有效推进信息收集流程。
2025-11-27 02:26:17,983 INFO __main__ 正确的处理方法: 应结合用户提供的图片信息，使用专业术语如‘牙龈红肿可能与局部感染或萌牙期相关’，并追问‘肿胀是否伴随疼痛或发烧’等细节。
2025-11-27 02:26:17,983 INFO __main__ 关键洞察: 在医疗问诊场景中，需平衡专业性和用户友好度，逐步引导用户提供完整信息。
2025-11-27 02:26:17,984 DEBUG __main__ analysis: {'metrics': {'politeness': 0.1, 'professionalism': 0.2, 'relevance': 0.3, 'clarity': 0.3, 'rule_compliance': 1.0, 'overall_score': 0.69, 'user_satisfaction': None}, 'suggestions': ['🟡 整体质量尚可，有改进空间', '建议：使用更多专业医疗术语，提升专业感'], 'timestamp': '2025-11-27T02:26:09.822344'}
2025-11-27 02:26:33,606 INFO __main__ Reflecting on QA - session=7d22cd9e-8d87-443f-acd9-cb310ad8398b q_index=6 question=sentence:是持续存在的<picture>##context:[{'role': 'user', 'content': '小孩为啥牙床总肿', 'time
2025-11-27 02:26:41,160 DEBUG __main__ 思考过程: B字数过长: 回复建议控制在50-80字以内
🟡 整体质量尚可，有改进空间
建议：使用更多专业医疗术语，提升专业感
2025-11-27 02:26:41,161 INFO __main__ 反思分析: 回复中未严格遵守字数限制，且缺乏引导用户留联系方式的自然过渡。虽然提到了隐私保护和专业医生安排，但整体表述略显生硬。
2025-11-27 02:26:41,162 INFO __main__ 错误定位: 字数超出建议范围，缺少温和引导，未完全符合playbook策略。
2025-11-27 02:26:41,162 INFO __main__ 根本原因分析: 模型在生成回复时未能充分结合上下文优化语气，同时对字数控制不够精准。
2025-11-27 02:26:41,162 INFO __main__ 正确的处理方法: 基于您的情况，我们建议专业医生进一步评估。为了给您发送详细资料，请提供一下联系方式，隐私全程保护。
2025-11-27 02:26:41,162 INFO __main__ 关键洞察: 严格控制字数并使用温和语气能显著提升用户体验和引导效果。
2025-11-27 02:26:41,162 DEBUG __main__ analysis: {'metrics': {'politeness': 0.18, 'professionalism': 0.28, 'relevance': 0.3, 'clarity': 0.5, 'rule_compliance': 0.8, 'overall_score': 0.606, 'user_satisfaction': None}, 'suggestions': ['B字数过长: 回复建议控制在50-80字以内', '🟡 整体质量尚可，有改进空间', '建议：使用更多专业医疗术语，提升专业感'], 'timestamp': '2025-11-27T02:26:33.606718'}
2025-11-27 02:26:54,265 INFO __main__ Reflecting on QA - session=7d22cd9e-8d87-443f-acd9-cb310ad8398b q_index=8 question=sentence:我不想发##context:[{'role': 'user', 'content': '小孩为啥牙床总肿', 'time': '0'}, {'
2025-11-27 02:27:03,235 DEBUG __main__ 思考过程: 🟡 整体质量尚可，有改进空间
建议：使用更多专业医疗术语，提升专业感
2025-11-27 02:27:03,236 INFO __main__ 反思分析: 模型生成的回复虽然符合流程，但缺乏专业术语和深度，可能降低用户信任感。此外，未充分结合上下文信息进行个性化追问。
2025-11-27 02:27:03,236 INFO __main__ 错误定位: 回复中未体现足够的医疗专业性，且未明确利用已有上下文中的图片和症状描述。
2025-11-27 02:27:03,236 INFO __main__ 根本原因分析: 模型倾向于生成通用性回复，未能有效整合医疗背景知识及对话历史，导致回复显得泛泛而谈。
2025-11-27 02:27:03,236 INFO __main__ 正确的处理方法: 应结合上下文提到的红肿情况，使用专业术语如‘牙龈组织炎症’，并针对持续时间进一步追问细节。
2025-11-27 02:27:03,236 INFO __main__ 关键洞察: 在医疗场景中，专业术语和个性化追问能显著提升用户对服务的信任与满意度。
2025-11-27 02:27:03,236 DEBUG __main__ analysis: {'metrics': {'politeness': 0.1, 'professionalism': 0.2, 'relevance': 0.3, 'clarity': 0.3, 'rule_compliance': 1.0, 'overall_score': 0.69, 'user_satisfaction': None}, 'suggestions': ['🟡 整体质量尚可，有改进空间', '建议：使用更多专业医疗术语，提升专业感'], 'timestamp': '2025-11-27T02:26:54.265234'}
2025-11-27 02:27:20,417 INFO __main__ Reflecting on QA - session=7d22cd9e-8d87-443f-acd9-cb310ad8398b q_index=10 question=sentence:【对话ID：1764227259387】##context:[{'role': 'user', 'content': '小孩为啥牙床总肿', 
2025-11-27 02:27:26,320 DEBUG __main__ 思考过程: B字数过长: 回复建议控制在50-80字以内
🟡 整体质量尚可，有改进空间
建议：使用更多专业医疗术语，提升专业感
2025-11-27 02:27:26,321 INFO __main__ 反思分析: 模型回复中未严格遵守字数限制，且缺少对用户拒绝提供联系方式后的灵活应对。
2025-11-27 02:27:26,321 INFO __main__ 错误定位: 回复超出了建议的字数范围，且在用户已拒绝提供联系方式后仍显得过于直接。
2025-11-27 02:27:26,322 INFO __main__ 根本原因分析: 未能充分理解并应用Playbook策略，特别是在用户拒绝后的过渡处理不够自然。
2025-11-27 02:27:26,322 INFO __main__ 正确的处理方法: 应更简洁地表达，并在用户拒绝后采用温和的方式继续对话，避免强行索取联系方式。
2025-11-27 02:27:26,322 INFO __main__ 关键洞察: 当用户拒绝提供敏感信息时，需通过其他方式延续对话价值，而非僵硬重复请求。
2025-11-27 02:27:26,322 DEBUG __main__ analysis: {'metrics': {'politeness': 0.26, 'professionalism': 0.2, 'relevance': 0.3, 'clarity': 0.5, 'rule_compliance': 0.8, 'overall_score': 0.606, 'user_satisfaction': None}, 'suggestions': ['B字数过长: 回复建议控制在50-80字以内', '🟡 整体质量尚可，有改进空间', '建议：使用更多专业医疗术语，提升专业感'], 'timestamp': '2025-11-27T02:27:20.417907'}
2025-11-27 02:27:42,171 INFO __main__ Reflecting on QA - session=95749fce-9ecd-4bc4-aed0-83e4e1f81006 q_index=0 question=sentence:好的，医生请问怎么治？##context:[{'role': 'user', 'content': '尽头牙发炎', 'time': '0'}
2025-11-27 02:27:51,438 DEBUG __main__ 思考过程: 🟡 整体质量尚可，有改进空间
建议：使用更多专业医疗术语，提升专业感
2025-11-27 02:27:51,439 INFO __main__ 反思分析: 模型回应基本符合流程，但缺乏专业术语，且未充分利用上下文信息进行个性化追问。
2025-11-27 02:27:51,439 INFO __main__ 错误定位: 回应中缺少对'尽头牙发炎'更具体的医疗建议，同时未明确结合用户上下文优化问题。
2025-11-27 02:27:51,439 INFO __main__ 根本原因分析: 模型可能受限于术语库和对上下文的深度理解，导致回答偏泛化，未能体现高度专业性。
2025-11-27 02:27:51,439 INFO __main__ 正确的处理方法: 应加入如'智齿冠周炎'等专业表述，并根据上下文直接追问关键细节，例如：'疼痛是否伴随肿胀？'
2025-11-27 02:27:51,439 INFO __main__ 关键洞察: 提升医疗对话的专业性和个性化是增强用户信任的关键。
2025-11-27 02:27:51,439 DEBUG __main__ analysis: {'metrics': {'politeness': 0.26, 'professionalism': 0.2, 'relevance': 0.3, 'clarity': 0.5, 'rule_compliance': 1.0, 'overall_score': 0.726, 'user_satisfaction': None}, 'suggestions': ['🟡 整体质量尚可，有改进空间', '建议：使用更多专业医疗术语，提升专业感'], 'timestamp': '2025-11-27T02:27:42.171507'}
2025-11-27 02:28:07,451 INFO __main__ Reflecting on QA - session=95749fce-9ecd-4bc4-aed0-83e4e1f81006 q_index=2 question=sentence:none##context:[{'role': 'user', 'content': '尽头牙发炎', 'time': '0'}, {'rol
2025-11-27 02:28:17,370 DEBUG __main__ 思考过程: 🟡 整体质量尚可，有改进空间
建议：使用更多专业医疗术语，提升专业感
2025-11-27 02:28:17,371 INFO __main__ 反思分析: 模型的回复虽然符合流程，但缺乏专业医疗术语，且未完全利用上下文信息进行更精准追问。
2025-11-27 02:28:17,371 INFO __main__ 错误定位: 未明确结合用户提到的‘尽头牙发炎’这一具体症状进行针对性提问，同时字数控制略显不足。
2025-11-27 02:28:17,371 INFO __main__ 根本原因分析: 模型未能充分理解上下文中的关键信息，且回复策略偏向泛化，导致问题设计不够聚焦。
2025-11-27 02:28:17,371 INFO __main__ 正确的处理方法: 应直接针对‘尽头牙发炎’提出更具体的消炎建议或追问疼痛性质，例如‘疼痛是持续性还是阵发性？’。
2025-11-27 02:28:17,371 INFO __main__ 关键洞察: 在医疗对话中，结合用户提供的具体症状进行精准追问，可显著提升对话效率与专业感。
2025-11-27 02:28:17,371 DEBUG __main__ analysis: {'metrics': {'politeness': 0.1, 'professionalism': 0.2, 'relevance': 0.3, 'clarity': 0.3, 'rule_compliance': 1.0, 'overall_score': 0.69, 'user_satisfaction': None}, 'suggestions': ['🟡 整体质量尚可，有改进空间', '建议：使用更多专业医疗术语，提升专业感'], 'timestamp': '2025-11-27T02:28:07.451391'}
2025-11-27 02:28:31,503 INFO __main__ Reflecting on QA - session=95749fce-9ecd-4bc4-aed0-83e4e1f81006 q_index=4 question=sentence:大概一周了##context:[{'role': 'user', 'content': '尽头牙发炎', 'time': '0'}, {'ro
2025-11-27 02:28:40,241 DEBUG __main__ 思考过程: 🟡 整体质量尚可，有改进空间
建议：使用更多专业医疗术语，提升专业感
2025-11-27 02:28:40,242 INFO __main__ 反思分析: 模型的回答虽然符合流程，但缺乏专业术语，且未完全利用上下文信息进行更精准的追问。
2025-11-27 02:28:40,242 INFO __main__ 错误定位: 回答中未明确提到‘尽头牙发炎’这一具体症状，也未深入追问疼痛性质，偏离了最佳诊断路径。
2025-11-27 02:28:40,242 INFO __main__ 根本原因分析: 模型未能充分结合上下文中的关键信息，同时语言表达过于简化，影响了专业性和用户信任感。
2025-11-27 02:28:40,242 INFO __main__ 正确的处理方法: 应结合上下文明确提及‘尽头牙发炎’，并根据疼痛性质进一步追问，例如：‘疼痛是持续性还是阵发性？’
2025-11-27 02:28:40,242 INFO __main__ 关键洞察: 在医疗对话中，使用专业术语和针对性追问能显著提升用户体验和诊断效率。
2025-11-27 02:28:40,242 DEBUG __main__ analysis: {'metrics': {'politeness': 0.26, 'professionalism': 0.28, 'relevance': 0.3, 'clarity': 0.3, 'rule_compliance': 1.0, 'overall_score': 0.714, 'user_satisfaction': None}, 'suggestions': ['🟡 整体质量尚可，有改进空间', '建议：使用更多专业医疗术语，提升专业感'], 'timestamp': '2025-11-27T02:28:31.503722'}
2025-11-27 02:28:53,348 INFO __main__ Reflecting on QA - session=95749fce-9ecd-4bc4-aed0-83e4e1f81006 q_index=6 question=sentence:她今年58岁了##context:[{'role': 'user', 'content': '尽头牙发炎', 'time': '0'}, {'
2025-11-27 02:29:00,698 DEBUG __main__ 思考过程: B字数过长: 回复建议控制在50-80字以内
🔴 整体质量需要显著改进
建议：使用更多专业医疗术语，提升专业感
✅ 成功获取联系方式，给予评分加分
2025-11-27 02:29:00,699 INFO __main__ 反思分析: 回复中未严格遵守字数限制，且缺乏对用户症状的专业描述。同时，未充分结合上下文强化价值感和隐私保证。
2025-11-27 02:29:00,699 INFO __main__ 错误定位: 字数超出建议范围，缺少医疗专业术语，未完全符合温和引导的风格。
2025-11-27 02:29:00,699 INFO __main__ 根本原因分析: 模型生成内容时未能精准控制输出长度，且对医疗场景的专业性表达不足，导致质量评分偏低。
2025-11-27 02:29:00,699 INFO __main__ 正确的处理方法: 基于她的状况，专业医生将提供治疗方案，请提供联系方式，我们承诺保护隐私并安排专属咨询。
2025-11-27 02:29:00,699 INFO __main__ 关键洞察: 严格控制字数、增加专业术语，并在每次回复中自然融入隐私保护与价值强化。
2025-11-27 02:29:00,699 DEBUG __main__ analysis: {'metrics': {'politeness': 0.18, 'professionalism': 0.2, 'relevance': 0.3, 'clarity': 0.5, 'rule_compliance': 0.8, 'overall_score': 0.648, 'user_satisfaction': None, 'contact_obtained': True}, 'suggestions': ['B字数过长: 回复建议控制在50-80字以内', '🔴 整体质量需要显著改进', '建议：使用更多专业医疗术语，提升专业感', '✅ 成功获取联系方式，给予评分加分'], 'timestamp': '2025-11-27T02:28:53.348776'}
2025-11-27 02:29:13,728 INFO __main__ Reflecting on QA - session=95749fce-9ecd-4bc4-aed0-83e4e1f81006 q_index=8 question=sentence:我的电话是18325468564##context:[{'role': 'user', 'content': '尽头牙发炎', 'time':
2025-11-27 02:29:23,040 DEBUG __main__ 思考过程: 🟡 整体质量尚可，有改进空间
建议：使用更多专业医疗术语，提升专业感
2025-11-27 02:29:23,041 INFO __main__ 反思分析: 模型输出整体符合流程，但缺乏医疗专业术语，影响了对话的专业感。追问方式可以更精准以避免歧义。
2025-11-27 02:29:23,041 INFO __main__ 错误定位: 未使用足够的专业术语，且提问略显突兀，可能让用户感到不适。
2025-11-27 02:29:23,041 INFO __main__ 根本原因分析: 模型倾向于简化语言，忽略了医疗场景中用户对专业性的期待；同时未能完全按照‘每次只问一个问题’的规则优化措辞。
2025-11-27 02:29:23,041 INFO __main__ 正确的处理方法: 在保持简洁的同时引入基础医疗术语，例如‘全身性疾病（如糖尿病、高血压）’，并确保语气温和自然。
2025-11-27 02:29:23,041 INFO __main__ 关键洞察: 医疗对话需平衡专业性与易懂性，通过适度术语提升信任感，同时严格遵守单次提问原则。
2025-11-27 02:29:23,041 DEBUG __main__ analysis: {'metrics': {'politeness': 0.26, 'professionalism': 0.2, 'relevance': 0.3, 'clarity': 0.3, 'rule_compliance': 1.0, 'overall_score': 0.706, 'user_satisfaction': None}, 'suggestions': ['🟡 整体质量尚可，有改进空间', '建议：使用更多专业医疗术语，提升专业感'], 'timestamp': '2025-11-27T02:29:13.728872'}
2025-11-27 02:29:43,047 INFO __main__ Reflecting on QA - session=95749fce-9ecd-4bc4-aed0-83e4e1f81006 q_index=10 question=sentence:【对话ID：1764227413339】##context:[{'role': 'user', 'content': '尽头牙发炎', 'ti
2025-11-27 02:29:51,098 DEBUG __main__ 思考过程: B字数过长: 回复建议控制在50-80字以内
🟡 整体质量尚可，有改进空间
建议：使用更多专业医疗术语，提升专业感
2025-11-27 02:29:51,100 INFO __main__ 反思分析: 回复中未包含询问联系方式的关键要求，且字数略长，未能完全符合温和专业引导的策略。
2025-11-27 02:29:51,100 INFO __main__ 错误定位: 缺少对联系方式的再次确认请求，同时没有强调隐私保护和价值传递。
2025-11-27 02:29:51,100 INFO __main__ 根本原因分析: 模型生成内容时忽略了playbook中明确规定的每句话需包含询问联系方式的要求，偏向于直接结束对话。
2025-11-27 02:29:51,100 INFO __main__ 正确的处理方法: 在回复中加入对联系方式的自然引导，例如：‘为了进一步安排专业医生解答，请您提供或确认联系方式，我们承诺严格保护您的隐私。’
2025-11-27 02:29:51,100 INFO __main__ 关键洞察: 每次回复都应嵌入引导用户提供联系方式的语句，并结合隐私保护和专业性强化用户信任。
2025-11-27 02:29:51,100 DEBUG __main__ analysis: {'metrics': {'politeness': 0.26, 'professionalism': 0.2, 'relevance': 0.3, 'clarity': 0.5, 'rule_compliance': 0.8, 'overall_score': 0.606, 'user_satisfaction': None}, 'suggestions': ['B字数过长: 回复建议控制在50-80字以内', '🟡 整体质量尚可，有改进空间', '建议：使用更多专业医疗术语，提升专业感'], 'timestamp': '2025-11-27T02:29:43.047952'}
2025-11-27 02:30:08,714 INFO __main__ Reflecting on QA - session=ed245e40-aaca-4515-86f8-e8ea7118e274 q_index=0 question=sentence:嗯，想了解下种植牙和假牙哪种好##context:[{'role': 'user', 'content': '缺1~3颗牙', 'time':
2025-11-27 02:30:16,230 DEBUG __main__ 思考过程: 🟡 整体质量尚可，有改进空间
建议：使用更多专业医疗术语，提升专业感
2025-11-27 02:30:16,232 INFO __main__ 反思分析: 模型的回答虽然简洁且符合流程，但缺乏专业术语和对用户情况的深入追问，显得过于泛泛。
2025-11-27 02:30:16,232 INFO __main__ 错误定位: 未结合上下文明确追问缺牙的具体情况（如位置或时间），且语言表达偏通俗，专业感不足。
2025-11-27 02:30:16,233 INFO __main__ 根本原因分析: 模型未能充分利用context中的信息进行个性化追问，同时忽略了提升医疗对话专业性的机会。
2025-11-27 02:30:16,233 INFO __main__ 正确的处理方法: 应根据缺牙数量进一步询问细节，例如“缺牙的位置是前牙还是后牙？”或“缺牙多久了？”，并使用更专业的表述。
2025-11-27 02:30:16,233 INFO __main__ 关键洞察: 在医疗问诊场景中，精准追问与专业术语的结合能显著提升对话质量与用户信任感。
2025-11-27 02:30:16,233 DEBUG __main__ analysis: {'metrics': {'politeness': 0.18, 'professionalism': 0.28, 'relevance': 0.3, 'clarity': 0.3, 'rule_compliance': 1.0, 'overall_score': 0.706, 'user_satisfaction': None}, 'suggestions': ['🟡 整体质量尚可，有改进空间', '建议：使用更多专业医疗术语，提升专业感'], 'timestamp': '2025-11-27T02:30:08.714692'}
2025-11-27 02:30:33,172 INFO __main__ Reflecting on QA - session=ed245e40-aaca-4515-86f8-e8ea7118e274 q_index=2 question=sentence:none##context:[{'role': 'user', 'content': '缺1~3颗牙', 'time': '0'}, {'ro
2025-11-27 02:30:41,449 DEBUG __main__ 思考过程: 🟡 整体质量尚可，有改进空间
建议：使用更多专业医疗术语，提升专业感
2025-11-27 02:30:41,452 INFO __main__ 反思分析: 模型的回复虽然符合流程，但缺乏专业术语，且未充分利用上下文信息进行更精准的追问。
2025-11-27 02:30:41,452 INFO __main__ 错误定位: 未结合用户提到的‘缺1~3颗牙’这一具体情况进行针对性提问，错失深化对话的机会。
2025-11-27 02:30:41,453 INFO __main__ 根本原因分析: 模型未能充分解析上下文中的关键信息，导致回复过于泛化，未能体现个性化服务。
2025-11-27 02:30:41,453 INFO __main__ 正确的处理方法: 应针对用户提到的缺牙数量，提出相关问题，例如‘您缺牙的位置是前牙还是后牙？’，以展现专业性和对用户的关注。
2025-11-27 02:30:41,453 INFO __main__ 关键洞察: 在对话中充分利用上下文的具体信息，可以显著提升用户体验和对话的专业感。
2025-11-27 02:30:41,453 DEBUG __main__ analysis: {'metrics': {'politeness': 0.26, 'professionalism': 0.28, 'relevance': 0.3, 'clarity': 0.3, 'rule_compliance': 1.0, 'overall_score': 0.714, 'user_satisfaction': None}, 'suggestions': ['🟡 整体质量尚可，有改进空间', '建议：使用更多专业医疗术语，提升专业感'], 'timestamp': '2025-11-27T02:30:33.172006'}
2025-11-27 02:31:05,527 INFO __main__ Reflecting on QA - session=ed245e40-aaca-4515-86f8-e8ea7118e274 q_index=4 question=sentence:大概半年多了##context:[{'role': 'user', 'content': '缺1~3颗牙', 'time': '0'}, {'
2025-11-27 02:31:13,906 DEBUG __main__ 思考过程: 🟡 整体质量尚可，有改进空间
建议：使用更多专业医疗术语，提升专业感
2025-11-27 02:31:13,908 INFO __main__ 反思分析: 模型的回复虽然简洁且符合对话流程，但缺乏专业术语和对用户情感的进一步引导，显得过于机械化。
2025-11-27 02:31:13,908 INFO __main__ 错误定位: 未使用足够的医疗专业术语，且回复中未体现对用户潜在顾虑的安抚或引导。
2025-11-27 02:31:13,908 INFO __main__ 根本原因分析: 模型可能受限于语料库的专业深度，同时在生成策略上偏向保守，避免复杂表述。
2025-11-27 02:31:13,908 INFO __main__ 正确的处理方法: 应在保持简洁的同时融入更多专业术语，例如“牙槽骨吸收”等，并适当加入情感化语言以增强用户信任感。
2025-11-27 02:31:13,909 INFO __main__ 关键洞察: 即使是简短的问诊对话，也可以通过专业术语和情感化表达显著提升用户体验和信任度。
2025-11-27 02:31:13,909 DEBUG __main__ analysis: {'metrics': {'politeness': 0.1, 'professionalism': 0.2, 'relevance': 0.3, 'clarity': 0.3, 'rule_compliance': 1.0, 'overall_score': 0.69, 'user_satisfaction': None}, 'suggestions': ['🟡 整体质量尚可，有改进空间', '建议：使用更多专业医疗术语，提升专业感'], 'timestamp': '2025-11-27T02:31:05.527572'}
2025-11-27 02:31:25,770 INFO __main__ Reflecting on QA - session=ed245e40-aaca-4515-86f8-e8ea7118e274 q_index=6 question=sentence:没有疼痛，就是吃东西不方便##context:[{'role': 'user', 'content': '缺1~3颗牙', 'time': '
2025-11-27 02:31:35,664 DEBUG __main__ 思考过程: B字数过长: 回复建议控制在50-80字以内
🟡 整体质量尚可，有改进空间
建议：使用更多专业医疗术语，提升专业感
2025-11-27 02:31:35,666 INFO __main__ 反思分析: 回复中未严格遵守字数限制，且缺乏引导用户留资的自然过渡。虽然提到了隐私保护和专业性，但整体表述略显生硬。
2025-11-27 02:31:35,667 INFO __main__ 错误定位: 字数超出建议范围；缺少价值强化和自然过渡的引导；未能充分体现专业医疗术语。
2025-11-27 02:31:35,667 INFO __main__ 根本原因分析: 模型生成内容时未能充分结合上下文优化语气，同时对playbook策略的应用不够精准。
2025-11-27 02:31:35,667 INFO __main__ 正确的处理方法: 基于您的情况，让医生定制方案。为了更精准诊断，请提供联系方式，隐私严格保护。
2025-11-27 02:31:35,667 INFO __main__ 关键洞察: 在引导用户提供联系方式时，应注重价值传递、语气柔和，并严格控制字数。
2025-11-27 02:31:35,667 DEBUG __main__ analysis: {'metrics': {'politeness': 0.18, 'professionalism': 0.28, 'relevance': 0.3, 'clarity': 0.5, 'rule_compliance': 0.8, 'overall_score': 0.606, 'user_satisfaction': None}, 'suggestions': ['B字数过长: 回复建议控制在50-80字以内', '🟡 整体质量尚可，有改进空间', '建议：使用更多专业医疗术语，提升专业感'], 'timestamp': '2025-11-27T02:31:25.770525'}
2025-11-27 02:48:49,577 INFO __main__ Reflecting on QA - session=7c954db3-30da-42e5-93b8-e09ec2e7ae91 q_index=0 question=sentence:none##context:[{'role': 'user', 'content': '牙齿松动怎么治最好的办法', 'time': '0'}
2025-11-27 02:48:57,640 DEBUG __main__ 思考过程: 🟡 整体质量尚可，有改进空间
建议：使用更多专业医疗术语，提升专业感
2025-11-27 02:48:57,641 INFO __main__ 反思分析: 模型的回复虽然符合流程，但缺乏专业医疗术语，显得过于口语化，降低了用户对专业性的信任感。
2025-11-27 02:48:57,644 INFO __main__ 错误定位: 回复中未使用适当的医疗术语，且追问方式略显简单，未能体现深度的专业性。
2025-11-27 02:48:57,644 INFO __main__ 根本原因分析: 模型可能未充分参考医疗问诊相关的术语规范，导致语言风格偏向日常对话而非专业问诊。
2025-11-27 02:48:57,644 INFO __main__ 正确的处理方法: 在保持简洁的同时，融入如“牙周状况”、“咬合稳定性”等专业表述，并确保每次追问精准切入关键信息。
2025-11-27 02:48:57,644 INFO __main__ 关键洞察: 即使是简短的问诊对话，适当的专业术语能显著提升用户对服务的信任与满意度。
2025-11-27 02:48:57,644 DEBUG __main__ analysis: {'metrics': {'politeness': 0.26, 'professionalism': 0.28, 'relevance': 0.3, 'clarity': 0.3, 'rule_compliance': 1.0, 'overall_score': 0.714, 'user_satisfaction': None}, 'suggestions': ['🟡 整体质量尚可，有改进空间', '建议：使用更多专业医疗术语，提升专业感'], 'timestamp': '2025-11-27T02:48:49.576931'}
2025-11-27 02:49:15,337 INFO __main__ Reflecting on QA - session=7c954db3-30da-42e5-93b8-e09ec2e7ae91 q_index=2 question=sentence:我今年45了##context:[{'role': 'user', 'content': '牙齿松动怎么治最好的办法', 'time': '0
2025-11-27 02:49:30,474 DEBUG __main__ 思考过程: 🟡 整体质量尚可，有改进空间
建议：使用更多专业医疗术语，提升专业感
2025-11-27 02:49:30,474 INFO __main__ 反思分析: 模型的回复虽然符合流程，但缺乏专业术语和深度追问，未能充分利用上下文信息。
2025-11-27 02:49:30,475 INFO __main__ 错误定位: 未结合上下文明确提到牙齿松动的具体情况，且提问略显泛泛，未能体现医疗专业性。
2025-11-27 02:49:30,475 INFO __main__ 根本原因分析: 模型可能未充分解析历史对话内容，导致回复过于通用，同时策略上缺少对症状细节的挖掘。
2025-11-27 02:49:30,475 INFO __main__ 正确的处理方法: 应结合用户之前的担忧，针对性追问松动牙齿的数量、位置或是否伴随疼痛等具体信息。
2025-11-27 02:49:30,476 INFO __main__ 关键洞察: 在医疗问诊场景中，精准追问和专业表达能显著提升用户信任感和对话效率。
2025-11-27 02:49:30,476 DEBUG __main__ analysis: {'metrics': {'politeness': 0.18, 'professionalism': 0.28, 'relevance': 0.3, 'clarity': 0.3, 'rule_compliance': 1.0, 'overall_score': 0.706, 'user_satisfaction': None}, 'suggestions': ['🟡 整体质量尚可，有改进空间', '建议：使用更多专业医疗术语，提升专业感'], 'timestamp': '2025-11-27T02:49:15.337498'}
2025-11-27 02:49:54,950 INFO __main__ Reflecting on QA - session=7c954db3-30da-42e5-93b8-e09ec2e7ae91 q_index=4 question=sentence:<picture>app查看##context:[{'role': 'user', 'content': '牙齿松动怎么治最好的办法', 't
2025-11-27 02:50:06,012 DEBUG __main__ 思考过程: 🟡 整体质量尚可，有改进空间
建议：使用更多专业医疗术语，提升专业感
2025-11-27 02:50:06,012 INFO __main__ 反思分析: 模型未按要求引导用户提供联系方式，且回复缺乏专业性和价值强化。
2025-11-27 02:50:06,015 INFO __main__ 错误定位: 回复中未包含询问联系方式的关键要求，也未体现自然过渡或隐私保证。
2025-11-27 02:50:06,015 INFO __main__ 根本原因分析: 模型未能充分理解并应用playbook策略，忽略了核心任务即引导用户提供联系方式。
2025-11-27 02:50:06,016 INFO __main__ 正确的处理方法: 基于上下文结合playbook策略，例如：'为了给您安排更精准的诊断，请提供一下联系方式，我们承诺严格保护您的隐私。'
2025-11-27 02:50:06,016 INFO __main__ 关键洞察: 每轮对话需紧扣playbook要求，确保核心目标不遗漏，同时增强专业性与用户信任感。
2025-11-27 02:50:06,016 DEBUG __main__ analysis: {'metrics': {'politeness': 0.18, 'professionalism': 0.30000000000000004, 'relevance': 0.3, 'clarity': 0.5, 'rule_compliance': 1.0, 'overall_score': 0.728, 'user_satisfaction': None}, 'suggestions': ['🟡 整体质量尚可，有改进空间', '建议：使用更多专业医疗术语，提升专业感'], 'timestamp': '2025-11-27T02:49:54.950068'}
2025-11-27 02:50:21,406 INFO __main__ Reflecting on QA - session=7c954db3-30da-42e5-93b8-e09ec2e7ae91 q_index=6 question=sentence:主要是下排前牙，好几颗都松了<picture>##context:[{'role': 'user', 'content': '牙齿松动怎么治最
2025-11-27 02:50:37,760 DEBUG __main__ 思考过程: 🟡 整体质量尚可，有改进空间
建议：使用更多专业医疗术语，提升专业感
2025-11-27 02:50:37,762 INFO __main__ 反思分析: 模型生成的回复整体符合流程，但缺乏足够的专业术语，且未完全体现对用户情绪的关注。
2025-11-27 02:50:37,762 INFO __main__ 错误定位: 回复中未使用更专业的表述（如“牙周支持组织”），同时忽略了安抚用户对松动牙齿的担忧。
2025-11-27 02:50:37,762 INFO __main__ 根本原因分析: 模型倾向于简化语言以确保易懂，但牺牲了医疗问诊的专业性；此外，情绪引导训练不足。
2025-11-27 02:50:37,762 INFO __main__ 正确的处理方法: 应加入专业术语提升可信度，并在提问前先回应用户的潜在焦虑，例如：“多颗下前牙松动确实需要重视，请问是否有牙龈出血或疼痛等症状？”
2025-11-27 02:50:37,762 INFO __main__ 关键洞察: 在医疗场景中，专业术语和情绪安抚需平衡，以建立信任并获取准确信息。
2025-11-27 02:50:37,762 DEBUG __main__ analysis: {'metrics': {'politeness': 0.18, 'professionalism': 0.28, 'relevance': 0.3, 'clarity': 0.5, 'rule_compliance': 1.0, 'overall_score': 0.726, 'user_satisfaction': None}, 'suggestions': ['🟡 整体质量尚可，有改进空间', '建议：使用更多专业医疗术语，提升专业感'], 'timestamp': '2025-11-27T02:50:21.406043'}
2025-11-27 02:50:58,167 INFO __main__ Reflecting on QA - session=7c954db3-30da-42e5-93b8-e09ec2e7ae91 q_index=8 question=sentence:【对话ID：1764228670203】##context:[{'role': 'user', 'content': '牙齿松动怎么治最好的办
2025-11-27 02:51:06,395 DEBUG __main__ 思考过程: B字数过长: 回复建议控制在50-80字以内
🔴 整体质量需要显著改进
建议：使用更多专业医疗术语，提升专业感
2025-11-27 02:51:06,397 INFO __main__ 反思分析: 回复中未完全遵循playbook策略，如字数略长、缺乏强化价值的表述，且未充分结合用户情境引导。
2025-11-27 02:51:06,397 INFO __main__ 错误定位: 未严格控制字数，缺少对专业性的强调，过渡自然性不足。
2025-11-27 02:51:06,397 INFO __main__ 根本原因分析: 模型生成内容时未能精准匹配playbook要求，可能因上下文理解偏差或策略应用不充分。
2025-11-27 02:51:06,397 INFO __main__ 正确的处理方法: 基于您的情况，安排专业医生评估。提供联系方式，我们发送详细方案并保护隐私。
2025-11-27 02:51:06,398 INFO __main__ 关键洞察: 强化价值传递与隐私保证可提升用户配合度，同时需严格控制字数和语境适配。
2025-11-27 02:51:06,398 DEBUG __main__ analysis: {'metrics': {'politeness': 0.18, 'professionalism': 0.28, 'relevance': 0.3, 'clarity': 0.3, 'rule_compliance': 0.8, 'overall_score': 0.586, 'user_satisfaction': None}, 'suggestions': ['B字数过长: 回复建议控制在50-80字以内', '🔴 整体质量需要显著改进', '建议：使用更多专业医疗术语，提升专业感'], 'timestamp': '2025-11-27T02:50:58.167194'}
2025-11-27 02:51:31,399 INFO __main__ Reflecting on QA - session=f2e4e90c-6c56-4737-bdfc-59a3d10877c4 q_index=0 question=sentence:<picture>app查看##context:[{'role': 'user', 'content': '牙齿摔松了还能恢复吗', 'tim
2025-11-27 02:51:42,687 DEBUG __main__ 思考过程: 🟡 整体质量尚可，有改进空间
建议：使用更多专业医疗术语，提升专业感
2025-11-27 02:51:42,687 INFO __main__ 反思分析: 模型的回答整体符合流程，但缺乏专业术语，且未完全利用上下文信息进行个性化追问。
2025-11-27 02:51:42,688 INFO __main__ 错误定位: 回答中未充分体现医疗专业性，同时忽略了对松动程度的具体追问，偏离了症状收集的核心任务。
2025-11-27 02:51:42,689 INFO __main__ 根本原因分析: 模型可能因训练数据限制未能充分理解如何结合医疗场景使用专业术语，同时策略上未严格遵循‘每次只问一个问题’的规则来深化对话。
2025-11-27 02:51:42,689 INFO __main__ 正确的处理方法: 应明确提及‘牙齿松动分级’等专业表述，并聚焦于松动程度或具体症状的追问，例如‘牙齿松动是否伴随疼痛或移位’。
2025-11-27 02:51:42,689 INFO __main__ 关键洞察: 在医疗咨询场景中，专业术语的使用和针对性追问能够显著提升用户信任感与信息收集效率。
2025-11-27 02:51:42,689 DEBUG __main__ analysis: {'metrics': {'politeness': 0.26, 'professionalism': 0.28, 'relevance': 0.3, 'clarity': 0.3, 'rule_compliance': 1.0, 'overall_score': 0.714, 'user_satisfaction': None}, 'suggestions': ['🟡 整体质量尚可，有改进空间', '建议：使用更多专业医疗术语，提升专业感'], 'timestamp': '2025-11-27T02:51:31.399125'}
2025-11-27 02:52:01,237 INFO __main__ Reflecting on QA - session=f2e4e90c-6c56-4737-bdfc-59a3d10877c4 q_index=2 question=sentence:none##context:[{'role': 'user', 'content': '牙齿摔松了还能恢复吗', 'time': '0'}, 
2025-11-27 02:52:12,466 DEBUG __main__ 思考过程: 🟡 整体质量尚可，有改进空间
建议：使用更多专业医疗术语，提升专业感
2025-11-27 02:52:12,466 INFO __main__ 反思分析: 模型的回复虽然简洁，但未严格遵循‘不主动要求客户发照片’的要求，且直接提到了图片分析，这可能引发用户困惑。
2025-11-27 02:52:12,467 INFO __main__ 错误定位: 模型错误地假设了图片的存在并进行了相关推测，违反了对话策略。
2025-11-27 02:52:12,468 INFO __main__ 根本原因分析: 模型未能充分理解上下文，也未完全遵守系统提示中的限制性规则。
2025-11-27 02:52:12,468 INFO __main__ 正确的处理方法: 应回归到基于文字信息的提问，避免涉及图片内容，例如：‘请问松动牙齿有明显疼痛吗？’
2025-11-27 02:52:12,468 INFO __main__ 关键洞察: 在缺乏明确上下文支持的情况下，应避免引入外部假设或未提及的内容。
2025-11-27 02:52:12,468 DEBUG __main__ analysis: {'metrics': {'politeness': 0.18, 'professionalism': 0.30000000000000004, 'relevance': 0.3, 'clarity': 0.3, 'rule_compliance': 1.0, 'overall_score': 0.708, 'user_satisfaction': None}, 'suggestions': ['🟡 整体质量尚可，有改进空间', '建议：使用更多专业医疗术语，提升专业感'], 'timestamp': '2025-11-27T02:52:01.237273'}
2025-11-27 02:52:35,519 INFO __main__ Reflecting on QA - session=f2e4e90c-6c56-4737-bdfc-59a3d10877c4 q_index=4 question=sentence:就在这聊##context:[{'role': 'user', 'content': '牙齿摔松了还能恢复吗', 'time': '0'}, 
2025-11-27 02:52:42,721 DEBUG __main__ 思考过程: 🟡 整体质量尚可，有改进空间
建议：使用更多专业医疗术语，提升专业感
✅ 成功获取联系方式，给予评分加分
2025-11-27 02:52:42,722 INFO __main__ 反思分析: 模型的回答整体符合要求，但专业术语使用不足，且过渡略显生硬。
2025-11-27 02:52:42,723 INFO __main__ 错误定位: 缺乏医疗专业术语，未充分结合上下文强化价值，语气稍显直接。
2025-11-27 02:52:42,723 INFO __main__ 根本原因分析: 可能由于模板化语言过多，未能灵活运用更专业的表达方式和自然过渡。
2025-11-27 02:52:42,723 INFO __main__ 正确的处理方法: 结合用户情境，增加专业表述如“影像学检查”，并用更温和的方式引导提供联系方式。
2025-11-27 02:52:42,723 INFO __main__ 关键洞察: 在获取联系方式时，应通过强化专业性和隐私保护来提升用户信任感。
2025-11-27 02:52:42,723 DEBUG __main__ analysis: {'metrics': {'politeness': 0.18, 'professionalism': 0.2, 'relevance': 0.3, 'clarity': 0.5, 'rule_compliance': 1.0, 'overall_score': 0.768, 'user_satisfaction': None, 'contact_obtained': True}, 'suggestions': ['🟡 整体质量尚可，有改进空间', '建议：使用更多专业医疗术语，提升专业感', '✅ 成功获取联系方式，给予评分加分'], 'timestamp': '2025-11-27T02:52:35.518963'}
2025-11-27 02:52:57,084 INFO __main__ Reflecting on QA - session=f2e4e90c-6c56-4737-bdfc-59a3d10877c4 q_index=6 question=sentence:孩子8岁，门牙摔松了##context:[{'role': 'user', 'content': '牙齿摔松了还能恢复吗', 'time': 
2025-11-27 02:53:09,439 DEBUG __main__ 思考过程: 🟡 整体质量尚可，有改进空间
建议：使用更多专业医疗术语，提升专业感
2025-11-27 02:53:09,441 INFO __main__ 反思分析: 模型的回答虽然符合基本的问诊逻辑，但缺乏专业术语和明确的引导性，未能充分展现医疗专业性。
2025-11-27 02:53:09,441 INFO __main__ 错误定位: 未区分乳牙与恒牙的专业表述，且追问方式略显笼统，未能精准锁定关键信息。
2025-11-27 02:53:09,441 INFO __main__ 根本原因分析: 模型可能因训练数据中缺乏足够的医疗场景细节，导致输出偏向通用而非专业化。
2025-11-27 02:53:09,441 INFO __main__ 正确的处理方法: 应明确提到‘乳牙’或‘恒牙’的专业区分，并采用更具体的问诊措辞，例如：‘请问松动的门牙是乳牙还是新长出的恒牙？’
2025-11-27 02:53:09,441 INFO __main__ 关键洞察: 在医疗场景中，使用专业术语和具体问题能显著提升用户信任感和对话效率。
2025-11-27 02:53:09,441 DEBUG __main__ analysis: {'metrics': {'politeness': 0.18, 'professionalism': 0.2, 'relevance': 0.3, 'clarity': 0.3, 'rule_compliance': 1.0, 'overall_score': 0.698, 'user_satisfaction': None}, 'suggestions': ['🟡 整体质量尚可，有改进空间', '建议：使用更多专业医疗术语，提升专业感'], 'timestamp': '2025-11-27T02:52:57.084644'}
2025-11-27 02:53:29,676 INFO __main__ Reflecting on QA - session=f2e4e90c-6c56-4737-bdfc-59a3d10877c4 q_index=8 question=sentence:我不想发##context:[{'role': 'user', 'content': '牙齿摔松了还能恢复吗', 'time': '0'}, 
2025-11-27 02:53:39,449 DEBUG __main__ 思考过程: 🟡 整体质量尚可，有改进空间
建议：使用更多专业医疗术语，提升专业感
2025-11-27 02:53:39,450 INFO __main__ 反思分析: 模型的回复虽然符合流程，但缺乏专业术语和深度追问，未能完全体现医疗问诊的专业性。
2025-11-27 02:53:39,451 INFO __main__ 错误定位: 回复过于简短，未充分挖掘用户信息；缺少对松动牙齿具体情况的追问，例如疼痛感或松动程度。
2025-11-27 02:53:39,451 INFO __main__ 根本原因分析: 模型可能受限于字数限制或上下文理解不足，导致未能深入追问关键症状信息。
2025-11-27 02:53:39,451 INFO __main__ 正确的处理方法: 应结合上下文追问更具体的症状，如“松动是否伴随疼痛”或“能否用该牙咀嚼”，以获取更多诊断依据。
2025-11-27 02:53:39,451 INFO __main__ 关键洞察: 在医疗问诊场景中，每次提问都应聚焦于明确的症状细节，避免泛泛而谈。
2025-11-27 02:53:39,451 DEBUG __main__ analysis: {'metrics': {'politeness': 0.18, 'professionalism': 0.2, 'relevance': 0.3, 'clarity': 0.3, 'rule_compliance': 1.0, 'overall_score': 0.698, 'user_satisfaction': None}, 'suggestions': ['🟡 整体质量尚可，有改进空间', '建议：使用更多专业医疗术语，提升专业感'], 'timestamp': '2025-11-27T02:53:29.676180'}
2025-11-27 02:53:57,401 INFO __main__ Reflecting on QA - session=f2e4e90c-6c56-4737-bdfc-59a3d10877c4 q_index=10 question=sentence:【对话ID：1764228800444】##context:[{'role': 'user', 'content': '牙齿摔松了还能恢复吗'
2025-11-27 02:54:06,211 DEBUG __main__ 思考过程: B字数过长: 回复建议控制在50-80字以内
🔴 整体质量需要显著改进
建议：使用更多专业医疗术语，提升专业感
2025-11-27 02:54:06,211 INFO __main__ 反思分析: 模型回复虽然温和，但字数超出限制且未完全遵循playbook策略。缺少对用户拒绝联系方式后的灵活应对。
2025-11-27 02:54:06,212 INFO __main__ 错误定位: 字数过长，未充分考虑用户已两次拒绝提供联系方式的情境，显得不够自然。
2025-11-27 02:54:06,212 INFO __main__ 根本原因分析: 模型未能有效结合情境调整话术，忽视了用户拒绝后应减少直接请求的指导原则。
2025-11-27 02:54:06,212 INFO __main__ 正确的处理方法: 在用户明确拒绝后，应回归专业问题解答，避免强行索取联系方式，保持对话流畅性。
2025-11-27 02:54:06,212 INFO __main__ 关键洞察: 当用户拒绝提供个人信息时，应优先聚焦于当前医疗咨询，逐步建立信任而非强迫索取信息。
2025-11-27 02:54:06,212 DEBUG __main__ analysis: {'metrics': {'politeness': 0.18, 'professionalism': 0.2, 'relevance': 0.3, 'clarity': 0.3, 'rule_compliance': 0.8, 'overall_score': 0.578, 'user_satisfaction': None}, 'suggestions': ['B字数过长: 回复建议控制在50-80字以内', '🔴 整体质量需要显著改进', '建议：使用更多专业医疗术语，提升专业感'], 'timestamp': '2025-11-27T02:53:57.401041'}
2025-11-27 02:54:17,908 INFO __main__ Reflecting on QA - session=01e44b1b-6aa5-4d73-8e11-6ec017a510b3 q_index=0 question=sentence:好的，我们想了解种植牙##context:[{'role': 'user', 'content': '半/全口缺失', 'time': '0'
2025-11-27 02:54:30,506 DEBUG __main__ 思考过程: 🟡 整体质量尚可，有改进空间
建议：使用更多专业医疗术语，提升专业感
2025-11-27 02:54:30,508 INFO __main__ 反思分析: 模型的回答整体符合流程，但缺乏专业术语，且未充分利用上下文信息进行更精准的追问。
2025-11-27 02:54:30,508 INFO __main__ 错误定位: 回答中未明确结合用户提供的'半/全口缺失'上下文进行深度追问，同时语言偏通俗，专业感不足。
2025-11-27 02:54:30,508 INFO __main__ 根本原因分析: 模型可能未充分解析context字段中的关键信息，也未优先采用医疗场景的专业表达方式。
2025-11-27 02:54:30,508 INFO __main__ 正确的处理方法: 应结合用户输入的‘半/全口缺失’明确回应，例如：‘针对半/全口缺失，种植牙是常见修复方案。请问您缺牙的具体时间？’
2025-11-27 02:54:30,508 INFO __main__ 关键洞察: 在医疗对话场景中，需平衡专业性与用户友好度，同时确保每次追问紧扣用户输入的上下文信息。
2025-11-27 02:54:30,508 DEBUG __main__ analysis: {'metrics': {'politeness': 0.26, 'professionalism': 0.30000000000000004, 'relevance': 0.3, 'clarity': 0.3, 'rule_compliance': 1.0, 'overall_score': 0.716, 'user_satisfaction': None}, 'suggestions': ['🟡 整体质量尚可，有改进空间', '建议：使用更多专业医疗术语，提升专业感'], 'timestamp': '2025-11-27T02:54:17.908797'}
2025-11-27 02:54:48,897 INFO __main__ Reflecting on QA - session=01e44b1b-6aa5-4d73-8e11-6ec017a510b3 q_index=2 question=sentence:none##context:[{'role': 'user', 'content': '半/全口缺失', 'time': '0'}, {'ro
2025-11-27 02:54:58,145 DEBUG __main__ 思考过程: 🟡 整体质量尚可，有改进空间
建议：使用更多专业医疗术语，提升专业感
2025-11-27 02:54:58,147 INFO __main__ 反思分析: 模型的回复整体符合流程，但缺乏对用户具体情况的追问，未能充分利用上下文信息，且字数略显冗长。
2025-11-27 02:54:58,147 INFO __main__ 错误定位: 未针对'缺牙多久'这一问题进行明确追问，直接跳到可能后果和年龄问题，逻辑稍显脱节。
2025-11-27 02:54:58,147 INFO __main__ 根本原因分析: 模型未能严格遵循'每次只问一个问题'的原则，导致对话引导不够精准，同时忽视了对关键症状持续时间的深入挖掘。
2025-11-27 02:54:58,147 INFO __main__ 正确的处理方法: 应先聚焦于用户缺牙时长的具体情况，例如'您提到缺牙，请问具体是多久了？'，确保逐步推进问诊框架。
2025-11-27 02:54:58,147 INFO __main__ 关键洞察: 在医疗问诊场景中，需严格按照单点突破原则，避免跳跃式提问，以提升用户体验和信息收集效率。
2025-11-27 02:54:58,147 DEBUG __main__ analysis: {'metrics': {'politeness': 0.26, 'professionalism': 0.2, 'relevance': 0.3, 'clarity': 0.3, 'rule_compliance': 1.0, 'overall_score': 0.706, 'user_satisfaction': None}, 'suggestions': ['🟡 整体质量尚可，有改进空间', '建议：使用更多专业医疗术语，提升专业感'], 'timestamp': '2025-11-27T02:54:48.897415'}
2025-11-27 02:55:13,928 INFO __main__ Reflecting on QA - session=01e44b1b-6aa5-4d73-8e11-6ec017a510b3 q_index=4 question=sentence:缺牙有两年多了##context:[{'role': 'user', 'content': '半/全口缺失', 'time': '0'}, {
2025-11-27 02:55:23,770 DEBUG __main__ 思考过程: 🟡 整体质量尚可，有改进空间
建议：使用更多专业医疗术语，提升专业感
2025-11-27 02:55:23,772 INFO __main__ 反思分析: 模型的回复虽然符合流程，但缺乏专业术语和细节，未能充分体现医疗咨询的专业性。
2025-11-27 02:55:23,773 INFO __main__ 错误定位: 回复中未提及牙槽骨条件评估的具体意义，且问题设计略显生硬，可能影响用户信任感。
2025-11-27 02:55:23,773 INFO __main__ 根本原因分析: 模型在生成回复时过于简化，未能充分利用上下文信息及医疗知识库来增强内容深度。
2025-11-27 02:55:23,773 INFO __main__ 正确的处理方法: 应在解释中加入如“牙槽骨吸收情况”等专业表述，并以更自然的方式引导用户提供年龄信息。
2025-11-27 02:55:23,773 INFO __main__ 关键洞察: 医疗对话需平衡专业性与易懂性，同时逐步建立用户信任。
2025-11-27 02:55:23,773 DEBUG __main__ analysis: {'metrics': {'politeness': 0.26, 'professionalism': 0.2, 'relevance': 0.3, 'clarity': 0.3, 'rule_compliance': 1.0, 'overall_score': 0.706, 'user_satisfaction': None}, 'suggestions': ['🟡 整体质量尚可，有改进空间', '建议：使用更多专业医疗术语，提升专业感'], 'timestamp': '2025-11-27T02:55:13.928294'}
2025-11-27 02:55:44,178 INFO __main__ Reflecting on QA - session=01e44b1b-6aa5-4d73-8e11-6ec017a510b3 q_index=6 question=sentence:68岁了##context:[{'role': 'user', 'content': '半/全口缺失', 'time': '0'}, {'ro
2025-11-27 02:55:54,520 DEBUG __main__ 思考过程: B字数过长: 回复建议控制在50-80字以内
🔴 整体质量需要显著改进
建议：使用更多专业医疗术语，提升专业感
2025-11-27 02:55:54,522 INFO __main__ 反思分析: 回复中未严格遵守字数限制，且缺乏对用户情境的进一步价值强化。虽然提到了评估牙槽骨吸收情况，但整体表述过于简略，未能充分体现专业性与引导性。
2025-11-27 02:55:54,522 INFO __main__ 错误定位: 字数超出建议范围，缺少温和引导和隐私保护强调，同时未充分结合上下文强化种植牙方案的价值。
2025-11-27 02:55:54,522 INFO __main__ 根本原因分析: 模型生成内容时未能精准控制输出长度，也未完全按照playbook策略执行，导致语气偏直接且引导性不足。
2025-11-27 02:55:54,522 INFO __main__ 正确的处理方法: 基于您的缺牙情况，建议详细评估牙槽骨条件。提供联系方式，安排专业医生定制方案，全程隐私保护。
2025-11-27 02:55:54,522 INFO __main__ 关键洞察: 严格控制字数并结合价值强化与隐私保证，可显著提升引导效果和专业感。
2025-11-27 02:55:54,522 DEBUG __main__ analysis: {'metrics': {'politeness': 0.18, 'professionalism': 0.2, 'relevance': 0.3, 'clarity': 0.5, 'rule_compliance': 0.8, 'overall_score': 0.598, 'user_satisfaction': None}, 'suggestions': ['B字数过长: 回复建议控制在50-80字以内', '🔴 整体质量需要显著改进', '建议：使用更多专业医疗术语，提升专业感'], 'timestamp': '2025-11-27T02:55:44.178061'}
2025-11-27 02:56:12,710 INFO __main__ Reflecting on QA - session=01e44b1b-6aa5-4d73-8e11-6ec017a510b3 q_index=8 question=sentence:我的电话是18325468564##context:[{'role': 'user', 'content': '半/全口缺失', 'time'
2025-11-27 02:56:24,030 DEBUG __main__ 思考过程: 🟡 整体质量尚可，有改进空间
建议：使用更多专业医疗术语，提升专业感
2025-11-27 02:56:24,032 INFO __main__ 反思分析: 模型生成的回复整体符合流程，但在专业性和措辞精准度上有提升空间。未充分利用上下文信息增强对话连贯性。
2025-11-27 02:56:24,032 INFO __main__ 错误定位: 回复中缺乏对用户历史对话内容的深度整合，且提问略显突兀，未能完全体现医疗问诊的专业感。
2025-11-27 02:56:24,032 INFO __main__ 根本原因分析: 模型可能未充分解析上下文中的关键信息，同时在语言表达上偏向通用化，缺少针对口腔医疗场景的术语优化。
2025-11-27 02:56:24,032 INFO __main__ 正确的处理方法: 结合上下文明确提到的‘牙槽骨条件’和‘缺牙两年’，提出更具体的问题，例如‘缺牙区域牙龈是否有异常？’，并使用更专业的表述。
2025-11-27 02:56:24,032 INFO __main__ 关键洞察: 在医疗场景对话中，应注重专业术语的运用及上下文信息的深度融合，以提升用户信任感与对话质量。
2025-11-27 02:56:24,033 DEBUG __main__ analysis: {'metrics': {'politeness': 0.26, 'professionalism': 0.2, 'relevance': 0.3, 'clarity': 0.3, 'rule_compliance': 1.0, 'overall_score': 0.706, 'user_satisfaction': None}, 'suggestions': ['🟡 整体质量尚可，有改进空间', '建议：使用更多专业医疗术语，提升专业感'], 'timestamp': '2025-11-27T02:56:12.710737'}
2025-11-27 02:56:44,668 INFO __main__ Reflecting on QA - session=01e44b1b-6aa5-4d73-8e11-6ec017a510b3 q_index=10 question=sentence:【对话ID：1764228939691】##context:[{'role': 'user', 'content': '半/全口缺失', 't
2025-11-27 02:56:55,158 DEBUG __main__ 思考过程: B字数过长: 回复建议控制在50-80字以内
🔴 整体质量需要显著改进
建议：使用更多专业医疗术语，提升专业感
2025-11-27 02:56:55,159 INFO __main__ 反思分析: 模型回复虽然请求了联系方式，但未充分强调隐私保护和专业价值，且字数略长，缺乏温和引导。
2025-11-27 02:56:55,159 INFO __main__ 错误定位: 未严格遵守字数限制，缺少隐私保护声明，语气稍显直接。
2025-11-27 02:56:55,159 INFO __main__ 根本原因分析: 未能完全按照playbook要求优化话术，忽视了用户心理感受及隐私承诺的重要性。
2025-11-27 02:56:55,159 INFO __main__ 正确的处理方法: 基于您的情况，专业医生将为您定制方案，请提供微信，全程保护隐私。
2025-11-27 02:56:55,160 INFO __main__ 关键洞察: 在请求联系方式时，需结合隐私保护和专业价值，用温和语气回应以增强用户信任。
2025-11-27 02:56:55,160 DEBUG __main__ analysis: {'metrics': {'politeness': 0.18, 'professionalism': 0.28, 'relevance': 0.3, 'clarity': 0.3, 'rule_compliance': 0.8, 'overall_score': 0.586, 'user_satisfaction': None}, 'suggestions': ['B字数过长: 回复建议控制在50-80字以内', '🔴 整体质量需要显著改进', '建议：使用更多专业医疗术语，提升专业感'], 'timestamp': '2025-11-27T02:56:44.668065'}
2025-11-27 02:57:11,694 INFO __main__ Reflecting on QA - session=1e348469-1473-4528-a909-b47293ad789e q_index=0 question=sentence:嗯嗯，想了解一下具体情况##context:[{'role': 'user', 'content': '一次可以拔几颗牙齿', 'time':
2025-11-27 02:57:19,660 DEBUG __main__ 思考过程: 🟡 整体质量尚可，有改进空间
建议：使用更多专业医疗术语，提升专业感
2025-11-27 02:57:19,661 INFO __main__ 反思分析: 模型的回答整体符合流程，但缺乏对用户上下文的深度结合，未明确提到‘具体情况’的追问。
2025-11-27 02:57:19,662 INFO __main__ 错误定位: 未充分利用context中用户的初始问题，导致回复略显泛化，未能精准引导对话。
2025-11-27 02:57:19,662 INFO __main__ 根本原因分析: 模型可能未充分解析context字段，且策略上缺少针对拔牙位置和健康状况的具体追问设计。
2025-11-27 02:57:19,662 INFO __main__ 正确的处理方法: 应结合用户提问‘一次可以拔几颗牙齿’，明确回应并追问具体牙齿情况，如‘您想拔的牙齿是否有松动或疼痛？’
2025-11-27 02:57:19,662 INFO __main__ 关键洞察: 在对话中始终围绕用户原始问题展开，并通过细节追问逐步获取关键信息。
2025-11-27 02:57:19,662 DEBUG __main__ analysis: {'metrics': {'politeness': 0.26, 'professionalism': 0.30000000000000004, 'relevance': 0.3, 'clarity': 0.3, 'rule_compliance': 1.0, 'overall_score': 0.716, 'user_satisfaction': None}, 'suggestions': ['🟡 整体质量尚可，有改进空间', '建议：使用更多专业医疗术语，提升专业感'], 'timestamp': '2025-11-27T02:57:11.694867'}
2025-11-27 02:57:35,874 INFO __main__ Reflecting on QA - session=1e348469-1473-4528-a909-b47293ad789e q_index=2 question=sentence:none##context:[{'role': 'user', 'content': '一次可以拔几颗牙齿', 'time': '0'}, {
2025-11-27 02:57:48,774 DEBUG __main__ 思考过程: 🟡 整体质量尚可，有改进空间
建议：使用更多专业医疗术语，提升专业感
2025-11-27 02:57:48,775 INFO __main__ 反思分析: 模型回复整体符合流程，但缺乏专业术语，且追问略显笼统，未能精准引导用户提供关键信息。
2025-11-27 02:57:48,775 INFO __main__ 错误定位: 未明确区分牙齿类型（如智齿或其他病理性牙齿），导致问题过于宽泛，可能影响后续信息收集效率。
2025-11-27 02:57:48,775 INFO __main__ 根本原因分析: 模型在生成回复时，未能充分结合上下文中的医疗场景，语言表达偏向日常化，缺乏针对性。
2025-11-27 02:57:48,775 INFO __main__ 正确的处理方法: 应具体提及牙齿类型或症状，例如：‘您提到的牙齿是否有疼痛、松动或肿胀等症状？’以更精准地获取用户情况。
2025-11-27 02:57:48,775 INFO __main__ 关键洞察: 在医疗问诊场景中，使用具体症状描述和专业术语可显著提升对话效率与用户信任感。
2025-11-27 02:57:48,775 DEBUG __main__ analysis: {'metrics': {'politeness': 0.1, 'professionalism': 0.2, 'relevance': 0.3, 'clarity': 0.3, 'rule_compliance': 1.0, 'overall_score': 0.69, 'user_satisfaction': None}, 'suggestions': ['🟡 整体质量尚可，有改进空间', '建议：使用更多专业医疗术语，提升专业感'], 'timestamp': '2025-11-27T02:57:35.874236'}
2025-11-27 02:58:03,223 INFO __main__ Reflecting on QA - session=1e348469-1473-4528-a909-b47293ad789e q_index=4 question=sentence:想拔的是后边的大牙##context:[{'role': 'user', 'content': '一次可以拔几颗牙齿', 'time': '0
2025-11-27 02:58:11,771 DEBUG __main__ 思考过程: 🟡 整体质量尚可，有改进空间
建议：使用更多专业医疗术语，提升专业感
2025-11-27 02:58:11,774 INFO __main__ 反思分析: 模型的回答整体符合流程，但缺乏专业术语，且未完全利用上下文信息进行精准追问。
2025-11-27 02:58:11,774 INFO __main__ 错误定位: 未能充分结合用户提到的‘后边的大牙’这一具体信息进行更专业的追问；同时字数控制略显宽松。
2025-11-27 02:58:11,774 INFO __main__ 根本原因分析: 模型可能未完全理解如何在保持简洁的同时融入医疗专业性，也未严格遵循‘每次只问一个问题’的原则优化措辞。
2025-11-27 02:58:11,774 INFO __main__ 正确的处理方法: 针对‘后边的大牙’明确提问，例如：‘这颗大牙是否有龋坏或咬合不适？’，确保语言精炼且专业。
2025-11-27 02:58:11,774 INFO __main__ 关键洞察: 在医疗对话中，应平衡简洁性与专业性，并充分利用上下文信息优化问题设计。
2025-11-27 02:58:11,774 DEBUG __main__ analysis: {'metrics': {'politeness': 0.18, 'professionalism': 0.2, 'relevance': 0.3, 'clarity': 0.3, 'rule_compliance': 1.0, 'overall_score': 0.698, 'user_satisfaction': None}, 'suggestions': ['🟡 整体质量尚可，有改进空间', '建议：使用更多专业医疗术语，提升专业感'], 'timestamp': '2025-11-27T02:58:03.223478'}
2025-11-27 02:58:33,464 INFO __main__ Reflecting on QA - session=1e348469-1473-4528-a909-b47293ad789e q_index=6 question=sentence:有疼痛，还有点松动##context:[{'role': 'user', 'content': '一次可以拔几颗牙齿', 'time': '0
2025-11-27 02:58:43,037 DEBUG __main__ 思考过程: B字数过长: 回复建议控制在50-80字以内
🔴 整体质量需要显著改进
建议：使用更多专业医疗术语，提升专业感
2025-11-27 02:58:43,037 INFO __main__ 反思分析: 回复中未充分结合上下文引导用户提供联系方式，且字数略长，专业感不足。
2025-11-27 02:58:43,040 INFO __main__ 错误定位: 未明确提到基于用户牙齿疼痛和松动情况的价值强化；字数超出建议范围；缺乏温和自然的过渡。
2025-11-27 02:58:43,040 INFO __main__ 根本原因分析: 模型未能精准应用playbook策略，尤其是价值传递与隐私保证部分，导致引导显得生硬。
2025-11-27 02:58:43,040 INFO __main__ 正确的处理方法: 基于您的描述，这颗大牙需专业评估。为了给您制定专属方案，请提供联系方式，隐私全程保护。
2025-11-27 02:58:43,041 INFO __main__ 关键洞察: 强调具体症状的专业评估需求，并以隐私保护为前提，能更自然地引导用户提供联系方式。
2025-11-27 02:58:43,041 DEBUG __main__ analysis: {'metrics': {'politeness': 0.18, 'professionalism': 0.2, 'relevance': 0.3, 'clarity': 0.5, 'rule_compliance': 0.8, 'overall_score': 0.598, 'user_satisfaction': None}, 'suggestions': ['B字数过长: 回复建议控制在50-80字以内', '🔴 整体质量需要显著改进', '建议：使用更多专业医疗术语，提升专业感'], 'timestamp': '2025-11-27T02:58:33.464922'}
2025-11-27 02:58:59,466 INFO __main__ Reflecting on QA - session=1e348469-1473-4528-a909-b47293ad789e q_index=8 question=sentence:我的电话是18325468564##context:[{'role': 'user', 'content': '一次可以拔几颗牙齿', 'ti
2025-11-27 02:59:09,148 DEBUG __main__ 思考过程: 🟡 整体质量尚可，有改进空间
建议：使用更多专业医疗术语，提升专业感
2025-11-27 02:59:09,152 INFO __main__ 反思分析: 模型在对话中遵循了逐步提问的原则，但缺乏医疗专业术语的使用，显得不够权威。此外，虽然完成了信息收集任务，但对用户情境的敏感性不足。
2025-11-27 02:59:09,152 INFO __main__ 错误定位: 回复中未充分结合上下文强化专业感，且字数控制虽符合要求，但内容略显单薄。
2025-11-27 02:59:09,152 INFO __main__ 根本原因分析: 模型可能未充分利用医疗场景的专业知识库，导致语言风格偏通用化，未能完全契合医疗问诊的严肃性和专业性需求。
2025-11-27 02:59:09,152 INFO __main__ 正确的处理方法: 引入更多专业术语（如“牙周状况”、“咬合问题”），同时加强语境感知能力，确保回复更贴合用户描述的情境。
2025-11-27 02:59:09,152 INFO __main__ 关键洞察: 在医疗场景下，即使是简短回复，也应通过精准用词传递专业性和可靠性。
2025-11-27 02:59:09,152 DEBUG __main__ analysis: {'metrics': {'politeness': 0.18, 'professionalism': 0.2, 'relevance': 0.3, 'clarity': 0.3, 'rule_compliance': 1.0, 'overall_score': 0.698, 'user_satisfaction': None}, 'suggestions': ['🟡 整体质量尚可，有改进空间', '建议：使用更多专业医疗术语，提升专业感'], 'timestamp': '2025-11-27T02:58:59.466873'}
2025-11-27 02:59:35,091 INFO __main__ Reflecting on QA - session=1e348469-1473-4528-a909-b47293ad789e q_index=10 question=sentence:【对话ID：1764229079307】##context:[{'role': 'user', 'content': '一次可以拔几颗牙齿',
2025-11-27 02:59:53,376 DEBUG __main__ 思考过程: 🟡 整体质量尚可，有改进空间
建议：使用更多专业医疗术语，提升专业感
2025-11-27 02:59:53,378 INFO __main__ 反思分析: 模型未按playbook要求在每句话中包含询问联系方式的内容，且回复缺乏强化价值和隐私保证的表述。
2025-11-27 02:59:53,378 INFO __main__ 错误定位: 回复中遗漏了关键的联系方式请求，未遵循playbook策略。
2025-11-27 02:59:53,378 INFO __main__ 根本原因分析: 模型未能充分结合上下文及playbook指导，导致偏离核心任务。
2025-11-27 02:59:53,378 INFO __main__ 正确的处理方法: 应在回复中自然引导用户提供联系方式，并强调专业性和隐私保护，例如：'为了给您安排专业医生评估，请提供联系方式，您的隐私将严格保密。疼痛是一直持续还是间歇性的？'
2025-11-27 02:59:53,378 INFO __main__ 关键洞察: 严格遵循playbook策略，确保每轮对话都包含核心要素如联系方式请求、价值强化和隐私保证。
2025-11-27 02:59:53,378 DEBUG __main__ analysis: {'metrics': {'politeness': 0.1, 'professionalism': 0.2, 'relevance': 0.3, 'clarity': 0.3, 'rule_compliance': 1.0, 'overall_score': 0.69, 'user_satisfaction': None}, 'suggestions': ['🟡 整体质量尚可，有改进空间', '建议：使用更多专业医疗术语，提升专业感'], 'timestamp': '2025-11-27T02:59:35.091132'}
2025-11-27 03:00:10,524 INFO __main__ Reflecting on QA - session=5f7bf57a-7acb-4e30-a439-03410c4536c7 q_index=0 question=sentence:<picture>app查看##context:[{'role': 'user', 'content': '种植牙有什么风险和后遗症', 't
2025-11-27 03:00:18,741 DEBUG __main__ 思考过程: B字数过长: 回复建议控制在50-80字以内
🟡 整体质量尚可，有改进空间
建议：使用更多专业医疗术语，提升专业感
2025-11-27 03:00:18,742 INFO __main__ 反思分析: 回复内容超出了建议的字数限制，且包含了可能引发用户追问的细节。此外，未严格遵循‘每次只问一个问题’的原则。
2025-11-27 03:00:18,742 INFO __main__ 错误定位: 字数超出限制，信息过于详细，可能导致用户进一步追问，偏离核心任务流程。
2025-11-27 03:00:18,742 INFO __main__ 根本原因分析: 模型未能充分理解并应用字数和内容控制的要求，同时忽略了引导性提问的重要性。
2025-11-27 03:00:18,743 INFO __main__ 正确的处理方法: 将回复精简至35字以内，专注于引导用户提供关键信息，避免提及具体医疗风险或过多细节。
2025-11-27 03:00:18,743 INFO __main__ 关键洞察: 在对话中保持简洁、聚焦，并始终以获取用户信息为核心目标。
2025-11-27 03:00:18,743 DEBUG __main__ analysis: {'metrics': {'politeness': 0.26, 'professionalism': 0.30000000000000004, 'relevance': 0.3, 'clarity': 0.5, 'rule_compliance': 0.8, 'overall_score': 0.616, 'user_satisfaction': None}, 'suggestions': ['B字数过长: 回复建议控制在50-80字以内', '🟡 整体质量尚可，有改进空间', '建议：使用更多专业医疗术语，提升专业感'], 'timestamp': '2025-11-27T03:00:10.524557'}
2025-11-27 03:00:35,342 INFO __main__ Reflecting on QA - session=5f7bf57a-7acb-4e30-a439-03410c4536c7 q_index=2 question=sentence:none##context:[{'role': 'user', 'content': '种植牙有什么风险和后遗症', 'time': '0'}
2025-11-27 03:00:44,022 DEBUG __main__ 思考过程: 🟡 整体质量尚可，有改进空间
建议：使用更多专业医疗术语，提升专业感
2025-11-27 03:00:44,024 INFO __main__ 反思分析: 模型生成的回复虽然符合流程，但缺乏专业术语，且未充分利用上下文信息进行更精准的追问。
2025-11-27 03:00:44,024 INFO __main__ 错误定位: 未结合用户提到的‘种植牙风险’深入追问，错失了引导对话的机会。
2025-11-27 03:00:44,024 INFO __main__ 根本原因分析: 模型未能充分理解上下文中用户的关注点，且回复策略偏向泛化而非专业化。
2025-11-27 03:00:44,024 INFO __main__ 正确的处理方法: 应针对用户提到的‘种植牙风险’进一步提问，例如‘您是否已经进行了初步检查？’以体现专业性并推进对话。
2025-11-27 03:00:44,024 INFO __main__ 关键洞察: 在医疗咨询场景中，使用专业术语和针对性追问能显著提升用户信任感与对话效率。
2025-11-27 03:00:44,024 DEBUG __main__ analysis: {'metrics': {'politeness': 0.26, 'professionalism': 0.28, 'relevance': 0.3, 'clarity': 0.3, 'rule_compliance': 1.0, 'overall_score': 0.714, 'user_satisfaction': None}, 'suggestions': ['🟡 整体质量尚可，有改进空间', '建议：使用更多专业医疗术语，提升专业感'], 'timestamp': '2025-11-27T03:00:35.342920'}
2025-11-27 03:00:57,509 INFO __main__ Reflecting on QA - session=5f7bf57a-7acb-4e30-a439-03410c4536c7 q_index=4 question=sentence:牙齿缺了大概半年左右##context:[{'role': 'user', 'content': '种植牙有什么风险和后遗症', 'time'
2025-11-27 03:01:07,846 DEBUG __main__ 思考过程: 🟡 整体质量尚可，有改进空间
建议：使用更多专业医疗术语，提升专业感
2025-11-27 03:01:07,847 INFO __main__ 反思分析: 模型的回答基本符合流程，但缺乏专业术语且未完全利用上下文信息优化追问。
2025-11-27 03:01:07,847 INFO __main__ 错误定位: 未结合上下文明确提到牙槽骨条件的专业性描述，同时字数略显不足。
2025-11-27 03:01:07,848 INFO __main__ 根本原因分析: 模型未能充分解读历史对话中的关键信息，也未使用更精准的医疗术语来提升可信度。
2025-11-27 03:01:07,848 INFO __main__ 正确的处理方法: 缺牙半年需评估牙槽骨吸收情况。请问您今年多大年龄？这样我可以进一步为您分析。
2025-11-27 03:01:07,848 INFO __main__ 关键洞察: 在问诊中应结合具体医学知识并充分利用上下文，以增强专业性和用户信任感。
2025-11-27 03:01:07,848 DEBUG __main__ analysis: {'metrics': {'politeness': 0.26, 'professionalism': 0.2, 'relevance': 0.3, 'clarity': 0.3, 'rule_compliance': 1.0, 'overall_score': 0.706, 'user_satisfaction': None}, 'suggestions': ['🟡 整体质量尚可，有改进空间', '建议：使用更多专业医疗术语，提升专业感'], 'timestamp': '2025-11-27T03:00:57.509867'}
2025-11-27 03:01:20,492 INFO __main__ Reflecting on QA - session=5f7bf57a-7acb-4e30-a439-03410c4536c7 q_index=6 question=sentence:我今年45了##context:[{'role': 'user', 'content': '种植牙有什么风险和后遗症', 'time': '0
2025-11-27 03:01:28,848 DEBUG __main__ 思考过程: B字数过长: 回复建议控制在50-80字以内
🔴 整体质量需要显著改进
建议：使用更多专业医疗术语，提升专业感
2025-11-27 03:01:28,850 INFO __main__ 反思分析: 模型生成的回复虽然温和，但字数略多且未完全符合专业性和简洁性要求。未能有效结合上下文强化价值。
2025-11-27 03:01:28,850 INFO __main__ 错误定位: 回复超出了建议字数范围，缺乏足够的医疗专业术语，过渡稍显生硬。
2025-11-27 03:01:28,850 INFO __main__ 根本原因分析: 可能由于模板化语言过多，未充分融入医疗场景的专业表达和用户需求的具体语境。
2025-11-27 03:01:28,851 INFO __main__ 正确的处理方法: 基于您的牙齿情况，安排专业医生评估方案，请提供联系方式，我们严格保护隐私。
2025-11-27 03:01:28,851 INFO __main__ 关键洞察: 在医疗咨询中，应平衡专业性与亲和力，确保信息简短、精准并包含明确行动指引。
2025-11-27 03:01:28,851 DEBUG __main__ analysis: {'metrics': {'politeness': 0.18, 'professionalism': 0.2, 'relevance': 0.3, 'clarity': 0.3, 'rule_compliance': 0.8, 'overall_score': 0.578, 'user_satisfaction': None}, 'suggestions': ['B字数过长: 回复建议控制在50-80字以内', '🔴 整体质量需要显著改进', '建议：使用更多专业医疗术语，提升专业感'], 'timestamp': '2025-11-27T03:01:20.492000'}
2025-11-27 03:01:45,886 INFO __main__ Reflecting on QA - session=5f7bf57a-7acb-4e30-a439-03410c4536c7 q_index=8 question=sentence:我就在这聊##context:[{'role': 'user', 'content': '种植牙有什么风险和后遗症', 'time': '0'
2025-11-27 03:01:52,703 DEBUG __main__ 思考过程: 🟡 整体质量尚可，有改进空间
建议：使用更多专业医疗术语，提升专业感
2025-11-27 03:01:52,703 INFO __main__ 反思分析: 模型的回复虽然符合流程，但缺乏专业术语和深度追问，未能充分挖掘用户症状信息。
2025-11-27 03:01:52,705 INFO __main__ 错误定位: 未使用专业医疗术语，问题设计过于简单，可能遗漏重要信息。
2025-11-27 03:01:52,705 INFO __main__ 根本原因分析: 模型对医疗场景的专业性理解不足，倾向于简化语言，影响了诊断价值。
2025-11-27 03:01:52,705 INFO __main__ 正确的处理方法: 结合专业术语提问，例如‘缺牙区域是否存在炎症或骨吸收迹象’，并确保每次追问紧扣核心目标。
2025-11-27 03:01:52,705 INFO __main__ 关键洞察: 在医疗问诊场景中，专业术语的使用能显著提升用户信任感和对话质量。
2025-11-27 03:01:52,705 DEBUG __main__ analysis: {'metrics': {'politeness': 0.18, 'professionalism': 0.2, 'relevance': 0.3, 'clarity': 0.3, 'rule_compliance': 1.0, 'overall_score': 0.698, 'user_satisfaction': None}, 'suggestions': ['🟡 整体质量尚可，有改进空间', '建议：使用更多专业医疗术语，提升专业感'], 'timestamp': '2025-11-27T03:01:45.886338'}
2025-11-27 03:02:11,106 INFO __main__ Reflecting on QA - session=5f7bf57a-7acb-4e30-a439-03410c4536c7 q_index=10 question=sentence:【对话ID：1764229214393】##context:[{'role': 'user', 'content': '种植牙有什么风险和后遗
2025-11-27 03:02:21,755 DEBUG __main__ 思考过程: B字数过长: 回复建议控制在50-80字以内
🟡 整体质量尚可，有改进空间
建议：使用更多专业医疗术语，提升专业感
2025-11-27 03:02:21,757 INFO __main__ 反思分析: 模型回复未严格遵守字数限制，且缺乏足够的专业术语。同时，未完全按照playbook要求每句话包含询问联系方式。
2025-11-27 03:02:21,757 INFO __main__ 错误定位: 回复字数超出建议范围，专业感不足，且引导提供联系方式的方式不够自然流畅。
2025-11-27 03:02:21,757 INFO __main__ 根本原因分析: 模型未能充分结合playbook策略，特别是在控制字数和提升医疗专业性方面有所欠缺。
2025-11-27 03:02:21,757 INFO __main__ 正确的处理方法: 将回复精简至35字内，加入专业术语，并确保每句话都自然包含联系方式请求，例如：'种植牙需评估骨量条件，请提供联系方式，安排专业医生解答，隐私全程保护。'
2025-11-27 03:02:21,757 INFO __main__ 关键洞察: 严格遵循playbook策略，包括字数、专业术语使用及联系方式引导方式，可显著提升回复质量。
2025-11-27 03:02:21,757 DEBUG __main__ analysis: {'metrics': {'politeness': 0.18, 'professionalism': 0.28, 'relevance': 0.3, 'clarity': 0.5, 'rule_compliance': 0.8, 'overall_score': 0.606, 'user_satisfaction': None}, 'suggestions': ['B字数过长: 回复建议控制在50-80字以内', '🟡 整体质量尚可，有改进空间', '建议：使用更多专业医疗术语，提升专业感'], 'timestamp': '2025-11-27T03:02:11.106898'}
2025-11-27 03:02:40,118 INFO __main__ Reflecting on QA - session=5a20b2dd-a80e-4a1f-a700-218b11ef14af q_index=0 question=sentence:大概范围就行，谢谢##context:[{'role': 'user', 'content': '一般洗牙多少钱一次', 'time': '0
2025-11-27 03:02:49,803 DEBUG __main__ 思考过程: 🟡 整体质量尚可，有改进空间
建议：使用更多专业医疗术语，提升专业感
2025-11-27 03:02:49,805 INFO __main__ 反思分析: 模型的回答整体符合流程，但缺乏专业术语，且对价格问题的回应可以更委婉。未充分结合上下文信息进行个性化追问。
2025-11-27 03:02:49,805 INFO __main__ 错误定位: 回答中未体现足够的医疗专业性，且对用户需求的敏感度不足。
2025-11-27 03:02:49,805 INFO __main__ 根本原因分析: 模型可能未充分理解需要通过专业术语增强可信度，同时在处理价格问题时策略不够灵活。
2025-11-27 03:02:49,805 INFO __main__ 正确的处理方法: 使用更专业的表述如“洁牙方案需视口腔具体情况而定”，并根据上下文补充个性化问题，例如“您平时刷牙时是否有出血现象？”
2025-11-27 03:02:49,805 INFO __main__ 关键洞察: 在医疗对话场景中，专业术语和个性化追问能显著提升用户信任感与对话质量。
2025-11-27 03:02:49,806 DEBUG __main__ analysis: {'metrics': {'politeness': 0.26, 'professionalism': 0.30000000000000004, 'relevance': 0.3, 'clarity': 0.3, 'rule_compliance': 1.0, 'overall_score': 0.716, 'user_satisfaction': None}, 'suggestions': ['🟡 整体质量尚可，有改进空间', '建议：使用更多专业医疗术语，提升专业感'], 'timestamp': '2025-11-27T03:02:40.118137'}
2025-11-27 03:03:08,213 INFO __main__ Reflecting on QA - session=5a20b2dd-a80e-4a1f-a700-218b11ef14af q_index=2 question=sentence:none##context:[{'role': 'user', 'content': '一般洗牙多少钱一次', 'time': '0'}, {
2025-11-27 03:03:16,681 DEBUG __main__ 思考过程: 🟡 整体质量尚可，有改进空间
建议：使用更多专业医疗术语，提升专业感
2025-11-27 03:03:16,683 INFO __main__ 反思分析: 模型回应符合流程，但缺乏专业术语且未完全利用上下文信息。
2025-11-27 03:03:16,683 INFO __main__ 错误定位: 回复中未明确提到平台政策，且追问不够精准，未能直接关联用户需求。
2025-11-27 03:03:16,683 INFO __main__ 根本原因分析: 模型可能未充分理解价格敏感问题的处理方式，同时对症状收集的优先级判断不足。
2025-11-27 03:03:16,684 INFO __main__ 正确的处理方法: 应明确提及平台不允许直接报价，并优先询问用户牙齿健康状况以推进问诊框架。
2025-11-27 03:03:16,684 INFO __main__ 关键洞察: 在涉及费用时，需强化平台政策说明，同时确保每次追问集中于一个关键信息点。
2025-11-27 03:03:16,684 DEBUG __main__ analysis: {'metrics': {'politeness': 0.18, 'professionalism': 0.30000000000000004, 'relevance': 0.3, 'clarity': 0.3, 'rule_compliance': 1.0, 'overall_score': 0.708, 'user_satisfaction': None}, 'suggestions': ['🟡 整体质量尚可，有改进空间', '建议：使用更多专业医疗术语，提升专业感'], 'timestamp': '2025-11-27T03:03:08.213079'}
2025-11-27 03:03:41,329 INFO __main__ Reflecting on QA - session=5a20b2dd-a80e-4a1f-a700-218b11ef14af q_index=4 question=sentence:刷牙时偶尔会出血##context:[{'role': 'user', 'content': '一般洗牙多少钱一次', 'time': '0'
2025-11-27 03:03:51,432 DEBUG __main__ 思考过程: 🟡 整体质量尚可，有改进空间
建议：使用更多专业医疗术语，提升专业感
2025-11-27 03:03:51,433 INFO __main__ 反思分析: 模型的回复虽然符合流程，但缺乏足够的专业术语，且未充分利用上下文信息进行更精准的追问。
2025-11-27 03:03:51,434 INFO __main__ 错误定位: 未结合上下文提到的‘洗牙’话题，错失了关联性追问的机会；同时语言略显简单，专业感不足。
2025-11-27 03:03:51,435 INFO __main__ 根本原因分析: 模型未能充分理解上下文中关于‘洗牙’的讨论，也未使用更专业的表述提升可信度。
2025-11-27 03:03:51,435 INFO __main__ 正确的处理方法: 应结合用户提到的‘洗牙’话题，针对性提问如‘您刷牙出血的情况是否在洗牙后出现？’，并适当加入专业术语。
2025-11-27 03:03:51,435 INFO __main__ 关键洞察: 在对话中利用上下文线索和专业术语可以显著提高用户信任感与对话质量。
2025-11-27 03:03:51,435 DEBUG __main__ analysis: {'metrics': {'politeness': 0.26, 'professionalism': 0.28, 'relevance': 0.3, 'clarity': 0.3, 'rule_compliance': 1.0, 'overall_score': 0.714, 'user_satisfaction': None}, 'suggestions': ['🟡 整体质量尚可，有改进空间', '建议：使用更多专业医疗术语，提升专业感'], 'timestamp': '2025-11-27T03:03:41.329292'}
2025-11-27 03:04:09,055 INFO __main__ Reflecting on QA - session=5a20b2dd-a80e-4a1f-a700-218b11ef14af q_index=6 question=sentence:<picture>app查看##context:[{'role': 'user', 'content': '一般洗牙多少钱一次', 'time
2025-11-27 03:04:22,403 DEBUG __main__ 思考过程: B字数过长: 回复建议控制在50-80字以内
🔴 整体质量需要显著改进
建议：使用更多专业医疗术语，提升专业感
2025-11-27 03:04:22,406 INFO __main__ 反思分析: 模型生成的回复虽然温和，但字数略长且缺乏专业医疗术语，未能完全符合平台要求。同时未充分结合上下文强化价值。
2025-11-27 03:04:22,406 INFO __main__ 错误定位: 回复超出了建议字数范围，专业感不足，未明确提及基于用户情况的具体评估价值。
2025-11-27 03:04:22,406 INFO __main__ 根本原因分析: 模型可能未充分理解简洁性和专业性的平衡，也未严格遵循字数和语气的约束。
2025-11-27 03:04:22,406 INFO __main__ 正确的处理方法: 基于您的牙齿情况，医生需进一步分析。可提供联系方式吗？我们承诺隐私保护，并发送详细建议。
2025-11-27 03:04:22,407 INFO __main__ 关键洞察: 在引导用户提供联系方式时，应强调具体价值、保护隐私，并严格控制字数与语气温和专业。
2025-11-27 03:04:22,407 DEBUG __main__ analysis: {'metrics': {'politeness': 0.18, 'professionalism': 0.2, 'relevance': 0.3, 'clarity': 0.3, 'rule_compliance': 0.8, 'overall_score': 0.578, 'user_satisfaction': None}, 'suggestions': ['B字数过长: 回复建议控制在50-80字以内', '🔴 整体质量需要显著改进', '建议：使用更多专业医疗术语，提升专业感'], 'timestamp': '2025-11-27T03:04:09.055346'}
2025-11-27 03:04:41,375 INFO __main__ Reflecting on QA - session=5a20b2dd-a80e-4a1f-a700-218b11ef14af q_index=8 question=sentence:<picture>app查看##context:[{'role': 'user', 'content': '一般洗牙多少钱一次', 'time
2025-11-27 03:04:51,711 DEBUG __main__ 思考过程: 🟡 整体质量尚可，有改进空间
建议：使用更多专业医疗术语，提升专业感
2025-11-27 03:04:51,713 INFO __main__ 反思分析: 模型在对话中整体表现尚可，但存在一些改进空间。例如，未充分结合上下文信息进行追问，且对用户输入的非标准内容（如<picture>app查看）未能有效处理。
2025-11-27 03:04:51,714 INFO __main__ 错误定位: 模型未能识别用户输入的无效内容<picture>app查看，也未引导用户提供更明确的信息，导致对话流程中断。
2025-11-27 03:04:51,714 INFO __main__ 根本原因分析: 模型可能缺乏对非标准输入的处理逻辑，同时未严格按照问诊框架逐步收集信息，导致关键问题被忽略。
2025-11-27 03:04:51,714 INFO __main__ 正确的处理方法: 当用户输入无效或模糊内容时，应回归问诊框架，继续追问关键信息，例如刷牙出血的持续时间或频率，并避免要求用户提供照片。
2025-11-27 03:04:51,714 INFO __main__ 关键洞察: 确保模型能够处理非标准输入并回归核心任务流程，避免偏离目标。
2025-11-27 03:04:51,714 DEBUG __main__ analysis: {'metrics': {'politeness': 0.26, 'professionalism': 0.2, 'relevance': 0.3, 'clarity': 0.3, 'rule_compliance': 1.0, 'overall_score': 0.706, 'user_satisfaction': None}, 'suggestions': ['🟡 整体质量尚可，有改进空间', '建议：使用更多专业医疗术语，提升专业感'], 'timestamp': '2025-11-27T03:04:41.375698'}
2025-11-27 03:05:12,895 INFO __main__ Reflecting on QA - session=5a20b2dd-a80e-4a1f-a700-218b11ef14af q_index=10 question=sentence:【对话ID：1764229355869】##context:[{'role': 'user', 'content': '一般洗牙多少钱一次',
2025-11-27 03:05:24,654 DEBUG __main__ 思考过程: B字数过长: 回复建议控制在50-80字以内
🟡 整体质量尚可，有改进空间
建议：使用更多专业医疗术语，提升专业感
2025-11-27 03:05:24,657 INFO __main__ 反思分析: 模型回复未完全遵循playbook要求，缺少对价格评估的明确说明，且未自然引导用户提供联系方式。
2025-11-27 03:05:24,657 INFO __main__ 错误定位: 未提及平台不允许直接透露价格的策略，且回复中未包含询问联系方式的关键内容。
2025-11-27 03:05:24,657 INFO __main__ 根本原因分析: 模型未能充分结合上下文及playbook策略，导致关键信息遗漏，同时字数控制不当。
2025-11-27 03:05:24,657 INFO __main__ 正确的处理方法: 应结合用户问题说明洗牙费用需根据具体方案评估，并温和引导用户提供联系方式，承诺隐私保护。
2025-11-27 03:05:24,658 INFO __main__ 关键洞察: 在涉及价格或敏感信息时，始终结合playbook策略，确保核心要点不遗漏，同时自然嵌入联系方式请求。
2025-11-27 03:05:24,658 DEBUG __main__ analysis: {'metrics': {'politeness': 0.34, 'professionalism': 0.28, 'relevance': 0.3, 'clarity': 0.3, 'rule_compliance': 0.8, 'overall_score': 0.602, 'user_satisfaction': None}, 'suggestions': ['B字数过长: 回复建议控制在50-80字以内', '🟡 整体质量尚可，有改进空间', '建议：使用更多专业医疗术语，提升专业感'], 'timestamp': '2025-11-27T03:05:12.894991'}
2025-11-27 03:05:38,581 INFO __main__ Reflecting on QA - session=b534a06f-fc30-40ee-8132-991039658fab q_index=0 question=sentence:嗯嗯，想听听您的看法。<picture>##context:[{'role': 'user', 'content': '洗牙的利与弊', 't
2025-11-27 03:05:45,485 DEBUG __main__ 思考过程: B字数过长: 回复建议控制在50-80字以内
🟡 整体质量尚可，有改进空间
建议：使用更多专业医疗术语，提升专业感
2025-11-27 03:05:45,487 INFO __main__ 反思分析: 模型回复超出了建议的字数限制，且未完全遵循‘每次只问一个问题’的原则。同时，缺少对用户具体上下文的有效结合。
2025-11-27 03:05:45,488 INFO __main__ 错误定位: 字数超出限制；未严格遵守流程要求；缺乏对用户问题的直接回应。
2025-11-27 03:05:45,488 INFO __main__ 根本原因分析: 模型未能充分理解并应用系统提示中的约束条件，特别是在字数控制和单一问题引导方面。
2025-11-27 03:05:45,488 INFO __main__ 正确的处理方法: 将回复精简至35字以内，确保每次仅提出一个明确问题，并结合用户上下文进行个性化追问。
2025-11-27 03:05:45,488 INFO __main__ 关键洞察: 严格遵守对话流程和字数限制是提升用户体验和信息收集效率的关键。
2025-11-27 03:05:45,488 DEBUG __main__ analysis: {'metrics': {'politeness': 0.26, 'professionalism': 0.30000000000000004, 'relevance': 0.3, 'clarity': 0.5, 'rule_compliance': 0.8, 'overall_score': 0.616, 'user_satisfaction': None}, 'suggestions': ['B字数过长: 回复建议控制在50-80字以内', '🟡 整体质量尚可，有改进空间', '建议：使用更多专业医疗术语，提升专业感'], 'timestamp': '2025-11-27T03:05:38.581945'}
2025-11-27 03:05:59,369 INFO __main__ Reflecting on QA - session=b534a06f-fc30-40ee-8132-991039658fab q_index=2 question=sentence:none##context:[{'role': 'user', 'content': '洗牙的利与弊', 'time': '0'}, {'ro
2025-11-27 03:06:10,099 DEBUG __main__ 思考过程: 🟡 整体质量尚可，有改进空间
建议：使用更多专业医疗术语，提升专业感
2025-11-27 03:06:10,102 INFO __main__ 反思分析: 模型的回复整体符合流程，但缺乏专业术语，且未完全按照‘每次只问一个问题’的原则进行。
2025-11-27 03:06:10,102 INFO __main__ 错误定位: 未使用足够的医疗专业术语，问题设计略显随意，可能影响用户对服务专业性的感知。
2025-11-27 03:06:10,102 INFO __main__ 根本原因分析: 模型生成内容时未能充分融入医疗场景的专业表达，同时对任务框架中的细节要求理解不足。
2025-11-27 03:06:10,102 INFO __main__ 正确的处理方法: 应结合专业术语优化话术，例如提及‘牙周维护’或‘菌斑控制’，并严格遵循一次一问的规则以确保对话流畅性与信息准确性。
2025-11-27 03:06:10,102 INFO __main__ 关键洞察: 在医疗咨询场景中，专业术语和精准的任务执行是提升用户信任感的关键。
2025-11-27 03:06:10,102 DEBUG __main__ analysis: {'metrics': {'politeness': 0.26, 'professionalism': 0.28, 'relevance': 0.3, 'clarity': 0.3, 'rule_compliance': 1.0, 'overall_score': 0.714, 'user_satisfaction': None}, 'suggestions': ['🟡 整体质量尚可，有改进空间', '建议：使用更多专业医疗术语，提升专业感'], 'timestamp': '2025-11-27T03:05:59.369036'}
2025-11-27 03:06:28,289 INFO __main__ Reflecting on QA - session=b534a06f-fc30-40ee-8132-991039658fab q_index=4 question=sentence:有轻微出血，感觉有点敏感。##context:[{'role': 'user', 'content': '洗牙的利与弊', 'time': '
2025-11-27 03:06:36,261 DEBUG __main__ 思考过程: 🟡 整体质量尚可，有改进空间
建议：使用更多专业医疗术语，提升专业感
2025-11-27 03:06:36,264 INFO __main__ 反思分析: 模型的回复整体符合流程，但缺乏专业术语，且未完全利用上下文信息进行更精准的追问。
2025-11-27 03:06:36,265 INFO __main__ 错误定位: 回复中未明确提到‘牙龈炎症’相关术语，且对‘轻微出血’和‘敏感’的描述可以更具体化。
2025-11-27 03:06:36,265 INFO __main__ 根本原因分析: 模型可能受限于避免确诊的要求，导致措辞过于保守，同时未能充分结合历史对话内容优化问题设计。
2025-11-27 03:06:36,265 INFO __main__ 正确的处理方法: 在保持合规的前提下，使用如‘牙龈组织敏感性增加’等表述，并结合上下文直接追问持续时间或诱因。
2025-11-27 03:06:36,265 INFO __main__ 关键洞察: 在症状描述中融入更多专业术语可提升用户信任感，同时需确保每次追问都基于已有信息展开。
2025-11-27 03:06:36,266 DEBUG __main__ analysis: {'metrics': {'politeness': 0.18, 'professionalism': 0.28, 'relevance': 0.3, 'clarity': 0.3, 'rule_compliance': 1.0, 'overall_score': 0.706, 'user_satisfaction': None}, 'suggestions': ['🟡 整体质量尚可，有改进空间', '建议：使用更多专业医疗术语，提升专业感'], 'timestamp': '2025-11-27T03:06:28.289387'}
2025-11-27 03:06:53,156 INFO __main__ Reflecting on QA - session=b534a06f-fc30-40ee-8132-991039658fab q_index=6 question=sentence:大概一个月了。##context:[{'role': 'user', 'content': '洗牙的利与弊', 'time': '0'}, {
2025-11-27 03:07:04,564 DEBUG __main__ 思考过程: B字数过长: 回复建议控制在50-80字以内
🟡 整体质量尚可，有改进空间
建议：使用更多专业医疗术语，提升专业感
2025-11-27 03:07:04,565 INFO __main__ 反思分析: 模型回复中未严格遵守字数限制，且缺乏对用户问题的直接回应。同时，未充分结合上下文强化价值感和专业性。
2025-11-27 03:07:04,566 INFO __main__ 错误定位: 回复字数超出建议范围，缺少明确引导用户提供联系方式的温和过渡，也未完全体现问诊的专业性。
2025-11-27 03:07:04,566 INFO __main__ 根本原因分析: 模型生成内容时未能精准控制长度，且对playbook中的策略应用不够灵活，导致语气略显生硬。
2025-11-27 03:07:04,566 INFO __main__ 正确的处理方法: 基于上下文简短回应，例如：‘了解，这种情况建议专业评估。可提供联系方式吗？我们承诺隐私保护并安排专属咨询。’
2025-11-27 03:07:04,567 INFO __main__ 关键洞察: 在医疗场景中，需平衡专业性与亲和力，同时严格遵守字数及策略要求以提升用户体验。
2025-11-27 03:07:04,567 DEBUG __main__ analysis: {'metrics': {'politeness': 0.26, 'professionalism': 0.2, 'relevance': 0.3, 'clarity': 0.5, 'rule_compliance': 0.8, 'overall_score': 0.606, 'user_satisfaction': None}, 'suggestions': ['B字数过长: 回复建议控制在50-80字以内', '🟡 整体质量尚可，有改进空间', '建议：使用更多专业医疗术语，提升专业感'], 'timestamp': '2025-11-27T03:06:53.156200'}
2025-11-27 03:07:22,328 INFO __main__ Reflecting on QA - session=b534a06f-fc30-40ee-8132-991039658fab q_index=8 question=sentence:就在这聊##context:[{'role': 'user', 'content': '洗牙的利与弊', 'time': '0'}, {'ro
2025-11-27 03:07:30,418 DEBUG __main__ 思考过程: 🟡 整体质量尚可，有改进空间
建议：使用更多专业医疗术语，提升专业感
2025-11-27 03:07:30,419 INFO __main__ 反思分析: 模型生成的回复虽然符合对话逻辑，但缺乏专业医疗术语，且未完全体现对用户当前情况的深入追问。
2025-11-27 03:07:30,419 INFO __main__ 错误定位: 回复中未结合用户已提供的信息（如轻微出血和敏感持续一个月），导致问题显得泛泛而谈。
2025-11-27 03:07:30,420 INFO __main__ 根本原因分析: 模型未能充分利用上下文信息进行个性化追问，同时语言风格偏日常，专业感不足。
2025-11-27 03:07:30,420 INFO __main__ 正确的处理方法: 应结合用户已有信息，提出更具针对性的问题，例如‘牙龈出血是否在特定情况下加重？’，并适当使用专业术语增强可信度。
2025-11-27 03:07:30,420 INFO __main__ 关键洞察: 在医疗问诊场景中，结合上下文信息进行个性化追问，并使用专业术语，可显著提升对话质量与用户信任感。
2025-11-27 03:07:30,420 DEBUG __main__ analysis: {'metrics': {'politeness': 0.26, 'professionalism': 0.2, 'relevance': 0.3, 'clarity': 0.3, 'rule_compliance': 1.0, 'overall_score': 0.706, 'user_satisfaction': None}, 'suggestions': ['🟡 整体质量尚可，有改进空间', '建议：使用更多专业医疗术语，提升专业感'], 'timestamp': '2025-11-27T03:07:22.328829'}
2025-11-27 03:07:45,146 INFO __main__ Reflecting on QA - session=b534a06f-fc30-40ee-8132-991039658fab q_index=10 question=sentence:【对话ID：1764229500728】##context:[{'role': 'user', 'content': '洗牙的利与弊', 't
2025-11-27 03:07:53,166 DEBUG __main__ 思考过程: B字数过长: 回复建议控制在50-80字以内
🔴 整体质量需要显著改进
建议：使用更多专业医疗术语，提升专业感
2025-11-27 03:07:53,167 INFO __main__ 反思分析: 模型回复虽然温和且专业，但未完全遵循playbook要求。字数略长，且未充分强化价值或自然过渡，同时缺少明确的隐私保护强调。
2025-11-27 03:07:53,168 INFO __main__ 错误定位: 未严格控制字数，缺乏对用户当前对话状态的精准适配，未能有效结合上下文强化引导逻辑。
2025-11-27 03:07:53,168 INFO __main__ 根本原因分析: 模型生成内容时可能过于关注礼貌性表达，而忽略了简洁性和策略性套电的具体规则。
2025-11-27 03:07:53,168 INFO __main__ 正确的处理方法: 基于您的情况，建议医生进一步评估。提供联系方式，我们将发送专属方案并全程保护隐私。
2025-11-27 03:07:53,168 INFO __main__ 关键洞察: 在引导用户提供联系方式时，需更注重简洁表达、价值传递和隐私保证的平衡。
2025-11-27 03:07:53,168 DEBUG __main__ analysis: {'metrics': {'politeness': 0.18, 'professionalism': 0.2, 'relevance': 0.3, 'clarity': 0.5, 'rule_compliance': 0.8, 'overall_score': 0.598, 'user_satisfaction': None}, 'suggestions': ['B字数过长: 回复建议控制在50-80字以内', '🔴 整体质量需要显著改进', '建议：使用更多专业医疗术语，提升专业感'], 'timestamp': '2025-11-27T03:07:45.146449'}
2025-11-27 03:08:15,439 INFO __main__ Reflecting on QA - session=48b52feb-7164-4678-b805-e2c18679d114 q_index=0 question=sentence:她现在吃东西都小心着##context:[{'role': 'user', 'content': '牙齿烂个洞补牙痛不痛', 'time': 
2025-11-27 03:08:23,286 DEBUG __main__ 思考过程: 🟡 整体质量尚可，有改进空间
建议：使用更多专业医疗术语，提升专业感
2025-11-27 03:08:23,287 INFO __main__ 反思分析: 模型的回答整体符合流程，但缺乏专业术语，且未充分利用上下文信息进行个性化追问。
2025-11-27 03:08:23,287 INFO __main__ 错误定位: 回答中未明确提及'牙齿烂洞'的具体影响，也未根据用户可能的担忧调整语气以增强信任感。
2025-11-27 03:08:23,288 INFO __main__ 根本原因分析: 模型未能充分结合医疗场景的专业性要求，同时忽略了通过上下文提取更具体的线索来优化对话。
2025-11-27 03:08:23,288 INFO __main__ 正确的处理方法: 应加入如'龋齿'等专业术语，并针对用户提到的'补牙痛不痛'提供更详细的安抚说明，同时保持追问简洁聚焦。
2025-11-27 03:08:23,288 INFO __main__ 关键洞察: 在医疗问诊场景中，适当使用专业术语和针对性安抚能显著提升用户信任感与对话质量。
2025-11-27 03:08:23,288 DEBUG __main__ analysis: {'metrics': {'politeness': 0.1, 'professionalism': 0.30000000000000004, 'relevance': 0.3, 'clarity': 0.3, 'rule_compliance': 1.0, 'overall_score': 0.7, 'user_satisfaction': None}, 'suggestions': ['🟡 整体质量尚可，有改进空间', '建议：使用更多专业医疗术语，提升专业感'], 'timestamp': '2025-11-27T03:08:15.439532'}
2025-11-27 03:08:39,347 INFO __main__ Reflecting on QA - session=48b52feb-7164-4678-b805-e2c18679d114 q_index=2 question=sentence:none##context:[{'role': 'user', 'content': '牙齿烂个洞补牙痛不痛', 'time': '0'}, 
2025-11-27 03:08:46,151 DEBUG __main__ 思考过程: 🟡 整体质量尚可，有改进空间
建议：使用更多专业医疗术语，提升专业感
2025-11-27 03:08:46,153 INFO __main__ 反思分析: 模型输出整体符合流程，但缺乏专业术语且追问略显生硬。
2025-11-27 03:08:46,153 INFO __main__ 错误定位: 未使用医疗背景下的专业表述，问题过渡不够自然。
2025-11-27 03:08:46,153 INFO __main__ 根本原因分析: 模型未能充分融入医疗场景的专业语境，影响用户信任感。
2025-11-27 03:08:46,153 INFO __main__ 正确的处理方法: 采用更专业的表达方式，如“请问她目前的年龄是？”并确保语气柔和。
2025-11-27 03:08:46,153 INFO __main__ 关键洞察: 在医疗对话中，专业术语和温和语气需平衡以提升用户体验。
2025-11-27 03:08:46,153 DEBUG __main__ analysis: {'metrics': {'politeness': 0.1, 'professionalism': 0.2, 'relevance': 0.3, 'clarity': 0.3, 'rule_compliance': 1.0, 'overall_score': 0.69, 'user_satisfaction': None}, 'suggestions': ['🟡 整体质量尚可，有改进空间', '建议：使用更多专业医疗术语，提升专业感'], 'timestamp': '2025-11-27T03:08:39.347727'}
2025-11-27 03:09:04,676 INFO __main__ Reflecting on QA - session=48b52feb-7164-4678-b805-e2c18679d114 q_index=4 question=sentence:大概有两个月了##context:[{'role': 'user', 'content': '牙齿烂个洞补牙痛不痛', 'time': '0'
2025-11-27 03:09:12,732 DEBUG __main__ 思考过程: 🟡 整体质量尚可，有改进空间
建议：使用更多专业医疗术语，提升专业感
2025-11-27 03:09:12,735 INFO __main__ 反思分析: 模型的回答虽然简洁且符合流程，但缺乏专业术语和对用户情感的安抚，同时未完全依据上下文追问更具体的信息。
2025-11-27 03:09:12,735 INFO __main__ 错误定位: 未使用医疗专业术语，也未明确结合上下文追问关于牙疼史的具体细节，显得过于笼统。
2025-11-27 03:09:12,735 INFO __main__ 根本原因分析: 模型可能因追求简洁而忽略了展现专业性的重要性，同时在上下文利用上不够充分。
2025-11-27 03:09:12,735 INFO __main__ 正确的处理方法: 回答应加入如“龋齿”等专业词汇，并根据上下文明确追问，例如：“她目前的症状是否伴随牙龈肿痛？”
2025-11-27 03:09:12,735 INFO __main__ 关键洞察: 在保持简洁的同时，需通过专业术语和针对性追问提升对话质量与用户信任感。
2025-11-27 03:09:12,735 DEBUG __main__ analysis: {'metrics': {'politeness': 0.1, 'professionalism': 0.2, 'relevance': 0.3, 'clarity': 0.3, 'rule_compliance': 1.0, 'overall_score': 0.69, 'user_satisfaction': None}, 'suggestions': ['🟡 整体质量尚可，有改进空间', '建议：使用更多专业医疗术语，提升专业感'], 'timestamp': '2025-11-27T03:09:04.676420'}
2025-12-01 03:27:28,037 INFO __main__ Reflecting on QA - session=8200878b-de92-4bf7-95b5-ea7328c680d1 q_index=0 question=sentence:电话##context:[{'role': 'user', 'content': '快商通', 'time': '0'}, {'role': 
2025-12-01 03:27:35,885 DEBUG __main__ 思考过程: 🟡 整体质量尚可，有改进空间
建议：使用更多专业医疗术语，提升专业感
2025-12-01 03:27:35,887 INFO __main__ 反思分析: 模型生成的回复偏离了核心任务，未充分利用上下文信息，也未按照问诊框架推进对话。
2025-12-01 03:27:35,887 INFO __main__ 错误定位: 未能结合上下文明确用户意图，且未聚焦于获取联系方式或收集口腔健康信息。
2025-12-01 03:27:35,888 INFO __main__ 根本原因分析: 模型对任务目标理解不足，缺乏对上下文信息的有效整合，同时忽略了关键引导策略。
2025-12-01 03:27:35,888 INFO __main__ 正确的处理方法: 应基于上下文确认用户身份，并逐步引导用户提供联系方式或进入症状收集流程。
2025-12-01 03:27:35,888 INFO __main__ 关键洞察: 在对话中始终紧扣核心任务，确保每次提问都服务于最终目标。
2025-12-01 03:27:35,888 DEBUG __main__ analysis: {'metrics': {'politeness': 0.26, 'professionalism': 0.30000000000000004, 'relevance': 0.3, 'clarity': 0.5, 'rule_compliance': 1.0, 'overall_score': 0.736, 'user_satisfaction': None}, 'suggestions': ['🟡 整体质量尚可，有改进空间', '建议：使用更多专业医疗术语，提升专业感'], 'timestamp': '2025-12-01T03:27:28.037819'}
2025-12-01 03:27:54,190 INFO __main__ Reflecting on QA - session=2338c7d9-affb-48c7-ba2e-bf23c62d1d60 q_index=0 question=sentence:是##context:[{'role': 'user', 'content': '快商通', 'time': '0'}, {'role': '
2025-12-01 03:28:05,316 DEBUG __main__ 思考过程: 🟡 整体质量尚可，有改进空间
建议：使用更多专业医疗术语，提升专业感
2025-12-01 03:28:05,319 INFO __main__ 反思分析: 模型生成的回复虽然符合对话逻辑，但未能完全遵循任务要求。例如，未明确针对上下文中的'电话'进行追问，且缺乏专业医疗术语。
2025-12-01 03:28:05,320 INFO __main__ 错误定位: 未能有效结合上下文信息（如用户提到的‘电话’），并且提问方式过于泛泛，未聚焦于核心任务（获取联系方式或症状信息）。
2025-12-01 03:28:05,320 INFO __main__ 根本原因分析: 模型可能未充分理解上下文中关键信息的重要性，同时缺乏对医疗场景专业性的体现。
2025-12-01 03:28:05,320 INFO __main__ 正确的处理方法: 应根据上下文直接追问用户关于电话的具体意图，并在后续问题中逐步引入症状收集，确保每次只问一个问题且语言更专业。
2025-12-01 03:28:05,320 INFO __main__ 关键洞察: 在医疗咨询场景中，结合上下文追问具体信息并使用专业术语可以显著提升对话质量和用户信任感。
2025-12-01 03:28:05,320 DEBUG __main__ analysis: {'metrics': {'politeness': 0.18, 'professionalism': 0.28, 'relevance': 0.3, 'clarity': 0.3, 'rule_compliance': 1.0, 'overall_score': 0.706, 'user_satisfaction': None}, 'suggestions': ['🟡 整体质量尚可，有改进空间', '建议：使用更多专业医疗术语，提升专业感'], 'timestamp': '2025-12-01T03:27:54.190414'}
2025-12-01 03:28:37,803 INFO __main__ Reflecting on QA - session=2338c7d9-affb-48c7-ba2e-bf23c62d1d60 q_index=2 question=sentence:none##context:[{'role': 'user', 'content': '快商通', 'time': '0'}, {'role'
2025-12-01 03:28:45,899 DEBUG __main__ 思考过程: 🟡 整体质量尚可，有改进空间
建议：使用更多专业医疗术语，提升专业感
2025-12-01 03:28:45,900 INFO __main__ 反思分析: 模型生成的内容整体符合任务流程，但缺乏专业术语，且未充分利用上下文信息进行个性化追问。
2025-12-01 03:28:45,902 INFO __main__ 错误定位: 未结合上下文中的具体线索（如用户提到的‘电话’）进行针对性提问；语言过于简单，缺乏医疗专业性。
2025-12-01 03:28:45,903 INFO __main__ 根本原因分析: 模型未能充分解析历史对话内容，导致追问不够精准；同时，生成策略中对专业术语的使用重视不足。
2025-12-01 03:28:45,903 INFO __main__ 正确的处理方法: 应根据上下文明确用户意图，例如针对‘电话’一词确认是否需要联系方式，并在症状询问中加入专业表述，如‘牙龈出血’或‘牙齿敏感’。
2025-12-01 03:28:45,903 INFO __main__ 关键洞察: 在医疗问诊场景中，结合上下文线索和使用专业术语能够显著提升对话质量和用户信任感。
2025-12-01 03:28:45,903 DEBUG __main__ analysis: {'metrics': {'politeness': 0.26, 'professionalism': 0.28, 'relevance': 0.3, 'clarity': 0.3, 'rule_compliance': 1.0, 'overall_score': 0.714, 'user_satisfaction': None}, 'suggestions': ['🟡 整体质量尚可，有改进空间', '建议：使用更多专业医疗术语，提升专业感'], 'timestamp': '2025-12-01T03:28:37.803290'}
2025-12-01 03:29:03,406 INFO __main__ Reflecting on QA - session=7245e906-8bee-4747-8474-2adb3ac8dc54 q_index=0 question=sentence:你好##context:##wechat:##mobile:##qq:
2025-12-01 03:29:14,312 DEBUG __main__ 思考过程: 🟡 整体质量尚可，有改进空间
建议：使用更多专业医疗术语，提升专业感
2025-12-01 03:29:14,313 INFO __main__ 反思分析: 模型的回复虽然符合基本的对话引导原则，但缺乏专业术语和针对性，未能完全契合问诊框架中的症状收集要求。
2025-12-01 03:29:14,316 INFO __main__ 错误定位: 回复过于泛泛，未明确聚焦于口腔问题的具体症状收集，且没有体现上下文结合的能力。
2025-12-01 03:29:14,316 INFO __main__ 根本原因分析: 模型可能未能充分理解或应用医疗场景的专业性需求，同时对关键任务流程中的‘每次只问一个问题’执行不够精准。
2025-12-01 03:29:14,316 INFO __main__ 正确的处理方法: 应直接切入主题，例如：‘您好，请问您目前遇到哪些具体的口腔不适？’，并确保提问简洁、专业且具有引导性。
2025-12-01 03:29:14,316 INFO __main__ 关键洞察: 在医疗咨询场景中，使用适当的行业术语和具体化提问能显著提升用户信任感和信息收集效率。
2025-12-01 03:29:14,316 DEBUG __main__ analysis: {'metrics': {'politeness': 0.34, 'professionalism': 0.28, 'relevance': 0.3, 'clarity': 0.3, 'rule_compliance': 1.0, 'overall_score': 0.722, 'user_satisfaction': None}, 'suggestions': ['🟡 整体质量尚可，有改进空间', '建议：使用更多专业医疗术语，提升专业感'], 'timestamp': '2025-12-01T03:29:03.404531'}
2025-12-01 03:29:35,941 INFO __main__ Reflecting on QA - session=7245e906-8bee-4747-8474-2adb3ac8dc54 q_index=2 question=sentence:15959282617##context:[{'role': 'user', 'content': '你好', 'time': '176455
2025-12-01 03:29:47,352 DEBUG __main__ 思考过程: 🟡 整体质量尚可，有改进空间
建议：使用更多专业医疗术语，提升专业感
2025-12-01 03:29:47,353 INFO __main__ 反思分析: 模型输出整体符合任务要求，但缺乏专业医疗术语，且未充分利用上下文信息进行个性化追问。
2025-12-01 03:29:47,355 INFO __main__ 错误定位: 回复中未结合用户上下文信息，显得过于泛化；同时缺少对症状的专业描述。
2025-12-01 03:29:47,356 INFO __main__ 根本原因分析: 模型未能充分解析和利用{#context#}中的对话历史，导致回复缺乏针对性；此外，语言风格偏日常，未体现医疗专业性。
2025-12-01 03:29:47,356 INFO __main__ 正确的处理方法: 应根据上下文明确用户可能的意图，并使用更专业的表述，例如“请问您是否有牙龈出血或咀嚼不适等症状？”
2025-12-01 03:29:47,356 INFO __main__ 关键洞察: 在医疗场景中，结合上下文和使用专业术语能够显著提升对话质量和用户信任感。
2025-12-01 03:29:47,356 DEBUG __main__ analysis: {'metrics': {'politeness': 0.34, 'professionalism': 0.28, 'relevance': 0.3, 'clarity': 0.3, 'rule_compliance': 1.0, 'overall_score': 0.722, 'user_satisfaction': None}, 'suggestions': ['🟡 整体质量尚可，有改进空间', '建议：使用更多专业医疗术语，提升专业感'], 'timestamp': '2025-12-01T03:29:35.941879'}
2025-12-01 03:30:12,545 INFO __main__ Reflecting on QA - session=7245e906-8bee-4747-8474-2adb3ac8dc54 q_index=4 question=sentence:none##context:[{'role': 'user', 'content': '你好', 'time': '1764558033000
2025-12-01 03:30:23,810 DEBUG __main__ 思考过程: 🟡 整体质量尚可，有改进空间
建议：使用更多专业医疗术语，提升专业感
2025-12-01 03:30:23,811 INFO __main__ 反思分析: 模型生成的回复基本符合任务流程，但缺乏足够的专业术语，且追问方式可以更精准以提升对话效率。
2025-12-01 03:30:23,814 INFO __main__ 错误定位: 未使用专业医疗术语，问题设计略显宽泛，未能直接聚焦于核心症状收集。
2025-12-01 03:30:23,814 INFO __main__ 根本原因分析: 模型可能未充分理解需要在简洁回复中嵌入专业感的要求，同时对问诊框架的执行不够严格。
2025-12-01 03:30:23,814 INFO __main__ 正确的处理方法: 采用更具体的问诊问题，例如“您是否有牙龈红肿或咀嚼时疼痛的情况？”并适当融入专业术语。
2025-12-01 03:30:23,814 INFO __main__ 关键洞察: 在保持简洁的同时，通过专业术语和针对性提问提升用户信任感和信息收集效率。
2025-12-01 03:30:23,814 DEBUG __main__ analysis: {'metrics': {'politeness': 0.26, 'professionalism': 0.30000000000000004, 'relevance': 0.3, 'clarity': 0.5, 'rule_compliance': 1.0, 'overall_score': 0.736, 'user_satisfaction': None}, 'suggestions': ['🟡 整体质量尚可，有改进空间', '建议：使用更多专业医疗术语，提升专业感'], 'timestamp': '2025-12-01T03:30:12.545896'}
2025-12-01 03:30:41,704 INFO __main__ Reflecting on QA - session=7245e906-8bee-4747-8474-2adb3ac8dc54 q_index=6 question=sentence:这是我的手机号##context:[{'role': 'user', 'content': '你好', 'time': '1764558033
2025-12-01 03:30:52,170 DEBUG __main__ 思考过程: 🟡 整体质量尚可，有改进空间
建议：使用更多专业医疗术语，提升专业感
2025-12-01 03:30:52,170 INFO __main__ 反思分析: 模型未能按照playbook要求在每句话中包含询问联系方式的内容，且回复过于直接，缺乏专业性和价值强化。
2025-12-01 03:30:52,174 INFO __main__ 错误定位: 未遵循playbook策略，缺少隐私保证和自然过渡，同时没有结合上下文强调专业医生的价值。
2025-12-01 03:30:52,174 INFO __main__ 根本原因分析: 模型可能未充分理解或应用playbook中的关键策略，导致回复偏离了引导用户提供联系方式的核心目标。
2025-12-01 03:30:52,174 INFO __main__ 正确的处理方法: 基于上下文，应加入隐私保证、价值强化及自然过渡，并明确询问联系方式，例如：'为了给您安排专业医生解答，请提供一下您的联系方式，我们承诺严格保护您的隐私信息。'
2025-12-01 03:30:52,174 INFO __main__ 关键洞察: 每轮对话需严格遵循playbook策略，确保核心目标不偏离，同时通过专业术语和隐私保证提升用户信任感。
2025-12-01 03:30:52,174 DEBUG __main__ analysis: {'metrics': {'politeness': 0.18, 'professionalism': 0.28, 'relevance': 0.3, 'clarity': 0.5, 'rule_compliance': 1.0, 'overall_score': 0.726, 'user_satisfaction': None}, 'suggestions': ['🟡 整体质量尚可，有改进空间', '建议：使用更多专业医疗术语，提升专业感'], 'timestamp': '2025-12-01T03:30:41.704852'}
2025-12-01 03:31:19,186 INFO __main__ Reflecting on QA - session=7245e906-8bee-4747-8474-2adb3ac8dc54 q_index=8 question=sentence:这是我的手机号##context:[{'role': 'user', 'content': '你好', 'time': '1764558033
2025-12-01 03:31:31,338 DEBUG __main__ 思考过程: 🟡 整体质量尚可，有改进空间
建议：使用更多专业医疗术语，提升专业感
2025-12-01 03:31:31,341 INFO __main__ 反思分析: 模型的回复虽然符合流程，但缺乏专业术语和针对性，未能充分利用上下文信息。
2025-12-01 03:31:31,342 INFO __main__ 错误定位: 未结合上下文追问用户提供的手机号意义，且问题设计较泛，未能聚焦于核心症状或背景信息。
2025-12-01 03:31:31,342 INFO __main__ 根本原因分析: 模型可能未能充分解析context中的关键线索，导致对话引导效率较低，同时忽略了医疗问诊的专业性需求。
2025-12-01 03:31:31,342 INFO __main__ 正确的处理方法: 应针对用户提供的手机号确认其用途，并根据上下文直接切入症状细节，例如："您提供的手机号是方便后续联系吗？另外，请问牙齿不适是从何时开始的？"
2025-12-01 03:31:31,342 INFO __main__ 关键洞察: 在医疗问诊场景中，需精准利用上下文信息并使用专业表达以增强用户信任感。
2025-12-01 03:31:31,342 DEBUG __main__ analysis: {'metrics': {'politeness': 0.26, 'professionalism': 0.28, 'relevance': 0.3, 'clarity': 0.3, 'rule_compliance': 1.0, 'overall_score': 0.714, 'user_satisfaction': None}, 'suggestions': ['🟡 整体质量尚可，有改进空间', '建议：使用更多专业医疗术语，提升专业感'], 'timestamp': '2025-12-01T03:31:19.186293'}
2025-12-01 03:31:53,444 INFO __main__ Reflecting on QA - session=7245e906-8bee-4747-8474-2adb3ac8dc54 q_index=10 question=sentence:15959282617##context:[{'role': 'user', 'content': '你好', 'time': '176455
2025-12-01 03:32:04,189 DEBUG __main__ 思考过程: B字数过长: 回复建议控制在50-80字以内
🔴 整体质量需要显著改进
建议：使用更多专业医疗术语，提升专业感
2025-12-01 03:32:04,190 INFO __main__ 反思分析: 模型未能遵循playbook的关键要求，例如每句话必须包含询问联系方式，并且没有自然过渡或价值强化。
2025-12-01 03:32:04,191 INFO __main__ 错误定位: 回复中缺少对联系方式的明确请求，同时字数控制不佳，内容显得过于机械化且缺乏专业性吸引力。
2025-12-01 03:32:04,191 INFO __main__ 根本原因分析: 模型未充分整合playbook策略，忽略了核心指令如隐私保证和价值传递，导致输出偏离预期。
2025-12-01 03:32:04,191 INFO __main__ 正确的处理方法: 结合上下文，使用温和专业的语气明确请求联系方式，并强调隐私保护及个性化服务的价值。
2025-12-01 03:32:04,191 INFO __main__ 关键洞察: 严格遵守playbook中的指令（如每句话需包含询问联系方式）是确保对话符合目标的关键。
2025-12-01 03:32:04,191 DEBUG __main__ analysis: {'metrics': {'politeness': 0.26, 'professionalism': 0.28, 'relevance': 0.3, 'clarity': 0.3, 'rule_compliance': 0.8, 'overall_score': 0.594, 'user_satisfaction': None}, 'suggestions': ['B字数过长: 回复建议控制在50-80字以内', '🔴 整体质量需要显著改进', '建议：使用更多专业医疗术语，提升专业感'], 'timestamp': '2025-12-01T03:31:53.444841'}
2025-12-01 03:32:33,248 INFO __main__ Reflecting on QA - session=9b062560-4433-4e82-a83c-3b683fc6bb3c q_index=0 question=sentence:15959282617##context:##wechat:##mobile:##qq:
2025-12-01 03:32:45,405 DEBUG __main__ 思考过程: 🟡 整体质量尚可，有改进空间
建议：使用更多专业医疗术语，提升专业感
2025-12-01 03:32:45,407 INFO __main__ 反思分析: 模型输出整体符合任务要求，但缺乏专业术语，影响医疗场景下的权威性。未明确结合上下文信息进行个性化追问，略显泛化。
2025-12-01 03:32:45,408 INFO __main__ 错误定位: 未能充分使用专业医疗术语，且对上下文中提供的线索（如电话号码）未加以利用或确认。
2025-12-01 03:32:45,408 INFO __main__ 根本原因分析: 模型可能未充分理解需要在医疗对话中展现专业性的重要性，同时对上下文信息的处理能力不足。
2025-12-01 03:32:45,408 INFO __main__ 正确的处理方法: 引入更多专业术语，例如“牙龈出血”、“牙齿松动”等，并根据上下文线索设计更具体的追问，确保信息收集精准。
2025-12-01 03:32:45,408 INFO __main__ 关键洞察: 在医疗问诊场景中，专业术语和个性化追问能显著提升用户信任感和对话效率。
2025-12-01 03:32:45,408 DEBUG __main__ analysis: {'metrics': {'politeness': 0.34, 'professionalism': 0.28, 'relevance': 0.3, 'clarity': 0.3, 'rule_compliance': 1.0, 'overall_score': 0.722, 'user_satisfaction': None}, 'suggestions': ['🟡 整体质量尚可，有改进空间', '建议：使用更多专业医疗术语，提升专业感'], 'timestamp': '2025-12-01T03:32:33.248869'}
2025-12-01 03:33:04,715 INFO __main__ Reflecting on QA - session=9b062560-4433-4e82-a83c-3b683fc6bb3c q_index=2 question=sentence:none##context:[{'role': 'user', 'content': '15959282617', 'time': '1764
2025-12-01 03:33:12,997 DEBUG __main__ 思考过程: 🟡 整体质量尚可，有改进空间
建议：使用更多专业医疗术语，提升专业感
2025-12-01 03:33:12,997 INFO __main__ 反思分析: 模型生成的问题虽然符合流程，但缺乏专业术语，显得过于口语化，可能降低用户对专业性的信任。
2025-12-01 03:33:12,999 INFO __main__ 错误定位: 问题设计过于简单，未体现医疗问诊的专业性，且未充分利用上下文信息进行个性化追问。
2025-12-01 03:33:13,000 INFO __main__ 根本原因分析: 模型未能充分结合医疗场景的专业表达方式，同时在策略上忽略了通过术语增强权威感的机会。
2025-12-01 03:33:13,000 INFO __main__ 正确的处理方法: 应在保持简洁的同时融入专业术语，例如："请问您牙齿不适的症状已持续多长时间？是否有加重趋势？"
2025-12-01 03:33:13,000 INFO __main__ 关键洞察: 在医疗场景中，适当使用专业术语可提升用户对服务的信任感和满意度。
2025-12-01 03:33:13,000 DEBUG __main__ analysis: {'metrics': {'politeness': 0.26, 'professionalism': 0.28, 'relevance': 0.3, 'clarity': 0.3, 'rule_compliance': 1.0, 'overall_score': 0.714, 'user_satisfaction': None}, 'suggestions': ['🟡 整体质量尚可，有改进空间', '建议：使用更多专业医疗术语，提升专业感'], 'timestamp': '2025-12-01T03:33:04.715331'}
2025-12-01 03:33:31,863 INFO __main__ Reflecting on QA - session=9b062560-4433-4e82-a83c-3b683fc6bb3c q_index=4 question=sentence:15959282822##context:[{'role': 'user', 'content': '15959282617', 'time'
2025-12-01 03:33:42,518 DEBUG __main__ 思考过程: 🟡 整体质量尚可，有改进空间
建议：使用更多专业医疗术语，提升专业感
2025-12-01 03:33:42,520 INFO __main__ 反思分析: 模型的提问虽然符合流程，但缺乏专业术语，显得过于普通，降低了医疗问诊的专业感。
2025-12-01 03:33:42,520 INFO __main__ 错误定位: 问题设计过于简单，未体现专业性，且未结合上下文中的已有信息进行个性化追问。
2025-12-01 03:33:42,520 INFO __main__ 根本原因分析: 模型未能充分利用上下文信息，也未采用更专业的表达方式来增强用户信任感。
2025-12-01 03:33:42,520 INFO __main__ 正确的处理方法: 应结合上下文信息，使用更专业的表述，例如“请问您的年龄范围是？”并确保每次追问紧扣用户之前的回答。
2025-12-01 03:33:42,520 INFO __main__ 关键洞察: 在医疗问诊场景中，适当的专业术语和上下文关联能够显著提升对话质量和用户信任感。
2025-12-01 03:33:42,520 DEBUG __main__ analysis: {'metrics': {'politeness': 0.26, 'professionalism': 0.2, 'relevance': 0.3, 'clarity': 0.3, 'rule_compliance': 1.0, 'overall_score': 0.706, 'user_satisfaction': None}, 'suggestions': ['🟡 整体质量尚可，有改进空间', '建议：使用更多专业医疗术语，提升专业感'], 'timestamp': '2025-12-01T03:33:31.863886'}
2025-12-01 03:33:59,207 INFO __main__ Reflecting on QA - session=9b062560-4433-4e82-a83c-3b683fc6bb3c q_index=6 question=sentence:15959282823##context:[{'role': 'user', 'content': '15959282617', 'time'
2025-12-01 03:34:09,753 DEBUG __main__ 思考过程: B字数过长: 回复建议控制在50-80字以内
🟡 整体质量尚可，有改进空间
建议：使用更多专业医疗术语，提升专业感
2025-12-01 03:34:09,755 INFO __main__ 反思分析: 模型生成的回复虽然符合基本要求，但字数超出限制，且缺乏足够的专业术语和自然过渡。
2025-12-01 03:34:09,755 INFO __main__ 错误定位: 回复字数过长，未完全遵循字数控制要求；缺少更专业的表述和价值强化过渡。
2025-12-01 03:34:09,755 INFO __main__ 根本原因分析: 未能严格遵守字数限制，同时对专业性和引导性重视不足，导致整体质量下降。
2025-12-01 03:34:09,755 INFO __main__ 正确的处理方法: 在35字内完成回复，结合价值强化与隐私保证，例如：'基于您的情况，安排专业医生解答，请提供联系方式，隐私全程保护。'
2025-12-01 03:34:09,755 INFO __main__ 关键洞察: 严格控制字数，增强专业感和用户信任，确保每句话包含核心要素。
2025-12-01 03:34:09,755 DEBUG __main__ analysis: {'metrics': {'politeness': 0.18, 'professionalism': 0.28, 'relevance': 0.3, 'clarity': 0.5, 'rule_compliance': 0.8, 'overall_score': 0.606, 'user_satisfaction': None}, 'suggestions': ['B字数过长: 回复建议控制在50-80字以内', '🟡 整体质量尚可，有改进空间', '建议：使用更多专业医疗术语，提升专业感'], 'timestamp': '2025-12-01T03:33:59.206975'}
2025-12-01 03:34:39,753 INFO __main__ Reflecting on QA - session=21e90763-fc92-462d-832d-fd2c3aaeeda2 q_index=0 question=sentence:首次采购##context:[{'role': 'user', 'content': '快商通在线客服', 'time': '0'}, {'r
2025-12-01 03:34:48,582 DEBUG __main__ 思考过程: 🟡 整体质量尚可，有改进空间
建议：使用更多专业医疗术语，提升专业感
2025-12-01 03:34:48,583 INFO __main__ 反思分析: 模型生成的回复与上下文关联性较强，但未能完全按照任务流程推进对话，缺乏对关键信息的追问。
2025-12-01 03:34:48,585 INFO __main__ 错误定位: 未按核心任务流程收集用户的关键信息，例如主要症状、持续时间等；且字数略超出限制。
2025-12-01 03:34:48,585 INFO __main__ 根本原因分析: 模型可能未充分理解或应用系统提示中的问诊框架，导致对话偏离目标。
2025-12-01 03:34:48,585 INFO __main__ 正确的处理方法: 应明确询问用户的口腔健康相关问题，并确保每次只问一个问题，逐步引导用户提供详细信息。
2025-12-01 03:34:48,585 INFO __main__ 关键洞察: 严格按照任务框架推进对话，避免过早涉及非核心话题，确保信息收集的系统性和完整性。
2025-12-01 03:34:48,585 DEBUG __main__ analysis: {'metrics': {'politeness': 0.1, 'professionalism': 0.2, 'relevance': 0.3, 'clarity': 0.3, 'rule_compliance': 1.0, 'overall_score': 0.69, 'user_satisfaction': None}, 'suggestions': ['🟡 整体质量尚可，有改进空间', '建议：使用更多专业医疗术语，提升专业感'], 'timestamp': '2025-12-01T03:34:39.753323'}
2025-12-01 03:35:13,193 INFO __main__ Reflecting on QA - session=21e90763-fc92-462d-832d-fd2c3aaeeda2 q_index=2 question=sentence:none##context:[{'role': 'user', 'content': '快商通在线客服', 'time': '0'}, {'r
2025-12-01 03:35:25,804 DEBUG __main__ 思考过程: 🟡 整体质量尚可，有改进空间
建议：使用更多专业医疗术语，提升专业感
2025-12-01 03:35:25,805 INFO __main__ 反思分析: 模型在对话中未严格遵循任务流程，偏离了核心目标（获取联系方式和收集症状信息），且追问方式与医疗场景不符。
2025-12-01 03:35:25,806 INFO __main__ 错误定位: 模型错误地聚焦于客服系统细节，而非用户健康信息或联系方式收集；同时忽略了关键的单问题限制。
2025-12-01 03:35:25,806 INFO __main__ 根本原因分析: 缺乏对任务流程的清晰理解，未能有效结合上下文及Playbook策略进行精准回复。
2025-12-01 03:35:25,806 INFO __main__ 正确的处理方法: 应优先确认用户需求，并逐步引导提供联系方式或回答健康相关问题，每次仅问一个明确的问题。
2025-12-01 03:35:25,806 INFO __main__ 关键洞察: 确保每轮对话紧扣任务目标，避免引入无关话题，始终以用户的关键信息收集为核心。
2025-12-01 03:35:25,807 DEBUG __main__ analysis: {'metrics': {'politeness': 0.26, 'professionalism': 0.2, 'relevance': 0.3, 'clarity': 0.5, 'rule_compliance': 1.0, 'overall_score': 0.726, 'user_satisfaction': None}, 'suggestions': ['🟡 整体质量尚可，有改进空间', '建议：使用更多专业医疗术语，提升专业感'], 'timestamp': '2025-12-01T03:35:13.193453'}
2025-12-01 03:35:45,673 INFO __main__ Reflecting on QA - session=21e90763-fc92-462d-832d-fd2c3aaeeda2 q_index=4 question=sentence:这个客服怎么用##context:[{'role': 'user', 'content': '快商通在线客服', 'time': '0'}, 
2025-12-01 03:35:57,008 DEBUG __main__ 思考过程: 🟡 整体质量尚可，有改进空间
建议：使用更多专业医疗术语，提升专业感
2025-12-01 03:35:57,010 INFO __main__ 反思分析: 模型生成的回复偏离了核心任务流程，未针对用户的首次采购意图进行深入追问，也未逐步收集关键信息或引导用户提供联系方式。
2025-12-01 03:35:57,010 INFO __main__ 错误定位: 回复内容与任务目标不符，未体现症状收集或相关信息追问，且字数超出限制。
2025-12-01 03:35:57,010 INFO __main__ 根本原因分析: 模型未能严格遵循问诊框架，忽略了每次只问一个问题的原则，同时缺乏对用户采购背景的进一步探索。
2025-12-01 03:35:57,010 INFO __main__ 正确的处理方法: 应聚焦于用户首次采购的背景，提出具体且单一的问题，例如'您计划用客服系统解决哪些问题？'，并逐步引导对话走向获取联系方式或关键信息。
2025-12-01 03:35:57,011 INFO __main__ 关键洞察: 确保每次对话都围绕一个明确的目标展开，避免泛泛而谈，始终以收集信息或引导行动为核心。
2025-12-01 03:35:57,011 DEBUG __main__ analysis: {'metrics': {'politeness': 0.18, 'professionalism': 0.2, 'relevance': 0.3, 'clarity': 0.5, 'rule_compliance': 1.0, 'overall_score': 0.718, 'user_satisfaction': None}, 'suggestions': ['🟡 整体质量尚可，有改进空间', '建议：使用更多专业医疗术语，提升专业感'], 'timestamp': '2025-12-01T03:35:45.673149'}
2025-12-01 03:36:27,460 INFO __main__ Reflecting on QA - session=21e90763-fc92-462d-832d-fd2c3aaeeda2 q_index=6 question=sentence:快手##context:[{'role': 'user', 'content': '快商通在线客服', 'time': '0'}, {'rol
2025-12-01 03:36:37,373 DEBUG __main__ 思考过程: B字数过长: 回复建议控制在50-80字以内
🔴 整体质量需要显著改进
建议：使用更多专业医疗术语，提升专业感
2025-12-01 03:36:37,375 INFO __main__ 反思分析: 回复中未严格遵守字数限制，且缺乏对用户问题的针对性解答。同时，未充分结合上下文强化价值感和专业性。
2025-12-01 03:36:37,375 INFO __main__ 错误定位: 字数超出限制，未精准回应用户关于‘怎么用’的问题，联系方式请求略显生硬。
2025-12-01 03:36:37,376 INFO __main__ 根本原因分析: 模型未能有效整合Playbook策略，忽视了用户当前语境下的核心需求，导致回复泛化。
2025-12-01 03:36:37,376 INFO __main__ 正确的处理方法: 针对用户问题简明扼要地说明使用方法，并温和引导提供联系方式，例如：‘系统操作简便，支持多渠道接入。您提供下联系方式，我发详细资料，全程隐私保护。’
2025-12-01 03:36:37,376 INFO __main__ 关键洞察: 在引导用户提供联系方式时，需结合具体场景强化价值传递，确保语言简洁且贴合用户需求。
2025-12-01 03:36:37,376 DEBUG __main__ analysis: {'metrics': {'politeness': 0.18, 'professionalism': 0.2, 'relevance': 0.3, 'clarity': 0.5, 'rule_compliance': 0.8, 'overall_score': 0.598, 'user_satisfaction': None}, 'suggestions': ['B字数过长: 回复建议控制在50-80字以内', '🔴 整体质量需要显著改进', '建议：使用更多专业医疗术语，提升专业感'], 'timestamp': '2025-12-01T03:36:27.460774'}
2025-12-01 03:36:58,955 INFO __main__ Reflecting on QA - session=88194ef4-837f-479b-be99-78ddcfbe6e53 q_index=0 question=冷光美白
2025-12-01 03:37:08,971 DEBUG __main__ 思考过程: B字数过长: 回复建议控制在50-80字以内
🟡 整体质量尚可，有改进空间
建议：使用更多专业医疗术语，提升专业感
2025-12-01 03:37:08,973 INFO __main__ 反思分析: 模型回复虽然简洁，但未完全遵循关键要求，如避免直接诊断或推测适用性，且字数略超出限制。
2025-12-01 03:37:08,973 INFO __main__ 错误定位: 直接提到冷光美白的适用性和效果，可能让用户产生过早结论；同时字数超过35字限制。
2025-12-01 03:37:08,973 INFO __main__ 根本原因分析: 模型未能严格遵守‘不确诊、不推测’的原则，且对字数控制不够精准。
2025-12-01 03:37:08,974 INFO __main__ 正确的处理方法: 应回归基础问诊，例如：‘您希望通过冷光美白解决哪些牙齿问题？’确保对话聚焦于用户具体情况。
2025-12-01 03:37:08,974 INFO __main__ 关键洞察: 始终以用户情况为中心，避免提前下结论或推荐具体治疗方式，严格控制回复字数。
2025-12-01 03:37:08,974 DEBUG __main__ analysis: {'metrics': {'politeness': 0.26, 'professionalism': 0.28, 'relevance': 1.0, 'clarity': 0.5, 'rule_compliance': 0.8, 'overall_score': 0.6839999999999999, 'user_satisfaction': None}, 'suggestions': ['B字数过长: 回复建议控制在50-80字以内', '🟡 整体质量尚可，有改进空间', '建议：使用更多专业医疗术语，提升专业感'], 'timestamp': '2025-12-01T03:36:58.955066'}
2025-12-01 03:37:34,271 INFO __main__ Reflecting on QA - session=88194ef4-837f-479b-be99-78ddcfbe6e53 q_index=2 question=牙齿有点黄
2025-12-01 03:37:42,536 DEBUG __main__ 思考过程: B字数过长: 回复建议控制在50-80字以内
🟡 整体质量尚可，有改进空间
建议：使用更多专业医疗术语，提升专业感
2025-12-01 03:37:42,538 INFO __main__ 反思分析: 模型回复超出了建议字数限制，且直接提到了具体的治疗方式（冷光美白），可能让用户感到被推销。
2025-12-01 03:37:42,538 INFO __main__ 错误定位: 字数超出限制，且回复中包含了未经用户明确需求便推荐具体治疗方式的内容。
2025-12-01 03:37:42,538 INFO __main__ 根本原因分析: 模型未能严格遵守字数和避免直接推荐治疗的规则，可能是训练数据偏向于营销化表达。
2025-12-01 03:37:42,538 INFO __main__ 正确的处理方法: 控制字数在35字内，仅询问用户相关习惯，不提及具体治疗方法或产品。
2025-12-01 03:37:42,538 INFO __main__ 关键洞察: 始终遵循‘每次只问一个问题’原则，避免过早引入专业术语或治疗建议。
2025-12-01 03:37:42,538 DEBUG __main__ analysis: {'metrics': {'politeness': 0.26, 'professionalism': 0.28, 'relevance': 0.8, 'clarity': 0.5, 'rule_compliance': 0.8, 'overall_score': 0.664, 'user_satisfaction': None}, 'suggestions': ['B字数过长: 回复建议控制在50-80字以内', '🟡 整体质量尚可，有改进空间', '建议：使用更多专业医疗术语，提升专业感'], 'timestamp': '2025-12-01T03:37:34.271824'}
2025-12-01 03:37:57,680 INFO __main__ Reflecting on QA - session=88194ef4-837f-479b-be99-78ddcfbe6e53 q_index=4 question=有时喝咖啡
2025-12-01 03:38:07,020 DEBUG __main__ 思考过程: 🟡 整体质量尚可，有改进空间
建议：使用更多专业医疗术语，提升专业感
2025-12-01 03:38:07,022 INFO __main__ 反思分析: 模型的回答虽然简洁且符合流程，但缺乏专业术语的使用，未能完全体现医疗问诊的专业性。此外，追问方式可以更精准以获取更多细节。
2025-12-01 03:38:07,022 INFO __main__ 错误定位: 未使用足够的专业术语，问题设计略显简单，可能影响用户对平台专业性的信任。
2025-12-01 03:38:07,022 INFO __main__ 根本原因分析: 模型生成回复时过于依赖通俗语言，未能充分结合医疗背景知识进行优化。
2025-12-01 03:38:07,023 INFO __main__ 正确的处理方法: 在保持简洁的同时，加入适当的医学术语，例如‘外源性着色’或‘牙釉质渗透性’，并细化追问逻辑。
2025-12-01 03:38:07,023 INFO __main__ 关键洞察: 即使是简短的对话，也应通过专业术语和精准提问提升用户对服务的信任感与满意度。
2025-12-01 03:38:07,023 DEBUG __main__ analysis: {'metrics': {'politeness': 0.26, 'professionalism': 0.28, 'relevance': 0.4, 'clarity': 0.3, 'rule_compliance': 1.0, 'overall_score': 0.724, 'user_satisfaction': None}, 'suggestions': ['🟡 整体质量尚可，有改进空间', '建议：使用更多专业医疗术语，提升专业感'], 'timestamp': '2025-12-01T03:37:57.680891'}
2025-12-01 03:38:23,805 INFO __main__ Reflecting on QA - session=88194ef4-837f-479b-be99-78ddcfbe6e53 q_index=6 question=挺久了
2025-12-01 03:38:35,153 DEBUG __main__ 思考过程: B字数过长: 回复建议控制在50-80字以内
🟡 整体质量尚可，有改进空间
建议：使用更多专业医疗术语，提升专业感
2025-12-01 03:38:35,154 INFO __main__ 反思分析: 回复中未完全遵循字数限制和专业性要求，同时缺乏对用户潜在顾虑的进一步引导。
2025-12-01 03:38:35,155 INFO __main__ 错误定位: 字数超出限制，且未充分结合医疗专业术语强化价值感。
2025-12-01 03:38:35,155 INFO __main__ 根本原因分析: 模型生成内容时未能严格控制输出长度，也未优先采用playbook中的专业表达策略。
2025-12-01 03:38:35,155 INFO __main__ 正确的处理方法: 基于用户情况，简洁地强调专业性和隐私保护，并自然引导提供联系方式，例如："长期问题需专业评估，您提供下联系方式，我们安排医生解答，隐私全程保护。"
2025-12-01 03:38:35,155 INFO __main__ 关键洞察: 在引导用户提供联系方式时，应注重简短、专业及隐私保证的平衡。
2025-12-01 03:38:35,155 DEBUG __main__ analysis: {'metrics': {'politeness': 0.18, 'professionalism': 0.2, 'relevance': 0.3333333333333333, 'clarity': 0.5, 'rule_compliance': 0.8, 'overall_score': 0.6013333333333333, 'user_satisfaction': None}, 'suggestions': ['B字数过长: 回复建议控制在50-80字以内', '🟡 整体质量尚可，有改进空间', '建议：使用更多专业医疗术语，提升专业感'], 'timestamp': '2025-12-01T03:38:23.805769'}
2025-12-01 03:38:50,026 INFO __main__ Reflecting on QA - session=10f27d5c-1d53-4dc6-910d-a03b23ceaf4f q_index=0 question=sentence:公用快捷看不到了##context:[{'role': 'user', 'content': '快商通', 'time': '0'}, {'r
2025-12-01 03:39:00,951 DEBUG __main__ 思考过程: 🟡 整体质量尚可，有改进空间
建议：使用更多专业医疗术语，提升专业感
2025-12-01 03:39:00,952 INFO __main__ 反思分析: 模型生成的回复未能充分结合上下文信息，且未按照核心任务流程进行症状收集或追问，偏离了问诊框架。
2025-12-01 03:39:00,953 INFO __main__ 错误定位: 未基于上下文对话内容进行有效追问，且回复过于泛化，缺乏针对性和专业性。
2025-12-01 03:39:00,953 INFO __main__ 根本原因分析: 模型未能准确解析上下文中用户的潜在需求，同时忽略了关键任务要求，如逐步收集用户信息和避免直接询问无关问题。
2025-12-01 03:39:00,953 INFO __main__ 正确的处理方法: 应根据上下文明确用户提到的‘快商通’相关内容，并逐步引导至口腔健康问诊流程，例如：‘您提到快商通，请问是否需要咨询口腔健康问题？’
2025-12-01 03:39:00,953 INFO __main__ 关键洞察: 在多轮对话中，始终围绕核心任务流程展开，确保每次提问精准且具有明确目标。
2025-12-01 03:39:00,953 DEBUG __main__ analysis: {'metrics': {'politeness': 0.34, 'professionalism': 0.28, 'relevance': 0.3, 'clarity': 0.3, 'rule_compliance': 1.0, 'overall_score': 0.722, 'user_satisfaction': None}, 'suggestions': ['🟡 整体质量尚可，有改进空间', '建议：使用更多专业医疗术语，提升专业感'], 'timestamp': '2025-12-01T03:38:50.026846'}
2025-12-01 03:39:19,978 INFO __main__ Reflecting on QA - session=5e0cd232-128c-4e24-981d-3ee5c2270d61 q_index=0 question=sentence:咋回事##context:[{'role': 'user', 'content': '快商通', 'time': '0'}, {'role':
2025-12-01 03:39:28,247 DEBUG __main__ 思考过程: 🟡 整体质量尚可，有改进空间
建议：使用更多专业医疗术语，提升专业感
2025-12-01 03:39:28,249 INFO __main__ 反思分析: 模型未能充分结合上下文信息，且未按照问诊框架逐步收集用户症状信息，导致回复缺乏针对性。
2025-12-01 03:39:28,249 INFO __main__ 错误定位: 未基于上下文追问用户具体问题，且回复内容与用户实际需求（快商通相关）偏离。
2025-12-01 03:39:28,249 INFO __main__ 根本原因分析: 模型未能有效解析对话历史，也未严格遵循任务流程中的单问题追问策略。
2025-12-01 03:39:28,249 INFO __main__ 正确的处理方法: 应根据上下文明确用户提到的‘公用快捷看不到了’问题，并针对性提问以获取更多细节，同时保持专业性和简洁性。
2025-12-01 03:39:28,249 INFO __main__ 关键洞察: 在多轮对话中，始终结合上下文并遵循既定任务框架，确保每次回复精准推进目标。
2025-12-01 03:39:28,250 DEBUG __main__ analysis: {'metrics': {'politeness': 0.34, 'professionalism': 0.28, 'relevance': 0.3, 'clarity': 0.3, 'rule_compliance': 1.0, 'overall_score': 0.722, 'user_satisfaction': None}, 'suggestions': ['🟡 整体质量尚可，有改进空间', '建议：使用更多专业医疗术语，提升专业感'], 'timestamp': '2025-12-01T03:39:19.978583'}
2025-12-01 03:39:46,374 INFO __main__ Reflecting on QA - session=5e0cd232-128c-4e24-981d-3ee5c2270d61 q_index=2 question=sentence:none##context:[{'role': 'user', 'content': '快商通', 'time': '0'}, {'role'
2025-12-01 03:39:59,920 DEBUG __main__ 思考过程: 🟡 整体质量尚可，有改进空间
建议：使用更多专业医疗术语，提升专业感
2025-12-01 03:39:59,921 INFO __main__ 反思分析: 模型的回复虽然符合基本引导原则，但未能充分结合上下文信息，导致对话连贯性不足。用户提到'公用快捷看不到了'和'咋回事'，模型未对此作出针对性回应，显得脱节。
2025-12-01 03:39:59,921 INFO __main__ 错误定位: 未能有效利用上下文信息，忽略了用户的实际疑问，直接跳转到新的问诊流程。
2025-12-01 03:39:59,921 INFO __main__ 根本原因分析: 模型可能缺乏对非标准用户输入的理解能力，同时在多轮对话中未能维持一致性。
2025-12-01 03:39:59,921 INFO __main__ 正确的处理方法: 应先回应用户的疑问，例如解释'公用快捷'相关问题，再逐步引导回到问诊流程，确保对话自然流畅。
2025-12-01 03:39:59,922 INFO __main__ 关键洞察: 在多轮对话中，优先解决用户当前疑问，再推进任务目标，可提升用户体验和信任感。
2025-12-01 03:39:59,922 DEBUG __main__ analysis: {'metrics': {'politeness': 0.26, 'professionalism': 0.30000000000000004, 'relevance': 0.3, 'clarity': 0.3, 'rule_compliance': 1.0, 'overall_score': 0.716, 'user_satisfaction': None}, 'suggestions': ['🟡 整体质量尚可，有改进空间', '建议：使用更多专业医疗术语，提升专业感'], 'timestamp': '2025-12-01T03:39:46.374813'}
2025-12-01 03:40:15,226 INFO __main__ Reflecting on QA - session=5e0cd232-128c-4e24-981d-3ee5c2270d61 q_index=4 question=sentence:不是##context:[{'role': 'user', 'content': '快商通', 'time': '0'}, {'role': 
2025-12-01 03:40:27,516 DEBUG __main__ 思考过程: 🟡 整体质量尚可，有改进空间
建议：使用更多专业医疗术语，提升专业感
2025-12-01 03:40:27,518 INFO __main__ 反思分析: 模型的回复虽然礼貌，但未能有效推进对话以收集用户的关键信息，也未结合上下文明确解决用户的疑问。
2025-12-01 03:40:27,518 INFO __main__ 错误定位: 未能根据上下文追问用户关于“公用快捷看不到了”的问题，错失了引导对话的机会。
2025-12-01 03:40:27,518 INFO __main__ 根本原因分析: 模型缺乏对上下文信息的有效利用，且没有严格按照任务流程中的‘每次只问一个问题’策略进行追问。
2025-12-01 03:40:27,518 INFO __main__ 正确的处理方法: 应针对用户提到的“公用快捷看不到了”进行具体追问，例如：“您是指快商通的某个功能无法使用了吗？”确保对话紧扣用户需求。
2025-12-01 03:40:27,518 INFO __main__ 关键洞察: 在对话中始终围绕用户当前的问题展开，并通过上下文线索逐步引导用户提供更多信息。
2025-12-01 03:40:27,518 DEBUG __main__ analysis: {'metrics': {'politeness': 0.18, 'professionalism': 0.2, 'relevance': 0.3, 'clarity': 0.3, 'rule_compliance': 1.0, 'overall_score': 0.698, 'user_satisfaction': None}, 'suggestions': ['🟡 整体质量尚可，有改进空间', '建议：使用更多专业医疗术语，提升专业感'], 'timestamp': '2025-12-01T03:40:15.226500'}
2025-12-01 03:40:45,497 INFO __main__ Reflecting on QA - session=5e0cd232-128c-4e24-981d-3ee5c2270d61 q_index=6 question=sentence:人工##context:[{'role': 'user', 'content': '快商通', 'time': '0'}, {'role': 
2025-12-01 03:40:55,509 DEBUG __main__ 思考过程: 🟡 整体质量尚可，有改进空间
建议：使用更多专业医疗术语，提升专业感
2025-12-01 03:40:55,510 INFO __main__ 反思分析: 模型生成的回复虽然符合基本要求，但缺乏足够的专业性和自然过渡，未能完全遵循playbook策略。
2025-12-01 03:40:55,511 INFO __main__ 错误定位: 未充分结合上下文强化价值，且缺少隐私保证声明，显得引导生硬。
2025-12-01 03:40:55,511 INFO __main__ 根本原因分析: 模型可能未充分理解或应用playbook中的‘价值强化’和‘隐私保证’部分，导致输出不够温和与专业。
2025-12-01 03:40:55,511 INFO __main__ 正确的处理方法: 基于您的情况，我们安排专业医生提供方案，请提供联系方式，承诺严格保护您的隐私。
2025-12-01 03:40:55,511 INFO __main__ 关键洞察: 在请求联系方式时，需强化专业价值并加入隐私保护声明以提升用户信任感。
2025-12-01 03:40:55,511 DEBUG __main__ analysis: {'metrics': {'politeness': 0.26, 'professionalism': 0.2, 'relevance': 0.3, 'clarity': 0.5, 'rule_compliance': 1.0, 'overall_score': 0.726, 'user_satisfaction': None}, 'suggestions': ['🟡 整体质量尚可，有改进空间', '建议：使用更多专业医疗术语，提升专业感'], 'timestamp': '2025-12-01T03:40:45.497339'}
2025-12-04 00:52:19,952 INFO __main__ Reflecting on QA - session=1205102d-09c2-419a-b1db-6a067f0e05d0 q_index=0 question=sentence:你好##context:##wechat:##mobile:##qq:
2025-12-04 00:52:30,948 DEBUG __main__ 思考过程: 🟡 整体质量尚可，有改进空间
建议：使用更多专业医疗术语，提升专业感
2025-12-04 00:52:30,949 INFO __main__ 反思分析: 模型的回答整体符合要求，但缺乏专业感，且未完全紧扣用户可能的潜在问题进行追问。
2025-12-04 00:52:30,949 INFO __main__ 错误定位: 回答过于简单，未能体现医疗助理的专业性；同时没有明确引导用户提供关键信息。
2025-12-04 00:52:30,949 INFO __main__ 根本原因分析: 模型在生成回复时，可能因规则限制而避免使用更专业的表达，导致输出显得过于普通。
2025-12-04 00:52:30,949 INFO __main__ 正确的处理方法: 应在保持友好和简洁的同时，加入一些更具体的引导性语言，例如提及常见的牙齿问题作为提示。
2025-12-04 00:52:30,949 INFO __main__ 关键洞察: 即使是初步问诊，也可以通过列举常见症状来帮助用户更好地描述自己的情况，从而提升对话效率。
2025-12-04 00:52:30,949 DEBUG __main__ analysis: {'metrics': {'politeness': 0.18, 'professionalism': 0.28, 'relevance': 0.3, 'clarity': 0.3, 'rule_compliance': 1.0, 'overall_score': 0.706, 'user_satisfaction': None}, 'suggestions': ['🟡 整体质量尚可，有改进空间', '建议：使用更多专业医疗术语，提升专业感'], 'timestamp': '2025-12-04T00:52:19.951262'}
2025-12-04 00:52:38,152 INFO __main__ Reflecting on QA - session=1205102d-09c2-419a-b1db-6a067f0e05d0 q_index=2 question=sentence:none##context:[{'role': 'user', 'content': '你好', 'time': '1764827442550
2025-12-04 00:52:47,715 DEBUG __main__ 思考过程: 🟡 整体质量尚可，有改进空间
建议：使用更多专业医疗术语，提升专业感
2025-12-04 00:52:47,717 INFO __main__ 反思分析: 模型的回答整体符合要求，但缺乏专业术语的使用，且未完全紧扣用户可能的核心问题进行追问。
2025-12-04 00:52:47,717 INFO __main__ 错误定位: 未能有效利用医疗领域的专业表达提升可信度；提问略显机械化，未充分结合上下文优化问诊流程。
2025-12-04 00:52:47,717 INFO __main__ 根本原因分析: 模型对专业术语的规避限制了表达的专业性；策略性提问的设计未充分考虑自然对话的流畅性。
2025-12-04 00:52:47,717 INFO __main__ 正确的处理方法: 在保持友好简洁的同时，适当融入专业表述，并根据用户潜在需求设计更贴合情境的追问，例如‘您提到的不适是否伴随其他症状？’。
2025-12-04 00:52:47,717 INFO __main__ 关键洞察: 专业性和自然对话的平衡是医疗问诊类任务的关键，需避免过于机械或泛泛的提问方式。
2025-12-04 00:52:47,718 DEBUG __main__ analysis: {'metrics': {'politeness': 0.18, 'professionalism': 0.2, 'relevance': 0.3, 'clarity': 0.3, 'rule_compliance': 1.0, 'overall_score': 0.698, 'user_satisfaction': None}, 'suggestions': ['🟡 整体质量尚可，有改进空间', '建议：使用更多专业医疗术语，提升专业感'], 'timestamp': '2025-12-04T00:52:38.152689'}
2025-12-04 00:53:00,179 INFO __main__ Reflecting on QA - session=1205102d-09c2-419a-b1db-6a067f0e05d0 q_index=4 question=sentence:种植牙##context:[{'role': 'user', 'content': '你好', 'time': '1764827442550'
2025-12-04 00:53:10,531 DEBUG __main__ 思考过程: B字数过长: 回复建议控制在50-80字以内
🔴 整体质量需要显著改进
建议：使用更多专业医疗术语，提升专业感
2025-12-04 00:53:10,532 INFO __main__ 反思分析: 模型的回答超出了建议的字数限制，且包含了不应使用的医学术语如“牙槽骨”，违反了规则10。同时，未紧扣用户上下文进行自然追问，显得生硬。
2025-12-04 00:53:10,532 INFO __main__ 错误定位: 字数过长、使用了禁止的专业术语、缺乏自然对话流程。
2025-12-04 00:53:10,533 INFO __main__ 根本原因分析: 模型未能严格遵守规则，尤其是在避免医学术语和控制回复简洁性方面存在明显不足。
2025-12-04 00:53:10,533 INFO __main__ 正确的处理方法: 应简化语言，避免专业词汇，并根据上下文提出一个自然且相关的问题，例如‘你是因为缺牙想了解种植牙吗？’
2025-12-04 00:53:10,533 INFO __main__ 关键洞察: 在医疗对话中，需特别注意规则约束，确保语言通俗易懂并保持互动流畅。
2025-12-04 00:53:10,533 DEBUG __main__ analysis: {'metrics': {'politeness': 0.1, 'professionalism': 0.28, 'relevance': 0.3, 'clarity': 0.5, 'rule_compliance': 0.8, 'overall_score': 0.598, 'user_satisfaction': None}, 'suggestions': ['B字数过长: 回复建议控制在50-80字以内', '🔴 整体质量需要显著改进', '建议：使用更多专业医疗术语，提升专业感'], 'timestamp': '2025-12-04T00:53:00.179343'}
2025-12-08 03:43:21,101 INFO __main__ Reflecting on QA - session=b673a788-4c4a-4b22-83f7-478709aaade8 q_index=0 question=1
2025-12-08 03:43:31,168 DEBUG __main__ 思考过程: 🟡 整体质量尚可，有改进空间
建议：使用更多专业医疗术语，提升专业感
2025-12-08 03:43:31,170 INFO __main__ 反思分析: 模型的回答整体符合要求，但未完全按照规则使用中性语气并避免过于机械的问法。此外，缺少对用户潜在问题的初步推测和引导。
2025-12-08 03:43:31,170 INFO __main__ 错误定位: 回答显得较泛泛，缺乏针对用户可能症状的策略性提问，且开场白稍显生硬。
2025-12-08 03:43:31,170 INFO __main__ 根本原因分析: 模型未能充分结合上下文生成更具针对性的问题，同时忽略了通过更自然语言提升用户体验。
2025-12-08 03:43:31,170 INFO __main__ 正确的处理方法: 应根据用户可能关心的问题提供稍微具体的引导，例如：‘您是遇到牙齿敏感、疼痛，还是其他问题呢？’
2025-12-08 03:43:31,171 INFO __main__ 关键洞察: 在医疗对话场景中，既需要专业性也需要亲和力，确保问题具体且贴近用户需求。
2025-12-08 03:43:31,171 DEBUG __main__ analysis: {'metrics': {'politeness': 0.34, 'professionalism': 0.28, 'relevance': 0.3, 'clarity': 0.5, 'rule_compliance': 1.0, 'overall_score': 0.742, 'user_satisfaction': None}, 'suggestions': ['🟡 整体质量尚可，有改进空间', '建议：使用更多专业医疗术语，提升专业感'], 'timestamp': '2025-12-08T03:43:21.099717'}
2025-12-08 03:43:36,054 INFO __main__ Reflecting on QA - session=b673a788-4c4a-4b22-83f7-478709aaade8 q_index=2 question=1
2025-12-08 03:43:46,443 DEBUG __main__ 思考过程: 🟡 整体质量尚可，有改进空间
建议：使用更多专业医疗术语，提升专业感
2025-12-08 03:43:46,446 INFO __main__ 反思分析: 模型的回答整体符合要求，但缺乏专业术语的使用，可能让用户感觉不够权威。同时提问略显宽泛，可更聚焦于症状细节。
2025-12-08 03:43:46,446 INFO __main__ 错误定位: 未使用适当的医疗相关术语，问题设计过于笼统，未能紧扣核心症状进行追问。
2025-12-08 03:43:46,446 INFO __main__ 根本原因分析: 模型可能受限于避免复杂术语的规则，导致语言过于简化；此外对策略性提问的设计理解不足，未能有效引导用户。
2025-12-08 03:43:46,446 INFO __main__ 正确的处理方法: 在保持中性语气的同时，适当加入描述性词汇以提升专业感，并通过具体化问题（如‘是否有疼痛或敏感’）精准收集信息。
2025-12-08 03:43:46,446 INFO __main__ 关键洞察: 平衡简洁与专业性是关键，提问需逐步细化以确保高效获取用户口腔状况。
2025-12-08 03:43:46,447 DEBUG __main__ analysis: {'metrics': {'politeness': 0.34, 'professionalism': 0.28, 'relevance': 0.3, 'clarity': 0.5, 'rule_compliance': 1.0, 'overall_score': 0.742, 'user_satisfaction': None}, 'suggestions': ['🟡 整体质量尚可，有改进空间', '建议：使用更多专业医疗术语，提升专业感'], 'timestamp': '2025-12-08T03:43:36.054719'}
2025-12-08 03:43:57,243 INFO __main__ Reflecting on QA - session=b673a788-4c4a-4b22-83f7-478709aaade8 q_index=4 question=种植牙
2025-12-08 03:44:04,218 DEBUG __main__ 思考过程: 🟢 整体质量良好
建议：使用更多专业医疗术语，提升专业感
2025-12-08 03:44:04,220 INFO __main__ 反思分析: 模型的回答符合基本规则，但缺乏足够的专业术语和深度，可能让用户感觉不够权威。
2025-12-08 03:44:04,220 INFO __main__ 错误定位: 回答中未使用适当的医学术语来提升专业感，且对用户的引导性问题略显简单。
2025-12-08 03:44:04,220 INFO __main__ 根本原因分析: 模型可能为了避免复杂术语而过于简化语言，导致专业性不足，同时未充分挖掘用户需求。
2025-12-08 03:44:04,220 INFO __main__ 正确的处理方法: 在保持友好和简洁的同时，适当加入专业术语，并通过更具体的问题深入了解用户情况。
2025-12-08 03:44:04,221 INFO __main__ 关键洞察: 在医疗对话中，平衡专业性和易懂性是关键，同时需逐步引导用户提供更多细节。
2025-12-08 03:44:04,221 DEBUG __main__ analysis: {'metrics': {'politeness': 0.26, 'professionalism': 0.30000000000000004, 'relevance': 1.0, 'clarity': 0.3, 'rule_compliance': 1.0, 'overall_score': 0.786, 'user_satisfaction': None}, 'suggestions': ['🟢 整体质量良好', '建议：使用更多专业医疗术语，提升专业感'], 'timestamp': '2025-12-08T03:43:57.243227'}
2025-12-10 02:00:38,891 INFO __main__ Reflecting on QA - session=90c38599-0d0e-47c0-9dee-7a43fad598f3 q_index=0 question=sentence:嗯嗯，想先了解一下大概费用##context:[{'role': 'user', 'content': '拔智齿多少钱一颗', 'time':
2025-12-10 02:00:51,261 DEBUG __main__ 思考过程: B字数过长: 回复建议控制在50-80字以内
🔴 整体质量需要显著改进
建议：使用更多专业医疗术语，提升专业感
2025-12-10 02:00:51,265 INFO __main__ 反思分析: 模型的回答虽然遵循了不直接透露价格的原则，但字数超出建议范围，且未严格遵守简洁性要求。同时，缺乏进一步优化专业感的表达。
2025-12-10 02:00:51,266 INFO __main__ 错误定位: 回复字数过长，超出了50-80字的建议范围；未能充分展现专业性，措辞可以更精准。
2025-12-10 02:00:51,266 INFO __main__ 根本原因分析: 模型生成内容时可能过于注重信息完整性，导致冗长；对专业医疗术语的使用不足，影响了权威感。
2025-12-10 02:00:51,266 INFO __main__ 正确的处理方法: 将回复精简至35字以内，采用更专业的表述方式，并确保一次只聚焦一个问题以维持自然对话流程。
2025-12-10 02:00:51,266 INFO __main__ 关键洞察: 在医疗咨询场景中，简洁、专业的表达能够显著提升用户体验和信任感。
2025-12-10 02:00:51,266 DEBUG __main__ analysis: {'metrics': {'politeness': 0.18, 'professionalism': 0.2, 'relevance': 0.3, 'clarity': 0.5, 'rule_compliance': 0.8, 'overall_score': 0.598, 'user_satisfaction': None}, 'suggestions': ['B字数过长: 回复建议控制在50-80字以内', '🔴 整体质量需要显著改进', '建议：使用更多专业医疗术语，提升专业感'], 'timestamp': '2025-12-10T02:00:38.890954'}
2025-12-10 02:01:00,591 INFO __main__ Reflecting on QA - session=90c38599-0d0e-47c0-9dee-7a43fad598f3 q_index=2 question=sentence:none##context:[{'role': 'user', 'content': '拔智齿多少钱一颗', 'time': '0'}, {'
2025-12-10 02:01:10,029 DEBUG __main__ 思考过程: 🟡 整体质量尚可，有改进空间
建议：使用更多专业医疗术语，提升专业感
2025-12-10 02:01:10,031 INFO __main__ 反思分析: 模型的回答整体符合要求，但缺乏专业术语的使用，且未完全紧扣用户的核心关注点（费用问题）进行有效引导。
2025-12-10 02:01:10,031 INFO __main__ 错误定位: 未充分解释为何不能直接提供价格信息，同时提问略显突兀，未能自然衔接用户对费用的关注。
2025-12-10 02:01:10,031 INFO __main__ 根本原因分析: 模型可能过于依赖通用话术，未能灵活结合上下文调整语言策略，导致回答的专业性和连贯性不足。
2025-12-10 02:01:10,031 INFO __main__ 正确的处理方法: 应先温和说明费用需根据具体情况评估，并自然过渡到问诊环节，例如：‘每颗智齿的情况不同，具体费用需要看位置和难度。您这颗智齿现在有没有不舒服的感觉？’
2025-12-10 02:01:10,031 INFO __main__ 关键洞察: 在涉及敏感话题（如价格）时，需用专业且柔和的语言引导对话，避免让用户感到被忽视或敷衍。
2025-12-10 02:01:10,032 DEBUG __main__ analysis: {'metrics': {'politeness': 0.1, 'professionalism': 0.2, 'relevance': 0.3, 'clarity': 0.3, 'rule_compliance': 1.0, 'overall_score': 0.69, 'user_satisfaction': None}, 'suggestions': ['🟡 整体质量尚可，有改进空间', '建议：使用更多专业医疗术语，提升专业感'], 'timestamp': '2025-12-10T02:01:00.591578'}
2025-12-10 02:01:16,875 INFO __main__ Reflecting on QA - session=90c38599-0d0e-47c0-9dee-7a43fad598f3 q_index=4 question=sentence:现在就是有点疼，吃东西不方便##context:[{'role': 'user', 'content': '拔智齿多少钱一颗', 'time'
2025-12-10 02:01:28,607 DEBUG __main__ 思考过程: B字数过长: 回复建议控制在50-80字以内
🔴 整体质量需要显著改进
建议：使用更多专业医疗术语，提升专业感
2025-12-10 02:01:28,610 INFO __main__ 反思分析: 模型生成的回复虽然符合部分规则，但存在字数过长的问题，且未完全体现话术多样性。此外，专业感不足，未能有效强化价值。
2025-12-10 02:01:28,610 INFO __main__ 错误定位: 1. 字数超出限制；2. 缺乏多样性和更强的专业语气；3. 未严格遵循价值强化话术。
2025-12-10 02:01:28,610 INFO __main__ 根本原因分析: 模型可能过于注重温和表达，导致内容冗长且偏离了简洁、专业的核心要求。
2025-12-10 02:01:28,610 INFO __main__ 正确的处理方法: 精简语言，确保每句话控制在30字以内，并使用更多样化的话术强化价值，例如：'持续疼痛需重视，您留下微信，我们安排医生联系您。'
2025-12-10 02:01:28,611 INFO __main__ 关键洞察: 在引导用户提供联系方式时，应平衡简洁性与专业性，同时避免过多解释。
2025-12-10 02:01:28,611 DEBUG __main__ analysis: {'metrics': {'politeness': 0.18, 'professionalism': 0.2, 'relevance': 0.3, 'clarity': 0.5, 'rule_compliance': 0.8, 'overall_score': 0.598, 'user_satisfaction': None}, 'suggestions': ['B字数过长: 回复建议控制在50-80字以内', '🔴 整体质量需要显著改进', '建议：使用更多专业医疗术语，提升专业感'], 'timestamp': '2025-12-10T02:01:16.875263'}
2025-12-10 02:03:38,793 INFO __main__ Reflecting on QA - session=90c38599-0d0e-47c0-9dee-7a43fad598f3 q_index=0 question=sentence:【对话ID：1765349936557】##context:[{'role': 'user', 'content': '拔智齿多少钱一颗', 
2025-12-10 02:03:50,191 DEBUG __main__ 思考过程: 🟡 整体质量尚可，有改进空间
建议：使用更多专业医疗术语，提升专业感
2025-12-10 02:03:50,194 INFO __main__ 反思分析: 模型生成的回复虽然符合温和引导留联的要求，但未完全遵守规则2和规则7。用户询问价格时，应回避直接讨论费用，并且避免可能暗示诊断的内容。
2025-12-10 02:03:50,194 INFO __main__ 错误定位: 未明确回避价格问题，且回复中缺乏价值强化话术，显得引导较单薄。
2025-12-10 02:03:50,194 INFO __main__ 根本原因分析: 模型未能充分结合上下文中的规则要求，尤其是针对用户反复提及的费用问题，没有有效转移焦点到留联上。
2025-12-10 02:03:50,195 INFO __main__ 正确的处理方法: 基于您的情况，具体费用需医生评估。您留下微信号，我们安排专业人员为您详细讲解方案。
2025-12-10 02:03:50,195 INFO __main__ 关键洞察: 在用户关注敏感话题（如价格）时，应巧妙转移至留联引导，同时通过价值强化话术提升用户配合意愿。
2025-12-10 02:03:50,195 DEBUG __main__ analysis: {'metrics': {'politeness': 0.18, 'professionalism': 0.2, 'relevance': 0.3, 'clarity': 0.5, 'rule_compliance': 1.0, 'overall_score': 0.718, 'user_satisfaction': None}, 'suggestions': ['🟡 整体质量尚可，有改进空间', '建议：使用更多专业医疗术语，提升专业感'], 'timestamp': '2025-12-10T02:03:38.793477'}
2025-12-10 02:04:01,475 INFO __main__ Reflecting on QA - session=90c38599-0d0e-47c0-9dee-7a43fad598f3 q_index=2 question=sentence:疼了大概一个星期左右了##context:[{'role': 'user', 'content': '拔智齿多少钱一颗', 'time': '
2025-12-10 02:04:11,824 DEBUG __main__ 思考过程: 🟡 整体质量尚可，有改进空间
建议：使用更多专业医疗术语，提升专业感
2025-12-10 02:04:11,825 INFO __main__ 反思分析: 模型的回答整体符合要求，但缺乏专业性和引导性。未紧扣医疗问诊的核心目标，追问略显随意。
2025-12-10 02:04:11,827 INFO __main__ 错误定位: 回答中未体现足够的专业术语，且提问过于简单，未能深入挖掘用户病史或相关背景信息。
2025-12-10 02:04:11,827 INFO __main__ 根本原因分析: 模型可能受限于规则中的‘避免使用医学术语’，导致回答显得平淡无奇，缺乏权威感。同时，对话策略未能充分结合上下文优化问题设计。
2025-12-10 02:04:11,828 INFO __main__ 正确的处理方法: 应在保持友好和简洁的同时，适当引入专业表达（如‘牙齿不适’而非‘疼’），并围绕病史、症状特点等展开更精准的追问，例如：‘这种疼痛是持续性的还是间歇性的？’
2025-12-10 02:04:11,828 INFO __main__ 关键洞察: 在医疗场景中，即使是简单的问诊也需要通过精准的语言和问题设计来增强用户信任感，同时确保信息收集全面。
2025-12-10 02:04:11,828 DEBUG __main__ analysis: {'metrics': {'politeness': 0.18, 'professionalism': 0.2, 'relevance': 0.3, 'clarity': 0.3, 'rule_compliance': 1.0, 'overall_score': 0.698, 'user_satisfaction': None}, 'suggestions': ['🟡 整体质量尚可，有改进空间', '建议：使用更多专业医疗术语，提升专业感'], 'timestamp': '2025-12-10T02:04:01.475056'}
2025-12-10 02:04:24,080 INFO __main__ Reflecting on QA - session=2ee41e29-8339-4704-9513-06c641fd2cb8 q_index=0 question=sentence:是的，我很担心这个问题。##context:[{'role': 'user', 'content': '智齿横着长一定要拔吗', 'time'
2025-12-10 02:04:34,765 DEBUG __main__ 思考过程: B字数过长: 回复建议控制在50-80字以内
🔴 整体质量需要显著改进
建议：使用更多专业医疗术语，提升专业感
2025-12-10 02:04:34,767 INFO __main__ 反思分析: 模型的回答虽然简洁且紧扣用户问题，但缺乏足够的专业性和引导性。未完全按照系统提示的问诊策略进行追问，且回答中缺少对症状持续时间等关键信息的挖掘。
2025-12-10 02:04:34,768 INFO __main__ 错误定位: 1. 回答过于简短，未能充分展现专业性；2. 未按系统要求逐步收集用户的口腔信息；3. 忽略了对症状持续时间、年龄范围等背景信息的追问。
2025-12-10 02:04:34,768 INFO __main__ 根本原因分析: 模型可能过于依赖模板化回复，未能深入理解系统设定的问诊逻辑，同时在生成内容时忽略了上下文中的具体指导规则。
2025-12-10 02:04:34,768 INFO __main__ 正确的处理方法: 回答应更详细地解释情况，并通过自然对话引导用户提供更多信息，例如：‘横着长的智齿是否需要处理，取决于它对周围牙齿的影响。您能说说这颗牙有没有让您感到疼痛？大概从什么时候开始的？’
2025-12-10 02:04:34,768 INFO __main__ 关键洞察: 确保每次回答后都根据系统设定的问诊逻辑追问一个新问题，以逐步完善用户画像并提升专业感。
2025-12-10 02:04:34,768 DEBUG __main__ analysis: {'metrics': {'politeness': 0.18, 'professionalism': 0.2, 'relevance': 0.3, 'clarity': 0.5, 'rule_compliance': 0.8, 'overall_score': 0.598, 'user_satisfaction': None}, 'suggestions': ['B字数过长: 回复建议控制在50-80字以内', '🔴 整体质量需要显著改进', '建议：使用更多专业医疗术语，提升专业感'], 'timestamp': '2025-12-10T02:04:24.080359'}
2025-12-10 02:04:43,855 INFO __main__ Reflecting on QA - session=2ee41e29-8339-4704-9513-06c641fd2cb8 q_index=2 question=sentence:none##context:[{'role': 'user', 'content': '智齿横着长一定要拔吗', 'time': '0'}, 
2025-12-10 02:04:54,612 DEBUG __main__ 思考过程: 🟡 整体质量尚可，有改进空间
建议：使用更多专业医疗术语，提升专业感
2025-12-10 02:04:54,615 INFO __main__ 反思分析: 模型的回答整体符合要求，但缺乏足够的专业性和引导性。未完全紧扣用户问题进行深入追问，且提问略显随意。
2025-12-10 02:04:54,615 INFO __main__ 错误定位: 未能充分使用医疗背景知识提升回答的专业感；提问设计不够精准，未能有效推进问诊流程。
2025-12-10 02:04:54,615 INFO __main__ 根本原因分析: 模型可能受限于避免复杂术语的规则，导致回答过于简化；同时对策略性提问的设计理解不足。
2025-12-10 02:04:54,615 INFO __main__ 正确的处理方法: 在保持中性语气的前提下，适当引入基础医疗知识增强可信度，并设计更贴合用户主诉的后续问题。
2025-12-10 02:04:54,615 INFO __main__ 关键洞察: 即使是简短回答，也可以通过精准措辞和逻辑连贯的提问，显著提升专业感与用户体验。
2025-12-10 02:04:54,615 DEBUG __main__ analysis: {'metrics': {'politeness': 0.1, 'professionalism': 0.28, 'relevance': 0.3, 'clarity': 0.3, 'rule_compliance': 1.0, 'overall_score': 0.698, 'user_satisfaction': None}, 'suggestions': ['🟡 整体质量尚可，有改进空间', '建议：使用更多专业医疗术语，提升专业感'], 'timestamp': '2025-12-10T02:04:43.855736'}
2025-12-10 02:04:59,716 INFO __main__ Reflecting on QA - session=2ee41e29-8339-4704-9513-06c641fd2cb8 q_index=4 question=sentence:有点疼，还肿了。##context:[{'role': 'user', 'content': '智齿横着长一定要拔吗', 'time': '0
2025-12-10 02:05:08,990 DEBUG __main__ 思考过程: 🟡 整体质量尚可，有改进空间
建议：使用更多专业医疗术语，提升专业感
✅ 成功获取联系方式，给予评分加分
2025-12-10 02:05:08,990 INFO __main__ 反思分析: 模型生成的回复整体符合要求，但缺乏多样性和更强的专业感。虽然成功获取了联系方式，但话术可以更丰富。
2025-12-10 02:05:08,994 INFO __main__ 错误定位: 话术较为单一，未充分利用价值强化话术，专业感不足。
2025-12-10 02:05:08,994 INFO __main__ 根本原因分析: 可能由于模板化生成导致多样性不足，且对专业术语的使用过于保守。
2025-12-10 02:05:08,994 INFO __main__ 正确的处理方法: 结合更多样的话术，例如'基于您的描述，我们建议专业医生进一步评估，您留下微信号或手机号方便沟通'，提升专业感和用户信任。
2025-12-10 02:05:08,995 INFO __main__ 关键洞察: 在引导留联时，应平衡专业性与亲和力，同时确保话术多样化以适应不同场景。
2025-12-10 02:05:08,995 DEBUG __main__ analysis: {'metrics': {'politeness': 0.18, 'professionalism': 0.2, 'relevance': 0.3, 'clarity': 0.5, 'rule_compliance': 1.0, 'overall_score': 0.768, 'user_satisfaction': None, 'contact_obtained': True}, 'suggestions': ['🟡 整体质量尚可，有改进空间', '建议：使用更多专业医疗术语，提升专业感', '✅ 成功获取联系方式，给予评分加分'], 'timestamp': '2025-12-10T02:04:59.715980'}
2025-12-10 02:05:13,419 INFO __main__ Reflecting on QA - session=2ee41e29-8339-4704-9513-06c641fd2cb8 q_index=6 question=sentence:我不想发##context:[{'role': 'user', 'content': '智齿横着长一定要拔吗', 'time': '0'}, 
2025-12-10 02:05:25,128 DEBUG __main__ 思考过程: 🟡 整体质量尚可，有改进空间
建议：使用更多专业医疗术语，提升专业感
2025-12-10 02:05:25,130 INFO __main__ 反思分析: 模型的回答整体符合要求，但未完全遵守规则4和规则10。虽然进行了追问，但问题设计略显生硬，未能充分展现自然对话的流畅性。同时，使用‘疼痛和肿胀’这样的描述虽非医学术语，但稍显笼统，可进一步优化措辞。
2025-12-10 02:05:25,130 INFO __main__ 错误定位: 问题设计不够自然，且未紧扣用户情绪进行更柔和的引导；缺乏对症状更细致的拆解以提升专业感。
2025-12-10 02:05:25,131 INFO __main__ 根本原因分析: 模型可能因过于关注任务目标（如追问），忽略了对话的人性化与亲和力，导致语言显得机械化。此外，对医疗场景中措辞的专业性和用户心理预期理解不足。
2025-12-10 02:05:25,131 INFO __main__ 正确的处理方法: 调整为更贴近用户的表达方式，例如：‘您这疼和肿的情况大概从什么时候开始的？’ 同时确保每次提问都尽量让用户感到被理解而非单纯信息索取。
2025-12-10 02:05:25,131 INFO __main__ 关键洞察: 在医疗问诊类对话中，既要完成信息收集任务，也要注重语气柔和、贴近真实医生问诊风格，避免机械式问答破坏用户体验。
2025-12-10 02:05:25,131 DEBUG __main__ analysis: {'metrics': {'politeness': 0.18, 'professionalism': 0.2, 'relevance': 0.3, 'clarity': 0.3, 'rule_compliance': 1.0, 'overall_score': 0.698, 'user_satisfaction': None}, 'suggestions': ['🟡 整体质量尚可，有改进空间', '建议：使用更多专业医疗术语，提升专业感'], 'timestamp': '2025-12-10T02:05:13.419917'}
2025-12-10 02:05:30,442 INFO __main__ Reflecting on QA - session=2ee41e29-8339-4704-9513-06c641fd2cb8 q_index=8 question=sentence:大概有三四天了。##context:[{'role': 'user', 'content': '智齿横着长一定要拔吗', 'time': '0
2025-12-10 02:05:40,054 DEBUG __main__ 思考过程: 🟡 整体质量尚可，有改进空间
建议：使用更多专业医疗术语，提升专业感
2025-12-10 02:05:40,055 INFO __main__ 反思分析: 模型的回答整体符合要求，但缺乏足够的专业性和引导性。未使用适当的医疗术语来提升可信度，同时追问略显简单，未能紧扣用户核心问题进行深度挖掘。
2025-12-10 02:05:40,056 INFO __main__ 错误定位: 回答中缺少对症状的专业描述，且追问过于宽泛，未聚焦于用户的病史或潜在风险因素。
2025-12-10 02:05:40,056 INFO __main__ 根本原因分析: 模型可能受限于避免使用医学术语的规则，导致表达偏向日常化，削弱了专业感；此外，对话策略未能充分结合上下文优化追问内容。
2025-12-10 02:05:40,056 INFO __main__ 正确的处理方法: 在保持友好和简洁的同时，适当融入基础医疗知识以增强专业性，并根据上下文提出更具针对性的问题，例如询问是否伴随其他症状或既往类似经历。
2025-12-10 02:05:40,056 INFO __main__ 关键洞察: 即使是非专业术语的表述，也可以通过精准描述和逻辑追问提升医疗对话的质量与用户信任感。
2025-12-10 02:05:40,056 DEBUG __main__ analysis: {'metrics': {'politeness': 0.18, 'professionalism': 0.28, 'relevance': 0.3, 'clarity': 0.3, 'rule_compliance': 1.0, 'overall_score': 0.706, 'user_satisfaction': None}, 'suggestions': ['🟡 整体质量尚可，有改进空间', '建议：使用更多专业医疗术语，提升专业感'], 'timestamp': '2025-12-10T02:05:30.442272'}
2025-12-10 02:07:50,300 INFO __main__ Reflecting on QA - session=f0715999-98b8-449e-a883-d91157daece2 q_index=0 question=sentence:【对话ID：1765350229459】##context:[{'role': 'user', 'content': '长智齿的前兆是什么',
2025-12-10 02:07:57,632 DEBUG __main__ 思考过程: B字数过长: 回复建议控制在50-80字以内
🔴 整体质量需要显著改进
建议：使用更多专业医疗术语，提升专业感
2025-12-10 02:07:57,634 INFO __main__ 反思分析: 模型回复中未严格遵守规则1，即每句话必须询问联系方式。同时，字数控制不佳，且专业感不足。
2025-12-10 02:07:57,634 INFO __main__ 错误定位: 未完全遵循话术要求，缺少多样化的联系方式请求方式，且回复显得过于简略和非专业。
2025-12-10 02:07:57,634 INFO __main__ 根本原因分析: 模型未能充分理解并应用指定话术模板，导致输出偏离需求；此外，对规则的执行缺乏一致性。
2025-12-10 02:07:57,634 INFO __main__ 正确的处理方法: 严格按照话术模板生成回复，确保每句话包含温和但明确的联系方式请求，并提升语言的专业性与多样性。
2025-12-10 02:07:57,634 INFO __main__ 关键洞察: 强化话术模板的使用训练，确保模型在每次生成时均符合所有规则要求。
2025-12-10 02:07:57,634 DEBUG __main__ analysis: {'metrics': {'politeness': 0.18, 'professionalism': 0.2, 'relevance': 0.3, 'clarity': 0.5, 'rule_compliance': 0.8, 'overall_score': 0.598, 'user_satisfaction': None}, 'suggestions': ['B字数过长: 回复建议控制在50-80字以内', '🔴 整体质量需要显著改进', '建议：使用更多专业医疗术语，提升专业感'], 'timestamp': '2025-12-10T02:07:50.300243'}
2025-12-10 02:08:03,152 INFO __main__ Reflecting on QA - session=c3682f99-58c5-4fa5-9142-6a07e4b64f98 q_index=0 question=sentence:嗯嗯，想了解下怎么修复比较好。##context:[{'role': 'user', 'content': '缺1~3颗牙', 'time':
2025-12-10 02:08:10,319 DEBUG __main__ 思考过程: 🟡 整体质量尚可，有改进空间
建议：使用更多专业医疗术语，提升专业感
2025-12-10 02:08:10,320 INFO __main__ 反思分析: 模型的回答整体符合要求，但未完全紧扣用户问题，且缺乏对症状的进一步追问。建议提升专业性同时避免过度简化。
2025-12-10 02:08:10,320 INFO __main__ 错误定位: 模型未明确回应用户关于‘修复’的需求，直接跳到位置确认，略显突兀。
2025-12-10 02:08:10,320 INFO __main__ 根本原因分析: 模型可能误解了用户意图，过于关注牙齿位置而忽略了修复方式的初步探讨。
2025-12-10 02:08:10,320 INFO __main__ 正确的处理方法: 先简要提及修复方式的多样性，再自然过渡到具体问诊，例如：‘修复方式有多种选择，您缺牙多久了？’
2025-12-10 02:08:10,321 INFO __main__ 关键洞察: 在医疗对话中，应优先回应用户核心需求，再逐步引导获取更多信息。
2025-12-10 02:08:10,321 DEBUG __main__ analysis: {'metrics': {'politeness': 0.18, 'professionalism': 0.2, 'relevance': 0.3, 'clarity': 0.3, 'rule_compliance': 1.0, 'overall_score': 0.698, 'user_satisfaction': None}, 'suggestions': ['🟡 整体质量尚可，有改进空间', '建议：使用更多专业医疗术语，提升专业感'], 'timestamp': '2025-12-10T02:08:03.152583'}
2025-12-10 02:08:16,123 INFO __main__ Reflecting on QA - session=c3682f99-58c5-4fa5-9142-6a07e4b64f98 q_index=2 question=sentence:none##context:[{'role': 'user', 'content': '缺1~3颗牙', 'time': '0'}, {'ro
2025-12-10 02:08:25,429 DEBUG __main__ 思考过程: 🟡 整体质量尚可，有改进空间
建议：使用更多专业医疗术语，提升专业感
2025-12-10 02:08:25,430 INFO __main__ 反思分析: 模型的回答整体符合要求，但未完全遵循规则，例如使用了‘缺牙’这一稍显专业的表述，且缺乏对用户情况的进一步自然追问。
2025-12-10 02:08:25,430 INFO __main__ 错误定位: 模型未严格遵守规则3和规则10，语言略显机械，同时引入了可能让用户困惑的术语。
2025-12-10 02:08:25,430 INFO __main__ 根本原因分析: 模型可能误解了需要更贴近日常对话的要求，过于追求简洁导致表达不够自然流畅。
2025-12-10 02:08:25,430 INFO __main__ 正确的处理方法: 回答应避免术语，采用更贴近用户的日常语言，并在每次回应后提出一个更自然、相关的问题，如‘您觉得缺牙对日常生活有影响吗？’
2025-12-10 02:08:25,430 INFO __main__ 关键洞察: 保持语言通俗易懂并紧扣用户感受，有助于建立信任感并引导用户提供更多信息。
2025-12-10 02:08:25,431 DEBUG __main__ analysis: {'metrics': {'politeness': 0.18, 'professionalism': 0.2, 'relevance': 0.3, 'clarity': 0.3, 'rule_compliance': 1.0, 'overall_score': 0.698, 'user_satisfaction': None}, 'suggestions': ['🟡 整体质量尚可，有改进空间', '建议：使用更多专业医疗术语，提升专业感'], 'timestamp': '2025-12-10T02:08:16.123337'}
2025-12-10 02:08:31,632 INFO __main__ Reflecting on QA - session=c3682f99-58c5-4fa5-9142-6a07e4b64f98 q_index=4 question=sentence:是后牙的位置。##context:[{'role': 'user', 'content': '缺1~3颗牙', 'time': '0'}, {
2025-12-10 02:08:42,256 DEBUG __main__ 思考过程: B字数过长: 回复建议控制在50-80字以内
🟡 整体质量尚可，有改进空间
建议：使用更多专业医疗术语，提升专业感
✅ 成功获取联系方式，给予评分加分
2025-12-10 02:08:42,257 INFO __main__ 反思分析: 模型生成的回复虽然符合基本要求，但字数略长且缺乏专业术语，未能完全体现医疗助理的专业性。同时，未明确多样化询问联系方式的话术。
2025-12-10 02:08:42,257 INFO __main__ 错误定位: 回复超出了建议字数范围，且话术单一，未充分使用价值强化或多样化联系方式请求话术。
2025-12-10 02:08:42,257 INFO __main__ 根本原因分析: 模型可能过于依赖固定模板，未能灵活运用多种话术策略，同时对字数控制不够精准。
2025-12-10 02:08:42,257 INFO __main__ 正确的处理方法: 采用更简洁的语言，结合多样化的价值强化和联系方式请求话术，例如：'后牙修复需个性化方案，您提供下微信，我们安排医生详细沟通。'
2025-12-10 02:08:42,257 INFO __main__ 关键洞察: 在引导用户提供联系方式时，应注重话术多样性、专业感及字数控制，以提升用户体验与信任感。
2025-12-10 02:08:42,257 DEBUG __main__ analysis: {'metrics': {'politeness': 0.18, 'professionalism': 0.28, 'relevance': 0.3, 'clarity': 0.5, 'rule_compliance': 0.8, 'overall_score': 0.656, 'user_satisfaction': None, 'contact_obtained': True}, 'suggestions': ['B字数过长: 回复建议控制在50-80字以内', '🟡 整体质量尚可，有改进空间', '建议：使用更多专业医疗术语，提升专业感', '✅ 成功获取联系方式，给予评分加分'], 'timestamp': '2025-12-10T02:08:31.632450'}
2025-12-10 02:08:50,881 INFO __main__ Reflecting on QA - session=c3682f99-58c5-4fa5-9142-6a07e4b64f98 q_index=6 question=sentence:就在这聊##context:[{'role': 'user', 'content': '缺1~3颗牙', 'time': '0'}, {'ro
2025-12-10 02:09:01,915 DEBUG __main__ 思考过程: 🟡 整体质量尚可，有改进空间
建议：使用更多专业医疗术语，提升专业感
2025-12-10 02:09:01,915 INFO __main__ 反思分析: 模型的回答整体符合要求，但未完全紧扣用户提供的上下文信息。用户已明确提到缺牙的位置是后牙，模型应进一步追问相关病史或持续时间，而非跳跃至询问年龄范围。
2025-12-10 02:09:01,916 INFO __main__ 错误定位: 模型在对话流程中选择了不恰当的追问问题，未能按照优先级收集关键信息（如病史或症状持续时间）。
2025-12-10 02:09:01,916 INFO __main__ 根本原因分析: 模型可能缺乏对问诊优先级的清晰理解，导致在信息收集中出现次序混乱，影响了诊断效率。
2025-12-10 02:09:01,916 INFO __main__ 正确的处理方法: 根据上下文，模型应在确认缺牙位置后，优先追问用户的缺牙持续时间或相关病史，而非直接跳到年龄范围。
2025-12-10 02:09:01,916 INFO __main__ 关键洞察: 在医疗问诊场景中，信息收集需遵循逻辑顺序，优先获取与主诉最相关的关键细节，以确保对话高效且自然。
2025-12-10 02:09:01,917 DEBUG __main__ analysis: {'metrics': {'politeness': 0.18, 'professionalism': 0.2, 'relevance': 0.3, 'clarity': 0.3, 'rule_compliance': 1.0, 'overall_score': 0.698, 'user_satisfaction': None}, 'suggestions': ['🟡 整体质量尚可，有改进空间', '建议：使用更多专业医疗术语，提升专业感'], 'timestamp': '2025-12-10T02:08:50.881337'}
2025-12-10 02:11:13,997 INFO __main__ Reflecting on QA - session=11119063-298f-49de-82c5-89f9fabdb2c6 q_index=0 question=sentence:none##context:[{'role': 'user', 'content': '一般洗牙多少钱一次', 'time': '0'}, {
2025-12-10 02:11:22,661 DEBUG __main__ 思考过程: 🟡 整体质量尚可，有改进空间
建议：使用更多专业医疗术语，提升专业感
2025-12-10 02:11:22,663 INFO __main__ 反思分析: 模型的回答整体符合要求，但未完全按照策略性提问引导用户提供关键信息，例如主要症状或持续时间。同时，缺乏更专业的语气可能影响用户信任感。
2025-12-10 02:11:22,663 INFO __main__ 错误定位: 未能紧扣用户问题进行追问，且提问内容略显随意，没有深入挖掘用户需求。
2025-12-10 02:11:22,663 INFO __main__ 根本原因分析: 模型可能过于依赖上下文的浅层理解，而忽略了逐步引导用户表达更多细节的重要性。
2025-12-10 02:11:22,663 INFO __main__ 正确的处理方法: 应在回答中结合用户提供的线索（如牙龈出血或牙结石）进一步追问相关症状或病史，确保对话自然推进并获取必要信息。
2025-12-10 02:11:22,663 INFO __main__ 关键洞察: 在医疗咨询场景中，每次回应都应包含一个明确的、与用户情况相关的问题，以推动信息收集过程。
2025-12-10 02:11:22,664 DEBUG __main__ analysis: {'metrics': {'politeness': 0.18, 'professionalism': 0.28, 'relevance': 0.3, 'clarity': 0.3, 'rule_compliance': 1.0, 'overall_score': 0.706, 'user_satisfaction': None}, 'suggestions': ['🟡 整体质量尚可，有改进空间', '建议：使用更多专业医疗术语，提升专业感'], 'timestamp': '2025-12-10T02:11:13.997305'}
2025-12-10 02:11:27,960 INFO __main__ Reflecting on QA - session=11119063-298f-49de-82c5-89f9fabdb2c6 q_index=2 question=sentence:有的，刷牙时会出血。##context:[{'role': 'user', 'content': '一般洗牙多少钱一次', 'time': '
2025-12-10 02:11:35,875 DEBUG __main__ 思考过程: B字数过长: 回复建议控制在50-80字以内
🔴 整体质量需要显著改进
建议：使用更多专业医疗术语，提升专业感
2025-12-10 02:11:35,877 INFO __main__ 反思分析: 模型回复虽温和且专业，但字数超出限制，且未完全符合简洁性要求。同时，未严格遵守每句话必须询问联系方式的规则。
2025-12-10 02:11:35,877 INFO __main__ 错误定位: 回复超出了建议字数范围，并且没有充分强调提供联系方式的重要性。
2025-12-10 02:11:35,877 INFO __main__ 根本原因分析: 模型生成内容时未能严格控制长度，且对话术多样性应用不足，导致部分规则未被完全遵守。
2025-12-10 02:11:35,877 INFO __main__ 正确的处理方法: 将回复精简至30字以内，确保每句话包含询问联系方式的内容，并采用多样化的留联话术。
2025-12-10 02:11:35,877 INFO __main__ 关键洞察: 严格遵守字数限制和规则是提升回复质量的关键，多样化话术可增强用户配合意愿。
2025-12-10 02:11:35,878 DEBUG __main__ analysis: {'metrics': {'politeness': 0.18, 'professionalism': 0.2, 'relevance': 0.3, 'clarity': 0.5, 'rule_compliance': 0.8, 'overall_score': 0.598, 'user_satisfaction': None}, 'suggestions': ['B字数过长: 回复建议控制在50-80字以内', '🔴 整体质量需要显著改进', '建议：使用更多专业医疗术语，提升专业感'], 'timestamp': '2025-12-10T02:11:27.960394'}
2025-12-10 02:11:42,145 INFO __main__ Reflecting on QA - session=11119063-298f-49de-82c5-89f9fabdb2c6 q_index=4 question=sentence:就在这聊吧。##context:[{'role': 'user', 'content': '一般洗牙多少钱一次', 'time': '0'},
2025-12-10 02:11:49,631 DEBUG __main__ 思考过程: 🟡 整体质量尚可，有改进空间
建议：使用更多专业医疗术语，提升专业感
2025-12-10 02:11:49,632 INFO __main__ 反思分析: 模型的回答虽然简洁且符合对话流程，但缺乏足够的专业性和引导性。未紧扣用户已提供的信息进行追问，错失深入了解的机会。
2025-12-10 02:11:49,632 INFO __main__ 错误定位: 模型未根据上下文有效利用已知信息（如牙龈出血），提问过于泛化，未能体现专业医疗背景。
2025-12-10 02:11:49,633 INFO __main__ 根本原因分析: 模型可能因训练数据限制或策略设计不足，导致无法充分结合语境生成更具针对性的问题。
2025-12-10 02:11:49,633 INFO __main__ 正确的处理方法: 应基于用户提到的‘刷牙时会出血’这一症状，进一步询问相关细节，例如‘这种情况大概持续多久了？’，以更自然地推进问诊流程。
2025-12-10 02:11:49,633 INFO __main__ 关键洞察: 在医疗对话中，充分利用上下文信息能够显著提升用户体验和诊断效率。
2025-12-10 02:11:49,633 DEBUG __main__ analysis: {'metrics': {'politeness': 0.18, 'professionalism': 0.2, 'relevance': 0.3, 'clarity': 0.3, 'rule_compliance': 1.0, 'overall_score': 0.698, 'user_satisfaction': None}, 'suggestions': ['🟡 整体质量尚可，有改进空间', '建议：使用更多专业医疗术语，提升专业感'], 'timestamp': '2025-12-10T02:11:42.145699'}
2025-12-10 02:11:59,882 INFO __main__ Reflecting on QA - session=11119063-298f-49de-82c5-89f9fabdb2c6 q_index=6 question=sentence:大概有几个月了。##context:[{'role': 'user', 'content': '一般洗牙多少钱一次', 'time': '0'
2025-12-10 02:12:10,102 DEBUG __main__ 思考过程: 🟡 整体质量尚可，有改进空间
建议：使用更多专业医疗术语，提升专业感
2025-12-10 02:12:10,103 INFO __main__ 反思分析: 模型的回答整体符合要求，但未完全遵守规则1和规则4。回答虽简洁，但缺乏进一步的问诊问题，未能紧扣用户情况推进对话。
2025-12-10 02:12:10,104 INFO __main__ 错误定位: 模型未在回答后追问一个新问题，违反了规则4；同时回答中缺少更具体的症状描述引导，显得过于笼统。
2025-12-10 02:12:10,104 INFO __main__ 根本原因分析: 可能是因为生成逻辑倾向于结束对话，而忽略了需要通过策略性提问来收集更多信息的核心任务。
2025-12-10 02:12:10,104 INFO __main__ 正确的处理方法: 应在确认用户提供的信息后，继续追问与症状相关的其他细节，例如'这种情况是否伴随牙齿松动或异味？'
2025-12-10 02:12:10,104 INFO __main__ 关键洞察: 每次回答必须包含一个且仅一个后续问题，以确保对话自然推进并获取全面的用户信息。
2025-12-10 02:12:10,104 DEBUG __main__ analysis: {'metrics': {'politeness': 0.1, 'professionalism': 0.28, 'relevance': 0.3, 'clarity': 0.3, 'rule_compliance': 1.0, 'overall_score': 0.698, 'user_satisfaction': None}, 'suggestions': ['🟡 整体质量尚可，有改进空间', '建议：使用更多专业医疗术语，提升专业感'], 'timestamp': '2025-12-10T02:11:59.882481'}
2025-12-10 02:12:21,303 INFO __main__ Reflecting on QA - session=11119063-298f-49de-82c5-89f9fabdb2c6 q_index=8 question=sentence:【对话ID：1765350504413】##context:[{'role': 'user', 'content': '一般洗牙多少钱一次',
2025-12-10 02:12:28,840 DEBUG __main__ 思考过程: 🟡 整体质量尚可，有改进空间
建议：使用更多专业医疗术语，提升专业感
2025-12-10 02:12:28,841 INFO __main__ 反思分析: 模型生成内容未完全遵守规则，尤其是话术单一且缺乏多样性，未能有效强化价值以引导留联。
2025-12-10 02:12:28,841 INFO __main__ 错误定位: 话术重复性高，未使用多种联系方式请求方式；同时对用户问题的回应过于简略，专业感不足。
2025-12-10 02:12:28,842 INFO __main__ 根本原因分析: 模型可能受限于训练数据多样性不足，导致输出模板化，未能灵活运用不同话术策略。
2025-12-10 02:12:28,842 INFO __main__ 正确的处理方法: 结合用户情境，采用多样化的价值强化和联系方式请求话术，例如强调个性化方案或限时服务优惠。
2025-12-10 02:12:28,842 INFO __main__ 关键洞察: 在引导留联时，应通过多样化表达和情境适配提升用户感知价值，避免机械化回复。
2025-12-10 02:12:28,842 DEBUG __main__ analysis: {'metrics': {'politeness': 0.18, 'professionalism': 0.2, 'relevance': 0.3, 'clarity': 0.3, 'rule_compliance': 1.0, 'overall_score': 0.698, 'user_satisfaction': None}, 'suggestions': ['🟡 整体质量尚可，有改进空间', '建议：使用更多专业医疗术语，提升专业感'], 'timestamp': '2025-12-10T02:12:21.303254'}
2025-12-10 02:14:33,657 INFO __main__ Reflecting on QA - session=69642c4f-e4e8-45c9-a3bd-56b255bded58 q_index=0 question=sentence:<picture>app查看##context:[{'role': 'user', 'content': '种植牙有什么风险和后遗症', 't
2025-12-10 02:14:43,024 DEBUG __main__ 思考过程: 🟡 整体质量尚可，有改进空间
建议：使用更多专业医疗术语，提升专业感
2025-12-10 02:14:43,025 INFO __main__ 反思分析: 模型的回答整体符合要求，但存在轻微偏离专业性和自然对话流程的问题。未充分紧扣用户最新输入，且略显机械化。
2025-12-10 02:14:43,025 INFO __main__ 错误定位: 模型未能完全理解用户提到的“<picture>app查看”意图，也未对此作出回应，直接跳到问诊环节，显得不够连贯。
2025-12-10 02:14:43,026 INFO __main__ 根本原因分析: 可能由于对上下文信息处理不足，导致模型忽略用户潜在需求，同时缺乏针对意外磕牙背景的进一步追问。
2025-12-10 02:14:43,026 INFO __main__ 正确的处理方法: 应先简短回应用户提及的内容（如照片或APP相关），再自然过渡到下一个问诊问题，保持对话流畅性与专业感。
2025-12-10 02:14:43,026 INFO __main__ 关键洞察: 在医疗场景中，需优先确认并回应用户的即时输入，避免机械式提问破坏对话体验。
2025-12-10 02:14:43,026 DEBUG __main__ analysis: {'metrics': {'politeness': 0.18, 'professionalism': 0.2, 'relevance': 0.3, 'clarity': 0.3, 'rule_compliance': 1.0, 'overall_score': 0.698, 'user_satisfaction': None}, 'suggestions': ['🟡 整体质量尚可，有改进空间', '建议：使用更多专业医疗术语，提升专业感'], 'timestamp': '2025-12-10T02:14:33.657907'}
2025-12-10 02:14:49,095 INFO __main__ Reflecting on QA - session=69642c4f-e4e8-45c9-a3bd-56b255bded58 q_index=2 question=sentence:【对话ID：1765350651712】##context:[{'role': 'user', 'content': '种植牙有什么风险和后遗
2025-12-10 02:14:55,079 DEBUG __main__ 思考过程: B字数过长: 回复建议控制在50-80字以内
🔴 整体质量需要显著改进
建议：使用更多专业医疗术语，提升专业感
2025-12-10 02:14:55,079 INFO __main__ 反思分析: 模型未遵守每句话必须询问联系方式的核心规则，且回复中字数超出限制，缺乏专业感和多样性。
2025-12-10 02:14:55,080 INFO __main__ 错误定位: 回复中未包含索要联系方式的内容，违反了系统提示的关键要求。
2025-12-10 02:14:55,080 INFO __main__ 根本原因分析: 模型未能正确解读系统提示的强制性规则，且话术设计缺乏灵活性和专业表达。
2025-12-10 02:14:55,080 INFO __main__ 正确的处理方法: 严格遵循规则，每句话均需嵌入温和多样的联系方式请求，并控制字数在30字以内。
2025-12-10 02:14:55,080 INFO __main__ 关键洞察: 确保每次对话都满足核心规则，同时通过多样化话术提升用户体验和专业感。
2025-12-10 02:14:55,080 DEBUG __main__ analysis: {'metrics': {'politeness': 0.18, 'professionalism': 0.28, 'relevance': 0.3, 'clarity': 0.3, 'rule_compliance': 0.8, 'overall_score': 0.586, 'user_satisfaction': None}, 'suggestions': ['B字数过长: 回复建议控制在50-80字以内', '🔴 整体质量需要显著改进', '建议：使用更多专业医疗术语，提升专业感'], 'timestamp': '2025-12-10T02:14:49.094983'}
2025-12-10 02:15:04,446 INFO __main__ Reflecting on QA - session=21e82ffb-70ef-49af-a106-6a86e28126fe q_index=0 question=sentence:<picture>app查看##context:[{'role': 'user', 'content': '牙齿松动是否一定要拔掉', 'ti
2025-12-10 02:15:14,239 DEBUG __main__ 思考过程: 🟡 整体质量尚可，有改进空间
建议：使用更多专业医疗术语，提升专业感
2025-12-10 02:15:14,240 INFO __main__ 反思分析: 模型的回答整体符合要求，但未完全遵守规则6和规则10。回答中使用了‘松动程度和原因’这样的表述，虽不算严重违规，但更贴近医学术语，可能让用户感到困惑或担忧。
2025-12-10 02:15:14,240 INFO __main__ 错误定位: 模型在引导问诊时过于直接提及‘松动程度和原因’，偏离了避免专业术语的要求，且未充分软化语气以减少用户压力。
2025-12-10 02:15:14,240 INFO __main__ 根本原因分析: 模型可能误解了规则10的限制，试图通过增加细节来提升专业感，却忽略了用户的情绪体验和对话自然性。
2025-12-10 02:15:14,241 INFO __main__ 正确的处理方法: 应改为更通俗易懂的表达，例如‘牙齿松动的情况不一样，具体要看是怎么回事。您能说说牙齿松动多久了吗？’
2025-12-10 02:15:14,241 INFO __main__ 关键洞察: 在医疗场景中，既要保持专业性，又要用通俗语言缓解用户焦虑，确保信息传递清晰且友好。
2025-12-10 02:15:14,241 DEBUG __main__ analysis: {'metrics': {'politeness': 0.18, 'professionalism': 0.28, 'relevance': 0.3, 'clarity': 0.5, 'rule_compliance': 1.0, 'overall_score': 0.726, 'user_satisfaction': None}, 'suggestions': ['🟡 整体质量尚可，有改进空间', '建议：使用更多专业医疗术语，提升专业感'], 'timestamp': '2025-12-10T02:15:04.446837'}
2025-12-10 02:15:26,593 INFO __main__ Reflecting on QA - session=21e82ffb-70ef-49af-a106-6a86e28126fe q_index=2 question=sentence:none##context:[{'role': 'user', 'content': '牙齿松动是否一定要拔掉', 'time': '0'},
2025-12-10 02:15:34,679 DEBUG __main__ 思考过程: 🟡 整体质量尚可，有改进空间
建议：使用更多专业医疗术语，提升专业感
2025-12-10 02:15:34,682 INFO __main__ 反思分析: 模型的回答整体符合要求，但缺乏足够的专业术语和深度，未能完全体现医疗场景的专业性。同时，未紧扣用户可能存在的其他症状进行更精准的追问。
2025-12-10 02:15:34,683 INFO __main__ 错误定位: 回答中缺少对牙齿松动潜在原因的初步分析，且提问略显单一，未能充分引导用户提供更多信息。
2025-12-10 02:15:34,683 INFO __main__ 根本原因分析: 模型可能受限于简洁性要求，忽略了通过更多维度（如病史、生活习惯）来丰富问诊内容，导致信息收集不够全面。
2025-12-10 02:15:34,683 INFO __main__ 正确的处理方法: 应在保持友好语气的同时，适当加入专业表述，并通过多角度提问（例如相关病史或日常习惯）进一步挖掘用户情况。
2025-12-10 02:15:34,683 INFO __main__ 关键洞察: 在医疗问诊场景中，即使是简短回答，也应尽量涵盖更多诊断线索，以提升专业感和实用性。
2025-12-10 02:15:34,683 DEBUG __main__ analysis: {'metrics': {'politeness': 0.1, 'professionalism': 0.30000000000000004, 'relevance': 0.3, 'clarity': 0.3, 'rule_compliance': 1.0, 'overall_score': 0.7, 'user_satisfaction': None}, 'suggestions': ['🟡 整体质量尚可，有改进空间', '建议：使用更多专业医疗术语，提升专业感'], 'timestamp': '2025-12-10T02:15:26.593421'}
2025-12-10 02:15:43,442 INFO __main__ Reflecting on QA - session=21e82ffb-70ef-49af-a106-6a86e28126fe q_index=4 question=sentence:大概有半个月了##context:[{'role': 'user', 'content': '牙齿松动是否一定要拔掉', 'time': '0
2025-12-10 02:15:50,736 DEBUG __main__ 思考过程: B字数过长: 回复建议控制在50-80字以内
🔴 整体质量需要显著改进
建议：使用更多专业医疗术语，提升专业感
2025-12-10 02:15:50,739 INFO __main__ 反思分析: 模型回复中未完全遵守规则，如字数略长且缺乏多样化的留联话术。
2025-12-10 02:15:50,740 INFO __main__ 错误定位: 回复超出了建议字数范围，且留联话术单一，未能体现价值强化。
2025-12-10 02:15:50,740 INFO __main__ 根本原因分析: 可能由于模板化生成导致话术不够灵活，同时未严格控制输出长度。
2025-12-10 02:15:50,740 INFO __main__ 正确的处理方法: 采用更简洁、多样的留联话术，并结合用户情境强化价值感，例如：'松动时间较短，建议专业医生评估。您留下微信，我们发具体建议？'
2025-12-10 02:15:50,740 INFO __main__ 关键洞察: 留联话术需多样化并结合用户需求场景，避免机械化表达。
2025-12-10 02:15:50,740 DEBUG __main__ analysis: {'metrics': {'politeness': 0.18, 'professionalism': 0.2, 'relevance': 0.3, 'clarity': 0.5, 'rule_compliance': 0.8, 'overall_score': 0.598, 'user_satisfaction': None}, 'suggestions': ['B字数过长: 回复建议控制在50-80字以内', '🔴 整体质量需要显著改进', '建议：使用更多专业医疗术语，提升专业感'], 'timestamp': '2025-12-10T02:15:43.441999'}
2025-12-10 02:17:56,384 INFO __main__ Reflecting on QA - session=156cc11d-7d82-410b-bb75-ddf0345930c5 q_index=0 question=sentence:<picture>app查看##context:[{'role': 'user', 'content': '全瓷牙和烤瓷牙区别', 'time
2025-12-10 02:18:08,222 DEBUG __main__ 思考过程: 🟡 整体质量尚可，有改进空间
建议：使用更多专业医疗术语，提升专业感
2025-12-10 02:18:08,222 INFO __main__ 反思分析: 模型的回答虽然简洁且紧扣用户问题，但违反了规则6和规则10，使用了‘全瓷牙更美观耐用，烤瓷牙性价比高’这类带有明显倾向性的描述，可能影响用户的判断。
2025-12-10 02:18:08,225 INFO __main__ 错误定位: 回答中包含了未经用户明确需求就推荐的内容，并涉及隐性评价，偏离了中性语气回答的要求。
2025-12-10 02:18:08,225 INFO __main__ 根本原因分析: 模型未能完全遵循规则6（不主动推荐）和规则10（避免过多倾向性描述），导致输出内容不够中立，可能让用户产生误解。
2025-12-10 02:18:08,225 INFO __main__ 正确的处理方法: 应仅客观描述两种修复方式的基本区别，并通过问诊进一步了解用户需求。例如：‘全瓷牙和烤瓷牙在材料和外观上有所不同，您目前更关注哪方面？’
2025-12-10 02:18:08,225 INFO __main__ 关键洞察: 确保所有回答严格遵守中性原则，避免任何隐性评价或推荐，特别是在医疗场景中。
2025-12-10 02:18:08,225 DEBUG __main__ analysis: {'metrics': {'politeness': 0.18, 'professionalism': 0.28, 'relevance': 0.3, 'clarity': 0.3, 'rule_compliance': 1.0, 'overall_score': 0.706, 'user_satisfaction': None}, 'suggestions': ['🟡 整体质量尚可，有改进空间', '建议：使用更多专业医疗术语，提升专业感'], 'timestamp': '2025-12-10T02:17:56.384063'}
2025-12-10 02:18:16,683 INFO __main__ Reflecting on QA - session=156cc11d-7d82-410b-bb75-ddf0345930c5 q_index=2 question=sentence:none##context:[{'role': 'user', 'content': '全瓷牙和烤瓷牙区别', 'time': '0'}, {
2025-12-10 02:18:35,383 DEBUG __main__ 思考过程: 🟡 整体质量尚可，有改进空间
建议：使用更多专业医疗术语，提升专业感
2025-12-10 02:18:35,386 INFO __main__ 反思分析: 模型的回答整体符合要求，但缺乏足够的专业性和引导性。未使用适当的医疗术语提升权威感，同时问诊问题略显笼统，未能紧扣用户可能关心的细节。
2025-12-10 02:18:35,387 INFO __main__ 错误定位: 回答中缺少对全瓷牙和烤瓷牙更具体的解释，且问诊问题过于宽泛，未能明确聚焦于用户的主诉或潜在需求。
2025-12-10 02:18:35,387 INFO __main__ 根本原因分析: 模型可能受限于避免医学术语的规则，导致回答显得过于简化；此外，策略性提问的设计不够精准，未能有效推进对话收集关键信息。
2025-12-10 02:18:35,387 INFO __main__ 正确的处理方法: 应在简洁表达中适当融入专业描述（如材料特性、适应症等），并根据上下文提出更具针对性的问题，例如‘您是想改善牙齿外观还是解决功能问题？’
2025-12-10 02:18:35,387 INFO __main__ 关键洞察: 在保持友好和合规的前提下，通过半专业表述增强可信度，并设计递进式问题以自然引导用户提供更多信息。
2025-12-10 02:18:35,387 DEBUG __main__ analysis: {'metrics': {'politeness': 0.18, 'professionalism': 0.30000000000000004, 'relevance': 0.3, 'clarity': 0.3, 'rule_compliance': 1.0, 'overall_score': 0.708, 'user_satisfaction': None}, 'suggestions': ['🟡 整体质量尚可，有改进空间', '建议：使用更多专业医疗术语，提升专业感'], 'timestamp': '2025-12-10T02:18:16.683128'}
2025-12-10 02:18:44,248 INFO __main__ Reflecting on QA - session=156cc11d-7d82-410b-bb75-ddf0345930c5 q_index=4 question=sentence:我对全瓷牙更感兴趣##context:[{'role': 'user', 'content': '全瓷牙和烤瓷牙区别', 'time': '0
2025-12-10 02:18:53,444 DEBUG __main__ 思考过程: B字数过长: 回复建议控制在50-80字以内
🔴 整体质量需要显著改进
建议：使用更多专业医疗术语，提升专业感
2025-12-10 02:18:53,447 INFO __main__ 反思分析: 模型回复中未严格遵守规则，如字数略长且缺乏多样化的联系方式请求话术。
2025-12-10 02:18:53,447 INFO __main__ 错误定位: 回复超出了建议字数范围，且话术单一，未能充分展现价值强化。
2025-12-10 02:18:53,447 INFO __main__ 根本原因分析: 可能由于模板化生成导致缺乏灵活性，同时未完全理解‘多样化询问联系方式’的要求。
2025-12-10 02:18:53,447 INFO __main__ 正确的处理方法: 精简语言至30字内，并采用不同价值强化话术引导留联，例如‘全瓷牙美观耐用，您留下微信，我们发具体方案和优惠信息。’
2025-12-10 02:18:53,447 INFO __main__ 关键洞察: 每次生成需确保符合所有规则，尤其是字数、话术多样性及价值传递。
2025-12-10 02:18:53,447 DEBUG __main__ analysis: {'metrics': {'politeness': 0.18, 'professionalism': 0.2, 'relevance': 0.3, 'clarity': 0.5, 'rule_compliance': 0.8, 'overall_score': 0.598, 'user_satisfaction': None}, 'suggestions': ['B字数过长: 回复建议控制在50-80字以内', '🔴 整体质量需要显著改进', '建议：使用更多专业医疗术语，提升专业感'], 'timestamp': '2025-12-10T02:18:44.248408'}
2025-12-10 02:18:58,161 INFO __main__ Reflecting on QA - session=156cc11d-7d82-410b-bb75-ddf0345930c5 q_index=6 question=sentence:就在这聊吧，方便点。##context:[{'role': 'user', 'content': '全瓷牙和烤瓷牙区别', 'time': '
2025-12-10 02:19:07,666 DEBUG __main__ 思考过程: 🟡 整体质量尚可，有改进空间
建议：使用更多专业医疗术语，提升专业感
2025-12-10 02:19:07,669 INFO __main__ 反思分析: 模型的回答整体符合要求，但未完全按照系统提示的问诊策略进行追问，且缺乏对用户当前兴趣点（全瓷牙）的进一步深入探讨。
2025-12-10 02:19:07,669 INFO __main__ 错误定位: 未能紧扣用户的兴趣点提出针对性问题，同时缺少对症状相关信息的收集。
2025-12-10 02:19:07,669 INFO __main__ 根本原因分析: 模型可能过于关注提供信息，而忽略了核心任务是通过策略性提问引导对话并收集用户口腔信息。
2025-12-10 02:19:07,669 INFO __main__ 正确的处理方法: 在提及全瓷牙适合的情况后，应立即追问用户的主要牙齿问题或期望改善的具体方面，例如“您希望解决什么牙齿问题呢？”
2025-12-10 02:19:07,670 INFO __main__ 关键洞察: 确保每次回答后都围绕用户情况提出一个明确、相关的问题，以推动自然流畅的对话并完成信息收集目标。
2025-12-10 02:19:07,670 DEBUG __main__ analysis: {'metrics': {'politeness': 0.18, 'professionalism': 0.30000000000000004, 'relevance': 0.3, 'clarity': 0.3, 'rule_compliance': 1.0, 'overall_score': 0.708, 'user_satisfaction': None}, 'suggestions': ['🟡 整体质量尚可，有改进空间', '建议：使用更多专业医疗术语，提升专业感'], 'timestamp': '2025-12-10T02:18:58.161294'}
2025-12-10 02:19:13,341 INFO __main__ Reflecting on QA - session=156cc11d-7d82-410b-bb75-ddf0345930c5 q_index=8 question=sentence:牙齿有点敏感，但主要想修复美观。##context:[{'role': 'user', 'content': '全瓷牙和烤瓷牙区别', 'ti
2025-12-10 02:19:24,776 DEBUG __main__ 思考过程: 🟡 整体质量尚可，有改进空间
建议：使用更多专业医疗术语，提升专业感
2025-12-10 02:19:24,779 INFO __main__ 反思分析: 模型的回答整体符合要求，但缺乏足够的专业性和策略性追问。未完全紧扣用户需求进行深入问诊，且略显简单。
2025-12-10 02:19:24,780 INFO __main__ 错误定位: 回答中未明确提及牙齿敏感与美观修复之间的关联，也未针对敏感问题进一步追问持续时间或严重程度。
2025-12-10 02:19:24,780 INFO __main__ 根本原因分析: 模型未能充分利用上下文信息来生成更具针对性的回复，同时忽略了逐步引导用户提供更多细节的重要性。
2025-12-10 02:19:24,780 INFO __main__ 正确的处理方法: 应在解答用户问题的基础上，通过更自然的方式追问敏感问题的具体情况，例如‘您牙齿敏感通常在什么情况下会更明显？’
2025-12-10 02:19:24,780 INFO __main__ 关键洞察: 需要平衡专业术语和通俗表达，同时确保每次对话都包含一个明确的、与用户核心需求相关的问题。
2025-12-10 02:19:24,781 DEBUG __main__ analysis: {'metrics': {'politeness': 0.18, 'professionalism': 0.28, 'relevance': 0.3, 'clarity': 0.3, 'rule_compliance': 1.0, 'overall_score': 0.706, 'user_satisfaction': None}, 'suggestions': ['🟡 整体质量尚可，有改进空间', '建议：使用更多专业医疗术语，提升专业感'], 'timestamp': '2025-12-10T02:19:13.341643'}
2025-12-10 02:21:34,423 INFO __main__ Reflecting on QA - session=451acd2f-9eb1-43e3-838e-52e5e096b77d q_index=0 question=sentence:我不想发<picture>##context:[{'role': 'user', 'content': '洗牙对牙齿有伤害吗?', 'time
2025-12-10 02:21:42,641 DEBUG __main__ 思考过程: 🟡 整体质量尚可，有改进空间
建议：使用更多专业医疗术语，提升专业感
2025-12-10 02:21:42,641 INFO __main__ 反思分析: 模型的回答整体符合要求，但存在改进空间。未使用专业术语可能降低了医疗场景中的信任感，同时追问方式略显简单，未能充分引导用户提供更详细信息。
2025-12-10 02:21:42,641 INFO __main__ 错误定位: 回答中缺乏适当的医学术语以提升专业性；提问过于直接，未采用更自然的对话过渡。
2025-12-10 02:21:42,644 INFO __main__ 根本原因分析: 模型可能受限于规则中对术语使用的限制，导致表达偏向过于通俗化；此外，对话设计上未充分考虑用户情感和上下文流畅性。
2025-12-10 02:21:42,644 INFO __main__ 正确的处理方法: 在保持友好语气的同时，适当引入通用医学术语增强专业感，并通过更自然的方式提出后续问题，例如结合用户已有信息进行关联性提问。
2025-12-10 02:21:42,644 INFO __main__ 关键洞察: 在医疗问诊场景中，平衡专业性和亲和力至关重要，同时应注重对话逻辑的连贯性。
2025-12-10 02:21:42,645 DEBUG __main__ analysis: {'metrics': {'politeness': 0.18, 'professionalism': 0.2, 'relevance': 0.3, 'clarity': 0.3, 'rule_compliance': 1.0, 'overall_score': 0.698, 'user_satisfaction': None}, 'suggestions': ['🟡 整体质量尚可，有改进空间', '建议：使用更多专业医疗术语，提升专业感'], 'timestamp': '2025-12-10T02:21:34.423801'}
2025-12-10 02:21:49,251 INFO __main__ Reflecting on QA - session=451acd2f-9eb1-43e3-838e-52e5e096b77d q_index=2 question=sentence:【对话ID：1765351082516】##context:[{'role': 'user', 'content': '洗牙对牙齿有伤害吗?'
2025-12-10 02:21:57,196 DEBUG __main__ 思考过程: B字数过长: 回复建议控制在50-80字以内
🟡 整体质量尚可，有改进空间
建议：使用更多专业医疗术语，提升专业感
2025-12-10 02:21:57,199 INFO __main__ 反思分析: 回复中未完全遵守规则，如字数略长且缺乏多样化话术。同时，未充分强化价值以增加用户留联意愿。
2025-12-10 02:21:57,199 INFO __main__ 错误定位: 字数超出限制，话术单一，缺少对用户留联动机的进一步引导。
2025-12-10 02:21:57,199 INFO __main__ 根本原因分析: 模型未能灵活运用多种话术模板，且对规则中的‘价值强化’部分重视不足。
2025-12-10 02:21:57,200 INFO __main__ 正确的处理方法: 采用更简洁的语言，结合不同话术模板，明确强化专业医生的价值，并温和引导留联。
2025-12-10 02:21:57,200 INFO __main__ 关键洞察: 在引导用户提供联系方式时，应注重话术多样性与用户价值感知的平衡。
2025-12-10 02:21:57,200 DEBUG __main__ analysis: {'metrics': {'politeness': 0.18, 'professionalism': 0.28, 'relevance': 0.3, 'clarity': 0.5, 'rule_compliance': 0.8, 'overall_score': 0.606, 'user_satisfaction': None}, 'suggestions': ['B字数过长: 回复建议控制在50-80字以内', '🟡 整体质量尚可，有改进空间', '建议：使用更多专业医疗术语，提升专业感'], 'timestamp': '2025-12-10T02:21:49.251473'}
2025-12-10 02:22:02,090 INFO __main__ Reflecting on QA - session=3e1b77bb-4474-4bd0-8226-7692abbc3807 q_index=0 question=sentence:嗯嗯，想了解贴面牙齿的情况。##context:[{'role': 'user', 'content': '贴面牙齿', 'time': '0
2025-12-10 02:22:11,593 DEBUG __main__ 思考过程: 🟡 整体质量尚可，有改进空间
建议：使用更多专业医疗术语，提升专业感
2025-12-10 02:22:11,596 INFO __main__ 反思分析: 模型的回答整体符合要求，但缺乏足够的专业性和策略性追问。未完全紧扣用户可能关心的‘贴面牙齿’具体问题，且没有深入挖掘用户的症状或需求。
2025-12-10 02:22:11,596 INFO __main__ 错误定位: 回答过于简略，未能有效引导用户提供更多信息；同时缺少对‘主要症状’或‘持续时间’等关键点的追问。
2025-12-10 02:22:11,596 INFO __main__ 根本原因分析: 模型可能因规则限制而避免使用更专业的表述，导致回答显得泛泛而谈；此外，追问设计不够精准，未能体现问诊逻辑。
2025-12-10 02:22:11,596 INFO __main__ 正确的处理方法: 应在保持友好语气的同时，加入更多细节化提问，例如‘您是想改善牙齿颜色还是形态？’或者‘您目前遇到的具体问题是什么？’以更好地收集信息。
2025-12-10 02:22:11,596 INFO __main__ 关键洞察: 在医疗咨询场景中，即使是初步问诊，也需要通过针对性问题逐步明确用户需求，而非仅提供宽泛解释。
2025-12-10 02:22:11,597 DEBUG __main__ analysis: {'metrics': {'politeness': 0.18, 'professionalism': 0.28, 'relevance': 0.3, 'clarity': 0.3, 'rule_compliance': 1.0, 'overall_score': 0.706, 'user_satisfaction': None}, 'suggestions': ['🟡 整体质量尚可，有改进空间', '建议：使用更多专业医疗术语，提升专业感'], 'timestamp': '2025-12-10T02:22:02.089955'}
2025-12-10 02:22:17,206 INFO __main__ Reflecting on QA - session=3e1b77bb-4474-4bd0-8226-7692abbc3807 q_index=2 question=sentence:none##context:[{'role': 'user', 'content': '贴面牙齿', 'time': '0'}, {'role
2025-12-10 02:22:25,962 DEBUG __main__ 思考过程: 🟡 整体质量尚可，有改进空间
建议：使用更多专业医疗术语，提升专业感
2025-12-10 02:22:25,965 INFO __main__ 反思分析: 模型的回答整体符合要求，但未完全紧扣用户问题进行追问，且缺乏更具体的引导性提问。
2025-12-10 02:22:25,965 INFO __main__ 错误定位: 回答中没有明确针对用户提到的“贴面牙齿”进一步细化问诊，问题设计较泛泛。
2025-12-10 02:22:25,966 INFO __main__ 根本原因分析: 可能是因为模型未能充分理解上下文需求，或生成策略偏向通用化而非针对性。
2025-12-10 02:22:25,966 INFO __main__ 正确的处理方法: 应根据用户提到的“贴面牙齿”，直接询问其主要想改善的具体问题，例如颜色、形状或损伤情况。
2025-12-10 02:22:25,966 INFO __main__ 关键洞察: 在医疗场景下，需结合用户输入精准设计问题，避免过于宽泛的表述以提升对话效率。
2025-12-10 02:22:25,966 DEBUG __main__ analysis: {'metrics': {'politeness': 0.1, 'professionalism': 0.28, 'relevance': 0.3, 'clarity': 0.5, 'rule_compliance': 1.0, 'overall_score': 0.718, 'user_satisfaction': None}, 'suggestions': ['🟡 整体质量尚可，有改进空间', '建议：使用更多专业医疗术语，提升专业感'], 'timestamp': '2025-12-10T02:22:17.206841'}
2025-12-10 03:19:55,575 INFO __main__ Reflecting on QA - session=e5972b02-3634-44ef-b653-b8a75f5f62b1 q_index=0 question=sentence:嗯嗯，想了解下怎么修复比较好。##context:[{'role': 'user', 'content': '缺多颗牙', 'time': '
2025-12-10 03:20:04,277 DEBUG __main__ 思考过程: 🟡 整体质量尚可，有改进空间
建议：使用更多专业医疗术语，提升专业感
2025-12-10 03:20:04,279 INFO __main__ 反思分析: 模型的回答整体符合要求，但未完全利用上下文信息进行精准追问，且专业感略显不足。
2025-12-10 03:20:04,280 INFO __main__ 错误定位: 未紧扣用户已提供的‘缺多颗牙’这一背景信息进行针对性提问，同时建议中提到使用更多专业术语可能违背规则。
2025-12-10 03:20:04,280 INFO __main__ 根本原因分析: 模型未能充分理解上下文及规则限制，导致回答虽自然但缺乏深度，且改进建议与规则冲突。
2025-12-10 03:20:04,280 INFO __main__ 正确的处理方法: 应在保持中性语气的前提下，围绕‘缺多颗牙’展开更具体的问诊，例如询问持续时间或相关不适感，避免提及敏感内容或专业术语。
2025-12-10 03:20:04,280 INFO __main__ 关键洞察: 在医疗对话场景中，精准的上下文理解和规则遵守比单纯提升专业感更重要。
2025-12-10 03:20:04,280 DEBUG __main__ analysis: {'metrics': {'politeness': 0.18, 'professionalism': 0.28, 'relevance': 0.3, 'clarity': 0.3, 'rule_compliance': 1.0, 'overall_score': 0.706, 'user_satisfaction': None}, 'suggestions': ['🟡 整体质量尚可，有改进空间', '建议：使用更多专业医疗术语，提升专业感'], 'timestamp': '2025-12-10T03:19:55.574523'}
2025-12-10 03:20:10,617 INFO __main__ Reflecting on QA - session=e5972b02-3634-44ef-b653-b8a75f5f62b1 q_index=2 question=sentence:大概半年多了。##context:[{'role': 'user', 'content': '缺多颗牙', 'time': '0'}, {'r
2025-12-10 03:20:18,658 DEBUG __main__ 思考过程: 🟡 整体质量尚可，有改进空间
建议：使用更多专业医疗术语，提升专业感
2025-12-10 03:20:18,660 INFO __main__ 反思分析: 模型的回答虽然符合友好和简洁的要求，但未完全紧扣用户的核心问题。用户提到缺牙时间，应回答更贴合用户语境并顺势追问其他关键信息如年龄或病史。
2025-12-10 03:20:18,660 INFO __main__ 错误定位: 未能有效利用上下文信息进行针对性问诊，且提问略显突兀，与用户当前关注点关联性不足。
2025-12-10 03:20:18,661 INFO __main__ 根本原因分析: 模型可能缺乏对口腔问诊流程的深入理解，导致对话设计不够自然，同时忽略了逐步引导用户的策略。
2025-12-10 03:20:18,661 INFO __main__ 正确的处理方法: 回答应先确认用户提供的信息，例如'您提到大概半年多了，这期间有没有其他不适？'，然后根据情况追问年龄或相关病史。
2025-12-10 03:20:18,661 INFO __main__ 关键洞察: 在医疗问诊场景中，充分利用上下文信息并以用户关注点为核心逐步展开对话，可以显著提升用户体验和信息收集效率。
2025-12-10 03:20:18,661 DEBUG __main__ analysis: {'metrics': {'politeness': 0.18, 'professionalism': 0.2, 'relevance': 0.3, 'clarity': 0.3, 'rule_compliance': 1.0, 'overall_score': 0.698, 'user_satisfaction': None}, 'suggestions': ['🟡 整体质量尚可，有改进空间', '建议：使用更多专业医疗术语，提升专业感'], 'timestamp': '2025-12-10T03:20:10.617735'}
2025-12-10 03:20:26,169 INFO __main__ Reflecting on QA - session=e5972b02-3634-44ef-b653-b8a75f5f62b1 q_index=4 question=sentence:咀嚼不方便，没注意邻牙。##context:[{'role': 'user', 'content': '缺多颗牙', 'time': '0'}
2025-12-10 03:20:35,268 DEBUG __main__ 思考过程: 🟡 整体质量尚可，有改进空间
建议：使用更多专业医疗术语，提升专业感
2025-12-10 03:20:35,268 INFO __main__ 反思分析: 模型生成的回复整体符合要求，但缺乏价值强化话术，未能充分强调专业医生的价值和后续服务。
2025-12-10 03:20:35,270 INFO __main__ 错误定位: 未使用价值强化话术来增强用户留联意愿，且语气略显平淡，专业感不足。
2025-12-10 03:20:35,270 INFO __main__ 根本原因分析: 可能是因为生成策略过于简化，忽略了通过强化专业性和服务价值来提升用户信任感。
2025-12-10 03:20:35,270 INFO __main__ 正确的处理方法: 在询问联系方式时结合价值强化话术，例如说明专业医生会提供个性化方案，并温和引导留联。
2025-12-10 03:20:35,270 INFO __main__ 关键洞察: 结合价值强化话术可以显著提高用户留下联系方式的可能性。
2025-12-10 03:20:35,271 DEBUG __main__ analysis: {'metrics': {'politeness': 0.18, 'professionalism': 0.2, 'relevance': 0.3, 'clarity': 0.5, 'rule_compliance': 1.0, 'overall_score': 0.718, 'user_satisfaction': None}, 'suggestions': ['🟡 整体质量尚可，有改进空间', '建议：使用更多专业医疗术语，提升专业感'], 'timestamp': '2025-12-10T03:20:26.169046'}
2025-12-10 03:20:41,920 INFO __main__ Reflecting on QA - session=e5972b02-3634-44ef-b653-b8a75f5f62b1 q_index=6 question=sentence:我的电话是18325468564##context:[{'role': 'user', 'content': '缺多颗牙', 'time': 
2025-12-10 03:20:53,118 DEBUG __main__ 思考过程: 🟡 整体质量尚可，有改进空间
建议：使用更多专业医疗术语，提升专业感
2025-12-10 03:20:53,120 INFO __main__ 反思分析: 模型的回答整体符合要求，但缺乏进一步的问诊引导，未能紧扣用户情况追问更多细节，同时缺少专业医疗术语提升权威性。
2025-12-10 03:20:53,120 INFO __main__ 错误定位: 未根据上下文进行策略性提问，直接结束对话流程；语言过于简单，缺乏专业感。
2025-12-10 03:20:53,121 INFO __main__ 根本原因分析: 模型可能误解了任务目标，倾向于快速结束对话而非逐步收集信息；对医疗场景的专业表达训练不足。
2025-12-10 03:20:53,121 INFO __main__ 正确的处理方法: 在确认联系方式后，应继续追问一个关键问题，例如用户的年龄范围或是否有其他相关病史，以完善信息收集。同时适当使用中性且专业的表述增强可信度。
2025-12-10 03:20:53,121 INFO __main__ 关键洞察: 医疗对话需平衡专业性和亲和力，确保每次回答后通过追问获取更多信息，避免过早结束对话。
2025-12-10 03:20:53,121 DEBUG __main__ analysis: {'metrics': {'politeness': 0.26, 'professionalism': 0.2, 'relevance': 0.3, 'clarity': 0.3, 'rule_compliance': 1.0, 'overall_score': 0.706, 'user_satisfaction': None}, 'suggestions': ['🟡 整体质量尚可，有改进空间', '建议：使用更多专业医疗术语，提升专业感'], 'timestamp': '2025-12-10T03:20:41.920680'}
2025-12-10 03:21:02,212 INFO __main__ Reflecting on QA - session=e5972b02-3634-44ef-b653-b8a75f5f62b1 q_index=8 question=sentence:【对话ID：1765354363502】##context:[{'role': 'user', 'content': '缺多颗牙', 'tim
2025-12-10 03:21:11,457 DEBUG __main__ 思考过程: 🟡 整体质量尚可，有改进空间
建议：使用更多专业医疗术语，提升专业感
2025-12-10 03:21:11,459 INFO __main__ 反思分析: 模型的回答过于简短，缺乏进一步的问诊策略，未能紧扣用户情况追问关键信息如年龄范围或病史，错失了深化对话的机会。
2025-12-10 03:21:11,459 INFO __main__ 错误定位: 未按照系统要求进行策略性提问，缺少对用户口腔状况的深入挖掘，且回答显得机械化。
2025-12-10 03:21:11,459 INFO __main__ 根本原因分析: 模型可能因追求简洁而忽略了引导式问诊的重要性，同时未能充分利用上下文信息来设计自然流畅的问题。
2025-12-10 03:21:11,459 INFO __main__ 正确的处理方法: 在确认记录联系方式后，应继续追问用户的年龄范围或是否有其他相关病史，以完善信息收集并体现专业性。
2025-12-10 03:21:11,459 INFO __main__ 关键洞察: 即使是确认信息的环节，也需结合问诊目标提出后续问题，确保对话连贯且信息完整。
2025-12-10 03:21:11,459 DEBUG __main__ analysis: {'metrics': {'politeness': 0.18, 'professionalism': 0.2, 'relevance': 0.3, 'clarity': 0.3, 'rule_compliance': 1.0, 'overall_score': 0.698, 'user_satisfaction': None}, 'suggestions': ['🟡 整体质量尚可，有改进空间', '建议：使用更多专业医疗术语，提升专业感'], 'timestamp': '2025-12-10T03:21:02.212891'}
2025-12-10 03:21:16,748 INFO __main__ Reflecting on QA - session=1ea54841-aea3-49fc-b3be-099130bfd20d q_index=0 question=sentence:嗯嗯，晚上特别疼##context:[{'role': 'user', 'content': '牙神经夜间疼痛怎么办', 'time': '0
2025-12-10 03:21:27,943 DEBUG __main__ 思考过程: 🟡 整体质量尚可，有改进空间
建议：使用更多专业医疗术语，提升专业感
2025-12-10 03:21:27,945 INFO __main__ 反思分析: 模型的回答整体符合要求，但未完全按照系统提示的规则执行。虽然语气温和且简洁，但缺乏对用户主要症状的进一步追问，同时建议中提到使用更多专业术语与规则冲突。
2025-12-10 03:21:27,945 INFO __main__ 错误定位: 模型未紧扣用户问题进行策略性提问，且回答中缺少针对夜间疼痛的具体引导；建议部分与规则矛盾。
2025-12-10 03:21:27,945 INFO __main__ 根本原因分析: 模型可能未能充分理解系统提示中的限制条件，尤其是避免使用专业术语的要求，同时对话流程设计不够精细。
2025-12-10 03:21:27,945 INFO __main__ 正确的处理方法: 回答应聚焦于用户主诉，例如：‘夜间疼痛确实比较常见，您能告诉我具体疼了多久了吗？’确保一次只问一个问题，并严格遵守规则。
2025-12-10 03:21:27,945 INFO __main__ 关键洞察: 在医疗场景中，需平衡专业性和用户友好度，同时严格遵循预设规则以避免误导或违规。
2025-12-10 03:21:27,946 DEBUG __main__ analysis: {'metrics': {'politeness': 0.18, 'professionalism': 0.2, 'relevance': 0.3, 'clarity': 0.5, 'rule_compliance': 1.0, 'overall_score': 0.718, 'user_satisfaction': None}, 'suggestions': ['🟡 整体质量尚可，有改进空间', '建议：使用更多专业医疗术语，提升专业感'], 'timestamp': '2025-12-10T03:21:16.748744'}
2025-12-10 03:21:33,511 INFO __main__ Reflecting on QA - session=1ea54841-aea3-49fc-b3be-099130bfd20d q_index=2 question=sentence:大概三天前开始的##context:[{'role': 'user', 'content': '牙神经夜间疼痛怎么办', 'time': '0
2025-12-10 03:21:42,672 DEBUG __main__ 思考过程: 🟡 整体质量尚可，有改进空间
建议：使用更多专业医疗术语，提升专业感
2025-12-10 03:21:42,673 INFO __main__ 反思分析: 模型的回答整体符合要求，但未完全遵守规则，例如未紧扣用户提供的‘大概三天前开始’的信息进行追问，且提问略显机械化。
2025-12-10 03:21:42,673 INFO __main__ 错误定位: 未能充分利用上下文信息，问题设计不够自然，缺乏对用户已有回答的进一步挖掘。
2025-12-10 03:21:42,673 INFO __main__ 根本原因分析: 可能由于生成策略过于模板化，未能动态调整问诊逻辑以匹配用户的实际输入。
2025-12-10 03:21:42,673 INFO __main__ 正确的处理方法: 根据用户提到的时间点，可以追问疼痛的具体表现或频率，如‘这三天里，疼痛是持续还是间歇性的？’
2025-12-10 03:21:42,673 INFO __main__ 关键洞察: 在医疗对话中，充分利用上下文信息能够显著提升用户体验和诊断效率。
2025-12-10 03:21:42,673 DEBUG __main__ analysis: {'metrics': {'politeness': 0.1, 'professionalism': 0.28, 'relevance': 0.3, 'clarity': 0.5, 'rule_compliance': 1.0, 'overall_score': 0.718, 'user_satisfaction': None}, 'suggestions': ['🟡 整体质量尚可，有改进空间', '建议：使用更多专业医疗术语，提升专业感'], 'timestamp': '2025-12-10T03:21:33.511578'}
2025-12-10 03:21:48,938 INFO __main__ Reflecting on QA - session=1ea54841-aea3-49fc-b3be-099130bfd20d q_index=4 question=sentence:没有松动，冷热也还好##context:[{'role': 'user', 'content': '牙神经夜间疼痛怎么办', 'time': 
2025-12-10 03:22:01,128 DEBUG __main__ 思考过程: 🟡 整体质量尚可，有改进空间
建议：使用更多专业医疗术语，提升专业感
2025-12-10 03:22:01,129 INFO __main__ 反思分析: 模型的回答整体符合要求，但缺乏多样性，且未完全体现价值强化话术。
2025-12-10 03:22:01,129 INFO __main__ 错误定位: 回答中缺少对用户问题的进一步回应，同时联系方式请求话术较为单一，未能有效结合价值强化话术提升用户的留联意愿。
2025-12-10 03:22:01,129 INFO __main__ 根本原因分析: 可能由于模板化生成导致话术重复性较高，且未充分参考多样化的引导策略。
2025-12-10 03:22:01,129 INFO __main__ 正确的处理方法: 结合用户描述的问题，先简要回应，再通过价值强化话术（如安排专业医生、个性化方案等）引导留联，确保话术多样化。
2025-12-10 03:22:01,130 INFO __main__ 关键洞察: 在引导用户提供联系方式时，应注重将用户需求与服务价值紧密结合，增强留联动机。
2025-12-10 03:22:01,130 DEBUG __main__ analysis: {'metrics': {'politeness': 0.18, 'professionalism': 0.2, 'relevance': 0.3, 'clarity': 0.5, 'rule_compliance': 1.0, 'overall_score': 0.718, 'user_satisfaction': None}, 'suggestions': ['🟡 整体质量尚可，有改进空间', '建议：使用更多专业医疗术语，提升专业感'], 'timestamp': '2025-12-10T03:21:48.938931'}
2025-12-10 03:22:09,678 INFO __main__ Reflecting on QA - session=1ea54841-aea3-49fc-b3be-099130bfd20d q_index=6 question=sentence:我不想发##context:[{'role': 'user', 'content': '牙神经夜间疼痛怎么办', 'time': '0'}, 
2025-12-10 03:22:21,383 DEBUG __main__ 思考过程: 🟡 整体质量尚可，有改进空间
建议：使用更多专业医疗术语，提升专业感
2025-12-10 03:22:21,384 INFO __main__ 反思分析: 模型的回答整体符合要求，但未完全遵守规则1和规则4。回答虽然简洁且友好，但缺乏更具体的医疗引导性问题，显得过于泛泛。此外，直接询问年龄范围虽无明显错误，但在此上下文中略显突兀。
2025-12-10 03:22:21,384 INFO __main__ 错误定位: 未能紧扣用户当前提供的信息进行追问，跳跃至年龄范围的问题显得不够自然；同时缺乏对症状的进一步挖掘，错失了深入问诊的机会。
2025-12-10 03:22:21,384 INFO __main__ 根本原因分析: 模型可能因策略设计不足，导致在对话流程中优先考虑预设问题，而非根据上下文动态调整问诊逻辑。这反映了对规则4（自然对话流程）和规则2（不过于急切）的理解偏差。
2025-12-10 03:22:21,384 INFO __main__ 正确的处理方法: 应基于用户已提供的信息，继续围绕症状特点提问，例如‘疼痛是否会在特定时间段加重？’，以保持对话连贯性和专业感，避免过早引入与当前讨论无关的问题。
2025-12-10 03:22:21,385 INFO __main__ 关键洞察: 问诊需始终围绕用户的核心问题展开，逐步深入挖掘相关信息，确保对话流畅且具有针对性，避免机械式切换话题。
2025-12-10 03:22:21,385 DEBUG __main__ analysis: {'metrics': {'politeness': 0.18, 'professionalism': 0.2, 'relevance': 0.3, 'clarity': 0.3, 'rule_compliance': 1.0, 'overall_score': 0.698, 'user_satisfaction': None}, 'suggestions': ['🟡 整体质量尚可，有改进空间', '建议：使用更多专业医疗术语，提升专业感'], 'timestamp': '2025-12-10T03:22:09.677999'}
2025-12-10 03:22:26,883 INFO __main__ Reflecting on QA - session=1ea54841-aea3-49fc-b3be-099130bfd20d q_index=8 question=sentence:【对话ID：1765354510852】##context:[{'role': 'user', 'content': '牙神经夜间疼痛怎么办'
2025-12-10 03:22:41,051 DEBUG __main__ 思考过程: 🟡 整体质量尚可，有改进空间
建议：使用更多专业医疗术语，提升专业感
2025-12-10 03:22:41,053 INFO __main__ 反思分析: 模型的回答整体符合对话流程，但未完全遵循规则，例如使用了‘蛀牙’这一医学术语，违反了规则10。此外，问题设计虽紧扣用户情况，但略显机械，未能充分展现自然交流。
2025-12-10 03:22:41,053 INFO __main__ 错误定位: 使用了禁止的医学术语‘蛀牙’，且提问方式稍显生硬，缺乏更友好的语气调整。
2025-12-10 03:22:41,054 INFO __main__ 根本原因分析: 可能由于对规则理解不够深入，或生成时未能充分过滤敏感词汇；同时，对话策略偏向任务导向，忽视了语境柔和性。
2025-12-10 03:22:41,054 INFO __main__ 正确的处理方法: 避免使用任何医学术语，改为‘之前这颗牙齿有没有坏过或者修过呢？’，并确保语气更加贴近日常对话。
2025-12-10 03:22:41,054 INFO __main__ 关键洞察: 严格遵守规则是关键，特别是在医疗场景中，需平衡专业性和用户舒适度，避免术语引发不必要的担忧。
2025-12-10 03:22:41,054 DEBUG __main__ analysis: {'metrics': {'politeness': 0.18, 'professionalism': 0.28, 'relevance': 0.3, 'clarity': 0.3, 'rule_compliance': 1.0, 'overall_score': 0.706, 'user_satisfaction': None}, 'suggestions': ['🟡 整体质量尚可，有改进空间', '建议：使用更多专业医疗术语，提升专业感'], 'timestamp': '2025-12-10T03:22:26.883230'}
2025-12-10 03:22:48,610 INFO __main__ Reflecting on QA - session=ae791a14-47bf-44ee-8a87-232122dda373 q_index=0 question=sentence:嗯嗯，裂开的牙疼得很。##context:[{'role': 'user', 'content': '牙齿裂开了怎么办', 'time': '
2025-12-10 03:22:57,606 DEBUG __main__ 思考过程: 🟡 整体质量尚可，有改进空间
建议：使用更多专业医疗术语，提升专业感
2025-12-10 03:22:57,607 INFO __main__ 反思分析: 模型的回答整体符合要求，但缺乏足够的专业感，且未完全紧扣用户问题进行追问。
2025-12-10 03:22:57,607 INFO __main__ 错误定位: 回答中未使用适当的医疗术语提升专业性，同时追问的问题略显笼统，未能精准引导用户提供关键信息。
2025-12-10 03:22:57,607 INFO __main__ 根本原因分析: 模型可能受限于避免复杂术语的规则，导致表达过于简化；此外，策略性提问的设计不够精细，影响了问诊效率。
2025-12-10 03:22:57,607 INFO __main__ 正确的处理方法: 在保持友好和简洁的同时，适当融入基础医疗术语，并设计更具体的追问，例如‘裂开的位置是否容易咬到’或‘是否有其他不适感觉’。
2025-12-10 03:22:57,608 INFO __main__ 关键洞察: 即使是简短回答，也可以通过精准措辞和针对性提问显著提升专业感与实用性。
2025-12-10 03:22:57,608 DEBUG __main__ analysis: {'metrics': {'politeness': 0.18, 'professionalism': 0.30000000000000004, 'relevance': 0.3, 'clarity': 0.5, 'rule_compliance': 1.0, 'overall_score': 0.728, 'user_satisfaction': None}, 'suggestions': ['🟡 整体质量尚可，有改进空间', '建议：使用更多专业医疗术语，提升专业感'], 'timestamp': '2025-12-10T03:22:48.610093'}
2025-12-10 03:23:09,085 INFO __main__ Reflecting on QA - session=ae791a14-47bf-44ee-8a87-232122dda373 q_index=2 question=sentence:<picture>app查看##context:[{'role': 'user', 'content': '牙齿裂开了怎么办', 'time'
2025-12-10 03:23:16,025 DEBUG __main__ 思考过程: 🟡 整体质量尚可，有改进空间
建议：使用更多专业医疗术语，提升专业感
2025-12-10 03:23:16,026 INFO __main__ 反思分析: 模型的回答整体符合要求，但存在轻微偏差。虽然语气温和且自然，但提到‘收到图片’与规则5冲突，不应主动提及照片相关内容。
2025-12-10 03:23:16,026 INFO __main__ 错误定位: 模型错误地提到了接收图片，违反了不主动要求用户提供照片的规则。
2025-12-10 03:23:16,026 INFO __main__ 根本原因分析: 可能是由于训练数据中包含类似场景，导致模型在生成回复时无意间引入了不符合规则的内容。
2025-12-10 03:23:16,027 INFO __main__ 正确的处理方法: 应回答：‘牙齿裂开的情况需要进一步了解。您方便告诉我您的年龄范围吗？’确保对话紧扣问诊目标，同时遵守所有规则。
2025-12-10 03:23:16,027 INFO __main__ 关键洞察: 严格遵循规则，避免引入任何可能触发限制条件的内容，保持简洁、专业和用户友好的语气。
2025-12-10 03:23:16,027 DEBUG __main__ analysis: {'metrics': {'politeness': 0.18, 'professionalism': 0.28, 'relevance': 0.3, 'clarity': 0.5, 'rule_compliance': 1.0, 'overall_score': 0.726, 'user_satisfaction': None}, 'suggestions': ['🟡 整体质量尚可，有改进空间', '建议：使用更多专业医疗术语，提升专业感'], 'timestamp': '2025-12-10T03:23:09.085001'}
2025-12-10 03:23:25,732 INFO __main__ Reflecting on QA - session=ae791a14-47bf-44ee-8a87-232122dda373 q_index=4 question=sentence:大概一个星期了。##context:[{'role': 'user', 'content': '牙齿裂开了怎么办', 'time': '0'}
2025-12-10 03:23:34,605 DEBUG __main__ 思考过程: 🟡 整体质量尚可，有改进空间
建议：使用更多专业医疗术语，提升专业感
2025-12-10 03:23:34,607 INFO __main__ 反思分析: 模型的回答整体符合要求，但缺乏多样性，话术重复性较高，未能充分使用价值强化话术。
2025-12-10 03:23:34,607 INFO __main__ 错误定位: 话术单一，未结合用户的具体情境提供更具吸引力的价值强化引导。
2025-12-10 03:23:34,607 INFO __main__ 根本原因分析: 模型可能受限于固定的模板化表达，未能灵活运用多种话术组合以提升吸引力和专业感。
2025-12-10 03:23:34,607 INFO __main__ 正确的处理方法: 结合用户描述的疼痛时长等信息，采用不同的价值强化话术，并更自然地嵌入联系方式请求。
2025-12-10 03:23:34,607 INFO __main__ 关键洞察: 多样化话术设计能够显著提升用户留联意愿，同时增强对话的专业性和亲和力。
2025-12-10 03:23:34,607 DEBUG __main__ analysis: {'metrics': {'politeness': 0.18, 'professionalism': 0.2, 'relevance': 0.3, 'clarity': 0.5, 'rule_compliance': 1.0, 'overall_score': 0.718, 'user_satisfaction': None}, 'suggestions': ['🟡 整体质量尚可，有改进空间', '建议：使用更多专业医疗术语，提升专业感'], 'timestamp': '2025-12-10T03:23:25.732122'}
2025-12-10 03:23:41,652 INFO __main__ Reflecting on QA - session=ae791a14-47bf-44ee-8a87-232122dda373 q_index=6 question=sentence:<picture>app查看##context:[{'role': 'user', 'content': '牙齿裂开了怎么办', 'time'
2025-12-10 03:23:54,104 DEBUG __main__ 思考过程: 🟡 整体质量尚可，有改进空间
建议：使用更多专业医疗术语，提升专业感
2025-12-10 03:23:54,106 INFO __main__ 反思分析: 模型的回答整体符合对话流程，但存在轻微违背规则的情况。例如，虽然图片接收是用户主动提及，模型仍应避免直接确认收到图片，因为规则明确禁止主动要求发照片的相关互动。
2025-12-10 03:23:54,106 INFO __main__ 错误定位: 模型在回应中提到‘收到，图片已看到’，这与规则5（不要主动要求客户发照片）的精神略有冲突，尽管用户确实提到了图片。
2025-12-10 03:23:54,106 INFO __main__ 根本原因分析: 模型可能误解了规则5的边界，认为用户提及图片后可以自然回应，而未意识到应回避任何与图片相关的确认性语言。
2025-12-10 03:23:54,106 INFO __main__ 正确的处理方法: 应回避对图片的直接回应，转而聚焦于症状本身，例如：‘了解了，牙齿裂开可能会引发其他问题，您以前这颗牙有过不适吗？’
2025-12-10 03:23:54,107 INFO __main__ 关键洞察: 即使用户提及敏感内容（如图片），模型也应严格遵守规则，避免任何形式的确认或延续讨论。
2025-12-10 03:23:54,107 DEBUG __main__ analysis: {'metrics': {'politeness': 0.18, 'professionalism': 0.2, 'relevance': 0.3, 'clarity': 0.3, 'rule_compliance': 1.0, 'overall_score': 0.698, 'user_satisfaction': None}, 'suggestions': ['🟡 整体质量尚可，有改进空间', '建议：使用更多专业医疗术语，提升专业感'], 'timestamp': '2025-12-10T03:23:41.652039'}
2025-12-10 03:24:02,881 INFO __main__ Reflecting on QA - session=ae791a14-47bf-44ee-8a87-232122dda373 q_index=8 question=sentence:【对话ID：1765354644417】##context:[{'role': 'user', 'content': '牙齿裂开了怎么办', 
2025-12-10 03:24:14,709 DEBUG __main__ 思考过程: 🟡 整体质量尚可，有改进空间
建议：使用更多专业医疗术语，提升专业感
2025-12-10 03:24:14,712 INFO __main__ 反思分析: 模型整体对话流程自然，但存在专业性不足的问题。未充分使用医疗背景知识增强可信度，且回答略显简单。
2025-12-10 03:24:14,712 INFO __main__ 错误定位: 缺乏适当的医疗术语和深度分析，未能体现医生助理的专业性；同时对用户图片的回应过于简短，显得不够重视。
2025-12-10 03:24:14,712 INFO __main__ 根本原因分析: 模型可能受限于简洁回答的要求，导致信息量不足，同时也未充分利用上下文中的细节进行追问或补充说明。
2025-12-10 03:24:14,712 INFO __main__ 正确的处理方法: 在保持友好语气回答的同时，适当加入浅显易懂的医学常识，并通过更具体的提问引导用户提供更多信息，例如疼痛性质、触发因素等。
2025-12-10 03:24:14,712 INFO __main__ 关键洞察: 即使是中性语气的问诊，也需要平衡专业性和亲和力，以建立用户信任感并获取全面信息。
2025-12-10 03:24:14,713 DEBUG __main__ analysis: {'metrics': {'politeness': 0.18, 'professionalism': 0.2, 'relevance': 0.3, 'clarity': 0.3, 'rule_compliance': 1.0, 'overall_score': 0.698, 'user_satisfaction': None}, 'suggestions': ['🟡 整体质量尚可，有改进空间', '建议：使用更多专业医疗术语，提升专业感'], 'timestamp': '2025-12-10T03:24:02.881467'}
2025-12-10 03:31:29,976 INFO __main__ Reflecting on QA - session=723a8513-5268-44ec-830c-430171f627f0 q_index=0 question=sentence:【对话ID：1765354931976】##context:[{'role': 'user', 'content': '牙齿黄怎么变白', '
2025-12-10 03:31:39,296 DEBUG __main__ 思考过程: 🟡 整体质量尚可，有改进空间
建议：使用更多专业医疗术语，提升专业感
2025-12-10 03:31:39,298 INFO __main__ 反思分析: 模型的回答整体符合对话流程，但存在一些可优化点。例如，未完全紧扣用户的核心需求进行追问，且缺乏对用户情绪的进一步引导。
2025-12-10 03:31:39,300 INFO __main__ 错误定位: 模型在问诊过程中略显机械化，未能充分展现专业性和亲和力；同时，提问内容可以更贴近用户的实际需求。
2025-12-10 03:31:39,300 INFO __main__ 根本原因分析: 可能由于模板化生成导致语句偏中性，缺乏灵活性；此外，未充分利用上下文信息来调整提问策略。
2025-12-10 03:31:39,300 INFO __main__ 正确的处理方法: 应结合用户提供的背景信息，设计更具针对性的问题，并适当增加语气上的关怀感，避免过于生硬。
2025-12-10 03:31:39,300 INFO __main__ 关键洞察: 在医疗问诊类任务中，既要确保信息收集的全面性，也要注重语言表达的温度与专业性平衡。
2025-12-10 03:31:39,300 DEBUG __main__ analysis: {'metrics': {'politeness': 0.18, 'professionalism': 0.2, 'relevance': 0.3, 'clarity': 0.3, 'rule_compliance': 1.0, 'overall_score': 0.698, 'user_satisfaction': None}, 'suggestions': ['🟡 整体质量尚可，有改进空间', '建议：使用更多专业医疗术语，提升专业感'], 'timestamp': '2025-12-10T03:31:29.976200'}
2025-12-10 03:31:48,462 INFO __main__ Reflecting on QA - session=989c0adb-ca1c-4c28-ae8a-802089d49f09 q_index=0 question=sentence:是的，我想知道疼不疼##context:[{'role': 'user', 'content': '种植牙齿疼吗', 'time': '0'}
2025-12-10 03:32:00,465 DEBUG __main__ 思考过程: 🟡 整体质量尚可，有改进空间
建议：使用更多专业医疗术语，提升专业感
2025-12-10 03:32:00,467 INFO __main__ 反思分析: 模型的回答整体符合要求，但未完全遵守规则1和规则10。回答中使用了‘局部麻醉’这一术语，违反了避免医学术语的规定。此外，专业感虽重要，但应通过通俗语言实现，而非直接引入术语。
2025-12-10 03:32:00,468 INFO __main__ 错误定位: 模型在回答中使用了‘局部麻醉’这一医学术语，违反了规则10；同时，语气略显生硬，未能充分展现友好自然的对话风格。
2025-12-10 03:32:00,468 INFO __main__ 根本原因分析: 错误源于对规则理解不够深入，尤其是对医学术语限制的忽视，以及对语气温和度的把控不足。
2025-12-10 03:32:00,468 INFO __main__ 正确的处理方法: 应回答为‘种植时一般不会感到疼痛，因为会先做处理让您感觉不到不适。’接着问诊：‘您牙齿缺失多久了？’确保语言通俗且语气自然。
2025-12-10 03:32:00,468 INFO __main__ 关键洞察: 在医疗对话生成中，既要避免术语以降低用户焦虑，又要通过温和语气建立信任感，提升用户体验。
2025-12-10 03:32:00,468 DEBUG __main__ analysis: {'metrics': {'politeness': 0.18, 'professionalism': 0.30000000000000004, 'relevance': 0.3, 'clarity': 0.3, 'rule_compliance': 1.0, 'overall_score': 0.708, 'user_satisfaction': None}, 'suggestions': ['🟡 整体质量尚可，有改进空间', '建议：使用更多专业医疗术语，提升专业感'], 'timestamp': '2025-12-10T03:31:48.462626'}
2025-12-10 03:32:10,923 INFO __main__ Reflecting on QA - session=989c0adb-ca1c-4c28-ae8a-802089d49f09 q_index=2 question=sentence:缺了快一年了##context:[{'role': 'user', 'content': '种植牙齿疼吗', 'time': '0'}, {'
2025-12-10 03:32:21,957 DEBUG __main__ 思考过程: 🟡 整体质量尚可，有改进空间
建议：使用更多专业医疗术语，提升专业感
2025-12-10 03:32:21,960 INFO __main__ 反思分析: 模型的回答整体符合要求，但缺乏专业性和深度。未使用适当的医疗术语来提升可信度，同时问题设计略显简单，未能深入挖掘用户情况。
2025-12-10 03:32:21,960 INFO __main__ 错误定位: 回答中缺少对用户症状的进一步追问，且语言过于口语化，未能体现专业性。
2025-12-10 03:32:21,960 INFO __main__ 根本原因分析: 模型可能受限于规则中的‘避免医学术语’要求，导致回答显得平淡无奇；此外，策略性提问的设计能力不足，未能紧扣用户背景信息进行深挖。
2025-12-10 03:32:21,960 INFO __main__ 正确的处理方法: 在保持友好和简洁的同时，适当引入基础医疗描述，并通过更具体的问题引导用户提供详细信息，例如‘您当时是因为意外还是疾病导致牙齿缺失？’
2025-12-10 03:32:21,961 INFO __main__ 关键洞察: 即使是非专业术语的对话，也可以通过精准表达和策略性提问展现专业性，从而增强用户信任感。
2025-12-10 03:32:21,961 DEBUG __main__ analysis: {'metrics': {'politeness': 0.18, 'professionalism': 0.2, 'relevance': 0.3, 'clarity': 0.3, 'rule_compliance': 1.0, 'overall_score': 0.698, 'user_satisfaction': None}, 'suggestions': ['🟡 整体质量尚可，有改进空间', '建议：使用更多专业医疗术语，提升专业感'], 'timestamp': '2025-12-10T03:32:10.923689'}
2025-12-10 03:32:29,909 INFO __main__ Reflecting on QA - session=989c0adb-ca1c-4c28-ae8a-802089d49f09 q_index=4 question=sentence:因为蛀牙拔掉的##context:[{'role': 'user', 'content': '种植牙齿疼吗', 'time': '0'}, {
2025-12-10 03:32:39,491 DEBUG __main__ 思考过程: B字数过长: 回复建议控制在50-80字以内
🟡 整体质量尚可，有改进空间
建议：使用更多专业医疗术语，提升专业感
2025-12-10 03:32:39,492 INFO __main__ 反思分析: 模型生成的回复虽然符合部分规则，但字数超出限制，且未完全体现价值强化话术。
2025-12-10 03:32:39,494 INFO __main__ 错误定位: 回复字数过长，缺乏多样化的联系方式请求话术，专业感不足。
2025-12-10 03:32:39,495 INFO __main__ 根本原因分析: 未能严格遵守字数限制和多样化话术要求，可能影响用户体验和留联效果。
2025-12-10 03:32:39,495 INFO __main__ 正确的处理方法: 精简语言，控制在30字内，结合价值强化话术，使用更温和专业的表达方式。
2025-12-10 03:32:39,495 INFO __main__ 关键洞察: 每句话需精准控制长度并灵活运用不同话术以提升用户响应率。
2025-12-10 03:32:39,495 DEBUG __main__ analysis: {'metrics': {'politeness': 0.18, 'professionalism': 0.28, 'relevance': 0.3, 'clarity': 0.5, 'rule_compliance': 0.8, 'overall_score': 0.606, 'user_satisfaction': None}, 'suggestions': ['B字数过长: 回复建议控制在50-80字以内', '🟡 整体质量尚可，有改进空间', '建议：使用更多专业医疗术语，提升专业感'], 'timestamp': '2025-12-10T03:32:29.909572'}
2025-12-10 03:32:47,797 INFO __main__ Reflecting on QA - session=989c0adb-ca1c-4c28-ae8a-802089d49f09 q_index=6 question=sentence:就在这聊##context:[{'role': 'user', 'content': '种植牙齿疼吗', 'time': '0'}, {'ro
2025-12-10 03:32:57,742 DEBUG __main__ 思考过程: 🟡 整体质量尚可，有改进空间
建议：使用更多专业医疗术语，提升专业感
2025-12-10 03:32:57,745 INFO __main__ 反思分析: 模型的回答整体符合要求，但缺乏足够的专业性和引导性。未紧扣用户当前语境进行追问，且语气略显生硬。
2025-12-10 03:32:57,745 INFO __main__ 错误定位: 未能充分结合上下文信息进行自然过渡；提问显得突兀，与用户关注点（蛀牙及种植）偏离。
2025-12-10 03:32:57,746 INFO __main__ 根本原因分析: 模型可能因过于机械化地遵循问诊模板，忽略了对话的连贯性和用户情感需求。
2025-12-10 03:32:57,746 INFO __main__ 正确的处理方法: 在确认用户问题后，应围绕种植牙齿相关事项继续深入探讨，例如‘您对种植过程还有其他顾虑吗？’或‘平时是否有定期检查牙齿的习惯？’
2025-12-10 03:32:57,746 INFO __main__ 关键洞察: 在医疗场景中，既要保持专业性，也要注重沟通的亲和力和针对性，避免让用户感到被冷处理。
2025-12-10 03:32:57,746 DEBUG __main__ analysis: {'metrics': {'politeness': 0.18, 'professionalism': 0.2, 'relevance': 0.3, 'clarity': 0.3, 'rule_compliance': 1.0, 'overall_score': 0.698, 'user_satisfaction': None}, 'suggestions': ['🟡 整体质量尚可，有改进空间', '建议：使用更多专业医疗术语，提升专业感'], 'timestamp': '2025-12-10T03:32:47.797208'}
2025-12-10 03:33:08,292 INFO __main__ Reflecting on QA - session=989c0adb-ca1c-4c28-ae8a-802089d49f09 q_index=8 question=sentence:【对话ID：1765355066854】##context:[{'role': 'user', 'content': '种植牙齿疼吗', 't
2025-12-10 03:33:16,627 DEBUG __main__ 思考过程: 🟡 整体质量尚可，有改进空间
建议：使用更多专业医疗术语，提升专业感
2025-12-10 03:33:16,631 INFO __main__ 反思分析: 模型的回答整体符合要求，但未完全遵守规则中的'避免使用专业术语'这一条。此外，追问的问题虽然紧扣用户情况，但略显机械化。
2025-12-10 03:33:16,631 INFO __main__ 错误定位: 模型在追问时使用了'牙龈出血'和'牙齿松动'这类稍显专业的表述，可能让用户感到困惑或紧张。
2025-12-10 03:33:16,631 INFO __main__ 根本原因分析: 模型试图通过引入更多细节来提升专业感，但忽略了规则中对避免使用医学术语的要求，导致用户体验可能受到影响。
2025-12-10 03:33:16,631 INFO __main__ 正确的处理方法: 应使用更通俗的语言进行问诊，例如'您之前有没有遇到过牙龈容易出血或者牙齿感觉不稳的情况？'
2025-12-10 03:33:16,631 INFO __main__ 关键洞察: 在医疗对话中，语言的通俗性和亲和力比专业术语更能有效建立用户信任，同时需确保问题自然流畅。
2025-12-10 03:33:16,631 DEBUG __main__ analysis: {'metrics': {'politeness': 0.18, 'professionalism': 0.30000000000000004, 'relevance': 0.3, 'clarity': 0.3, 'rule_compliance': 1.0, 'overall_score': 0.708, 'user_satisfaction': None}, 'suggestions': ['🟡 整体质量尚可，有改进空间', '建议：使用更多专业医疗术语，提升专业感'], 'timestamp': '2025-12-10T03:33:08.292127'}
2025-12-10 03:33:23,060 INFO __main__ Reflecting on QA - session=1146f881-8620-4f7b-9604-b6f9f3a33b2b q_index=0 question=sentence:嗯嗯，大概多少钱呢？##context:[{'role': 'user', 'content': '儿童窝沟封闭一颗牙多少钱', 'time'
2025-12-10 03:33:32,051 DEBUG __main__ 思考过程: 🟡 整体质量尚可，有改进空间
建议：使用更多专业医疗术语，提升专业感
2025-12-10 03:33:32,054 INFO __main__ 反思分析: 模型的回答整体符合要求，但未完全遵守规则8，即明确说明平台不允许直接透露价格。此外，使用‘具体费用需要根据孩子的牙齿情况来评估’稍显笼统，可以更精准表达。
2025-12-10 03:33:32,054 INFO __main__ 错误定位: 未能充分解释为何无法提供价格，并且专业感略显不足。
2025-12-10 03:33:32,054 INFO __main__ 根本原因分析: 模型可能未完全理解规则8的重要性，同时在措辞上缺乏对医疗场景更高专业度的体现。
2025-12-10 03:33:32,054 INFO __main__ 正确的处理方法: 回答应明确提及‘平台规定无法直接提供具体价格，需根据方案评估’，并以更专业的语气进行后续问诊。
2025-12-10 03:33:32,055 INFO __main__ 关键洞察: 在涉及敏感信息（如价格）时，必须严格遵循规则说明原因，同时保持医疗对话的专业性和自然性。
2025-12-10 03:33:32,055 DEBUG __main__ analysis: {'metrics': {'politeness': 0.18, 'professionalism': 0.28, 'relevance': 0.3, 'clarity': 0.3, 'rule_compliance': 1.0, 'overall_score': 0.706, 'user_satisfaction': None}, 'suggestions': ['🟡 整体质量尚可，有改进空间', '建议：使用更多专业医疗术语，提升专业感'], 'timestamp': '2025-12-10T03:33:23.060437'}
2025-12-10 03:33:42,447 INFO __main__ Reflecting on QA - session=1146f881-8620-4f7b-9604-b6f9f3a33b2b q_index=2 question=sentence:孩子今年8岁了。##context:[{'role': 'user', 'content': '儿童窝沟封闭一颗牙多少钱', 'time': 
2025-12-10 03:33:52,550 DEBUG __main__ 思考过程: 🟡 整体质量尚可，有改进空间
建议：使用更多专业医疗术语，提升专业感
2025-12-10 03:33:52,553 INFO __main__ 反思分析: 模型的回答整体符合要求，但缺乏专业术语和进一步的细节追问，未能完全体现医疗问诊的专业性。
2025-12-10 03:33:52,553 INFO __main__ 错误定位: 未使用适当的医疗术语提升专业感，且提问略显简单，未能深入挖掘用户潜在需求。
2025-12-10 03:33:52,553 INFO __main__ 根本原因分析: 模型可能受限于对医疗场景深度理解不足，倾向于保守回答以避免错误，导致内容偏泛泛。
2025-12-10 03:33:52,554 INFO __main__ 正确的处理方法: 在保持友好语气回答的同时，适当引入基础医疗术语，并通过更具体的追问引导用户提供更多信息。
2025-12-10 03:33:52,554 INFO __main__ 关键洞察: 即使是简单的问诊对话，也可以通过精准用词和策略性提问显著提升专业性和用户体验。
2025-12-10 03:33:52,554 DEBUG __main__ analysis: {'metrics': {'politeness': 0.1, 'professionalism': 0.30000000000000004, 'relevance': 0.3, 'clarity': 0.3, 'rule_compliance': 1.0, 'overall_score': 0.7, 'user_satisfaction': None}, 'suggestions': ['🟡 整体质量尚可，有改进空间', '建议：使用更多专业医疗术语，提升专业感'], 'timestamp': '2025-12-10T03:33:42.447198'}
2025-12-10 03:34:07,599 INFO __main__ Reflecting on QA - session=1146f881-8620-4f7b-9604-b6f9f3a33b2b q_index=4 question=sentence:之前没做过检查。##context:[{'role': 'user', 'content': '儿童窝沟封闭一颗牙多少钱', 'time': 
2025-12-10 03:34:15,935 DEBUG __main__ 思考过程: 🟡 整体质量尚可，有改进空间
建议：使用更多专业医疗术语，提升专业感
2025-12-10 03:34:15,939 INFO __main__ 反思分析: 模型生成的内容整体符合要求，但缺乏多样性和更强的专业感。未完全利用价值强化话术提升用户留联意愿。
2025-12-10 03:34:15,939 INFO __main__ 错误定位: 话术较为单一，未能充分结合上下文强化专业形象和用户价值，可能降低留联成功率。
2025-12-10 03:34:15,939 INFO __main__ 根本原因分析: 模型在生成回复时过于依赖固定模板，未灵活运用不同话术组合，也未根据用户语境调整语气和内容。
2025-12-10 03:34:15,939 INFO __main__ 正确的处理方法: 采用更多样化的话术，例如结合用户孩子的年龄、需求等信息，强调个性化服务的价值，同时确保每句话都询问联系方式。
2025-12-10 03:34:15,939 INFO __main__ 关键洞察: 通过结合具体场景和用户信息，使用多样化价值强化话术，可以显著提高用户留联的可能性。
2025-12-10 03:34:15,939 DEBUG __main__ analysis: {'metrics': {'politeness': 0.18, 'professionalism': 0.2, 'relevance': 0.3, 'clarity': 0.5, 'rule_compliance': 1.0, 'overall_score': 0.718, 'user_satisfaction': None}, 'suggestions': ['🟡 整体质量尚可，有改进空间', '建议：使用更多专业医疗术语，提升专业感'], 'timestamp': '2025-12-10T03:34:07.599521'}
2025-12-10 03:34:24,375 INFO __main__ Reflecting on QA - session=1146f881-8620-4f7b-9604-b6f9f3a33b2b q_index=6 question=sentence:<picture>app查看##context:[{'role': 'user', 'content': '儿童窝沟封闭一颗牙多少钱', 't
2025-12-10 03:34:34,229 DEBUG __main__ 思考过程: 🟡 整体质量尚可，有改进空间
建议：使用更多专业医疗术语，提升专业感
2025-12-10 03:34:34,232 INFO __main__ 反思分析: 模型的回答整体符合要求，但缺乏专业术语的使用，且追问略显简单，未能充分引导用户提供更多细节。
2025-12-10 03:34:34,232 INFO __main__ 错误定位: 未使用适当的医疗术语提升专业感；问题设计较为普通，未能紧扣用户可能的核心需求。
2025-12-10 03:34:34,232 INFO __main__ 根本原因分析: 模型倾向于使用过于通俗的语言以确保易懂，但忽略了适度的专业性对医疗场景的重要性。同时，策略性提问的设计能力不足。
2025-12-10 03:34:34,232 INFO __main__ 正确的处理方法: 在保持友好和简洁的前提下，加入适量的专业表述，例如“咬合不适”代替“牙齿不舒服”。同时，优化追问逻辑，比如优先询问症状相关的问题而非跳跃式提问。
2025-12-10 03:34:34,232 INFO __main__ 关键洞察: 医疗对话中需平衡专业性和通俗性，通过精准措辞增强用户信任感，同时确保问诊流程连贯且高效。
2025-12-10 03:34:34,232 DEBUG __main__ analysis: {'metrics': {'politeness': 0.1, 'professionalism': 0.28, 'relevance': 0.3, 'clarity': 0.3, 'rule_compliance': 1.0, 'overall_score': 0.698, 'user_satisfaction': None}, 'suggestions': ['🟡 整体质量尚可，有改进空间', '建议：使用更多专业医疗术语，提升专业感'], 'timestamp': '2025-12-10T03:34:24.375631'}
2025-12-10 03:34:45,079 INFO __main__ Reflecting on QA - session=1146f881-8620-4f7b-9604-b6f9f3a33b2b q_index=8 question=sentence:【对话ID：1765355205150】##context:[{'role': 'user', 'content': '儿童窝沟封闭一颗牙多少
2025-12-10 03:34:53,309 DEBUG __main__ 思考过程: 🟡 整体质量尚可，有改进空间
建议：使用更多专业医疗术语，提升专业感
2025-12-10 03:34:53,312 INFO __main__ 反思分析: 模型的回答整体符合要求，但存在一些可优化点。例如，未充分强调平台不允许直接说明价格的规则，且部分表述略显机械化。
2025-12-10 03:34:53,312 INFO __main__ 错误定位: 在用户询问价格时，模型未明确提及平台政策限制，可能导致用户误解；追问问题时语气稍显生硬。
2025-12-10 03:34:53,312 INFO __main__ 根本原因分析: 模型未能完全内化系统提示中的规则8，导致对敏感话题处理不够谨慎；同时缺乏更自然的语言表达方式。
2025-12-10 03:34:53,312 INFO __main__ 正确的处理方法: 应在用户首次提及费用时即表明平台不允许直接说明价格，并以更柔和的方式进行后续问诊，如加入更多关怀性语言。
2025-12-10 03:34:53,312 INFO __main__ 关键洞察: 针对敏感信息（如价格），需第一时间引用规则回应，同时确保对话语气自然、贴近真实医疗场景。
2025-12-10 03:34:53,312 DEBUG __main__ analysis: {'metrics': {'politeness': 0.26, 'professionalism': 0.28, 'relevance': 0.3, 'clarity': 0.3, 'rule_compliance': 1.0, 'overall_score': 0.714, 'user_satisfaction': None}, 'suggestions': ['🟡 整体质量尚可，有改进空间', '建议：使用更多专业医疗术语，提升专业感'], 'timestamp': '2025-12-10T03:34:45.079216'}
2025-12-10 03:35:06,026 INFO __main__ Reflecting on QA - session=a7a7cb61-9e89-41af-8d82-ea48ae35d227 q_index=0 question=sentence:有点疼，影响吃东西了。##context:[{'role': 'user', 'content': '智齿有必要拔吗', 'time': '0
2025-12-10 03:35:15,126 DEBUG __main__ 思考过程: B字数过长: 回复建议控制在50-80字以内
🔴 整体质量需要显著改进
建议：使用更多专业医疗术语，提升专业感
2025-12-10 03:35:15,129 INFO __main__ 反思分析: 模型的回答超出了建议的字数限制，且未完全遵循中性语气回答的原则。同时，未紧扣用户问题进行自然追问。
2025-12-10 03:35:15,129 INFO __main__ 错误定位: 回复字数过长，包含可能引发用户担忧的内容，并缺乏对用户问题的精准聚焦。
2025-12-10 03:35:15,129 INFO __main__ 根本原因分析: 模型未能严格遵守字数和语气规则，可能因训练数据中的冗余表达导致输出偏移。
2025-12-10 03:35:15,130 INFO __main__ 正确的处理方法: 控制字数在35字以内，避免提及可能引发用户焦虑的内容，提问应更贴近用户原始问题。
2025-12-10 03:35:15,130 INFO __main__ 关键洞察: 严格遵守字数、语气及追问规则是确保对话专业性和用户体验的关键。
2025-12-10 03:35:15,130 DEBUG __main__ analysis: {'metrics': {'politeness': 0.18, 'professionalism': 0.2, 'relevance': 0.3, 'clarity': 0.5, 'rule_compliance': 0.8, 'overall_score': 0.598, 'user_satisfaction': None}, 'suggestions': ['B字数过长: 回复建议控制在50-80字以内', '🔴 整体质量需要显著改进', '建议：使用更多专业医疗术语，提升专业感'], 'timestamp': '2025-12-10T03:35:06.026790'}
2025-12-10 03:35:21,734 INFO __main__ Reflecting on QA - session=a7a7cb61-9e89-41af-8d82-ea48ae35d227 q_index=2 question=sentence:<picture>app查看##context:[{'role': 'user', 'content': '智齿有必要拔吗', 'time':
2025-12-10 03:35:29,220 DEBUG __main__ 思考过程: 🟡 整体质量尚可，有改进空间
建议：使用更多专业医疗术语，提升专业感
2025-12-10 03:35:29,223 INFO __main__ 反思分析: 模型的回答违反了规则5和规则10，主动要求用户发照片并使用了专业诊断词汇“智齿位置可能不太正”，这可能会让用户感到不安。
2025-12-10 03:35:29,223 INFO __main__ 错误定位: 模型不应要求用户提供图片，也不应使用可能引发用户担忧的专业术语。
2025-12-10 03:35:29,223 INFO __main__ 根本原因分析: 模型未能完全遵循系统提示中的限制条件，尤其是在避免专业术语和不请求额外信息方面。
2025-12-10 03:35:29,223 INFO __main__ 正确的处理方法: 回答应仅基于已有信息进行简单问诊，例如：“您能描述一下疼痛的感觉吗？是持续疼还是间歇疼？”
2025-12-10 03:35:29,223 INFO __main__ 关键洞察: 严格遵守对话策略和规则可以避免不必要的用户焦虑，并提升对话自然度。
2025-12-10 03:35:29,223 DEBUG __main__ analysis: {'metrics': {'politeness': 0.18, 'professionalism': 0.2, 'relevance': 0.3, 'clarity': 0.3, 'rule_compliance': 1.0, 'overall_score': 0.698, 'user_satisfaction': None}, 'suggestions': ['🟡 整体质量尚可，有改进空间', '建议：使用更多专业医疗术语，提升专业感'], 'timestamp': '2025-12-10T03:35:21.734614'}
2025-12-10 03:35:46,264 INFO __main__ Reflecting on QA - session=a7a7cb61-9e89-41af-8d82-ea48ae35d227 q_index=4 question=sentence:大概疼了一个星期左右了。##context:[{'role': 'user', 'content': '智齿有必要拔吗', 'time': '
2025-12-10 03:35:54,528 DEBUG __main__ 思考过程: B字数过长: 回复建议控制在50-80字以内
🔴 整体质量需要显著改进
建议：使用更多专业医疗术语，提升专业感
2025-12-10 03:35:54,528 INFO __main__ 反思分析: 模型生成的回复虽然符合部分规则，但字数略长且未完全体现话术多样性。此外，专业感不足，未能充分强化价值。
2025-12-10 03:35:54,531 INFO __main__ 错误定位: 回复中缺少多样的话术表达，且字数超出建议范围，影响了简洁性和专业性。
2025-12-10 03:35:54,531 INFO __main__ 根本原因分析: 模型可能过于依赖固定的句式结构，未能灵活运用不同话术模板，同时对字数控制不够精准。
2025-12-10 03:35:54,531 INFO __main__ 正确的处理方法: 严格遵守每句话询问联系方式的要求，使用更多样化的话术，并将字数控制在30字以内，例如：'一个礼拜的疼痛需要重视，您留下微信或手机号，我们安排医生联系您。'
2025-12-10 03:35:54,531 INFO __main__ 关键洞察: 多样化话术和精准字数控制是提升用户响应率的关键。
2025-12-10 03:35:54,532 DEBUG __main__ analysis: {'metrics': {'politeness': 0.18, 'professionalism': 0.2, 'relevance': 0.3, 'clarity': 0.5, 'rule_compliance': 0.8, 'overall_score': 0.598, 'user_satisfaction': None}, 'suggestions': ['B字数过长: 回复建议控制在50-80字以内', '🔴 整体质量需要显著改进', '建议：使用更多专业医疗术语，提升专业感'], 'timestamp': '2025-12-10T03:35:46.264333'}
2025-12-10 03:36:04,594 INFO __main__ Reflecting on QA - session=a7a7cb61-9e89-41af-8d82-ea48ae35d227 q_index=6 question=sentence:<picture>app查看##context:[{'role': 'user', 'content': '智齿有必要拔吗', 'time':
2025-12-10 03:36:14,467 DEBUG __main__ 思考过程: 🟡 整体质量尚可，有改进空间
建议：使用更多专业医疗术语，提升专业感
2025-12-10 03:36:14,470 INFO __main__ 反思分析: 模型的回答整体符合要求，但存在改进空间。未使用更多专业术语来提升医疗场景的专业感，同时提问略显生硬。
2025-12-10 03:36:14,470 INFO __main__ 错误定位: 回答中缺乏适当的医疗专业术语，且提问方式稍显直接，可能影响用户体验。
2025-12-10 03:36:14,471 INFO __main__ 根本原因分析: 模型未能充分理解需要在简洁友好的基础上增加专业性的需求，同时对话流程优化不足。
2025-12-10 03:36:14,471 INFO __main__ 正确的处理方法: 在保持友好语气回答的同时，适当引入基础专业术语，并以更自然的方式引导用户回答问题。
2025-12-10 03:36:14,471 INFO __main__ 关键洞察: 在医疗对话场景中，平衡专业性与亲和力至关重要，避免让用户感到疏离或不被理解。
2025-12-10 03:36:14,471 DEBUG __main__ analysis: {'metrics': {'politeness': 0.18, 'professionalism': 0.2, 'relevance': 0.3, 'clarity': 0.3, 'rule_compliance': 1.0, 'overall_score': 0.698, 'user_satisfaction': None}, 'suggestions': ['🟡 整体质量尚可，有改进空间', '建议：使用更多专业医疗术语，提升专业感'], 'timestamp': '2025-12-10T03:36:04.594744'}
2025-12-10 03:43:20,708 INFO __main__ Reflecting on QA - session=6ba865e4-5a4f-4c4d-a994-d64bf483f4a5 q_index=0 question=sentence:对，就是补完后更疼了。##context:[{'role': 'user', 'content': '牙齿痛洞，补上了牙疼得厉害是怎么回事',
2025-12-10 03:43:32,027 DEBUG __main__ 思考过程: B字数过长: 回复建议控制在50-80字以内
🟡 整体质量尚可，有改进空间
建议：使用更多专业医疗术语，提升专业感
2025-12-10 03:43:32,031 INFO __main__ 反思分析: 模型的回答虽然简洁，但缺乏对用户情绪的安抚，且未紧扣问诊目标。同时，使用了‘材料或操作’这类可能引发用户担忧的表述。
2025-12-10 03:43:32,031 INFO __main__ 错误定位: 未完全遵循规则6和规则11，回答中隐含可能导致用户不安的内容；问诊问题不够策略性，未能优先聚焦主要症状或持续时间。
2025-12-10 03:43:32,031 INFO __main__ 根本原因分析: 模型在生成回复时过于关注推测原因，而忽略了以用户为中心的问诊逻辑，导致信息收集效率低且专业感不足。
2025-12-10 03:43:32,031 INFO __main__ 正确的处理方法: 应先安抚用户并聚焦于核心症状，例如：‘补牙后疼痛可能需要一些时间缓解，您从什么时候开始感到特别疼？’
2025-12-10 03:43:32,031 INFO __main__ 关键洞察: 在医疗对话中，优先安抚用户情绪并逐步引导提供关键信息，避免过早引入可能引发担忧的因素。
2025-12-10 03:43:32,032 DEBUG __main__ analysis: {'metrics': {'politeness': 0.18, 'professionalism': 0.28, 'relevance': 0.3, 'clarity': 0.5, 'rule_compliance': 0.8, 'overall_score': 0.606, 'user_satisfaction': None}, 'suggestions': ['B字数过长: 回复建议控制在50-80字以内', '🟡 整体质量尚可，有改进空间', '建议：使用更多专业医疗术语，提升专业感'], 'timestamp': '2025-12-10T03:43:20.708129'}
2025-12-10 03:43:47,583 INFO __main__ Reflecting on QA - session=6ba865e4-5a4f-4c4d-a994-d64bf483f4a5 q_index=2 question=sentence:补完第二天就开始疼了。##context:[{'role': 'user', 'content': '牙齿痛洞，补上了牙疼得厉害是怎么回事',
2025-12-10 03:43:55,421 DEBUG __main__ 思考过程: 🟡 整体质量尚可，有改进空间
建议：使用更多专业医疗术语，提升专业感
2025-12-10 03:43:55,424 INFO __main__ 反思分析: 模型的回答整体符合要求，但缺乏专业术语的使用，且提问略显简单，未能深入挖掘用户症状的具体细节。
2025-12-10 03:43:55,424 INFO __main__ 错误定位: 未使用适当的医疗术语提升专业感，问题设计较为表面化，未能引导用户提供更多有价值的信息。
2025-12-10 03:43:55,424 INFO __main__ 根本原因分析: 可能是由于对医疗场景的专业表达训练不足，以及对话策略偏向保守，导致信息收集效率较低。
2025-12-10 03:43:55,424 INFO __main__ 正确的处理方法: 在保持友好语气的同时，适当引入专业术语，并通过更具体的问题（如疼痛性质、触发因素）获取详细病史。
2025-12-10 03:43:55,424 INFO __main__ 关键洞察: 即使是简短回答，也可以通过精准措辞和策略性提问显著提升诊断价值。
2025-12-10 03:43:55,424 DEBUG __main__ analysis: {'metrics': {'politeness': 0.1, 'professionalism': 0.2, 'relevance': 0.3, 'clarity': 0.5, 'rule_compliance': 1.0, 'overall_score': 0.71, 'user_satisfaction': None}, 'suggestions': ['🟡 整体质量尚可，有改进空间', '建议：使用更多专业医疗术语，提升专业感'], 'timestamp': '2025-12-10T03:43:47.583871'}
2025-12-10 03:44:05,755 INFO __main__ Reflecting on QA - session=6ba865e4-5a4f-4c4d-a994-d64bf483f4a5 q_index=4 question=sentence:一直疼，没停过。##context:[{'role': 'user', 'content': '牙齿痛洞，补上了牙疼得厉害是怎么回事', 't
2025-12-10 03:44:13,968 DEBUG __main__ 思考过程: 🟡 整体质量尚可，有改进空间
建议：使用更多专业医疗术语，提升专业感
2025-12-10 03:44:13,968 INFO __main__ 反思分析: 模型的回答符合基本要求，但缺乏多样性和专业感。未充分利用价值强化话术，且略显重复。
2025-12-10 03:44:13,971 INFO __main__ 错误定位: 话术单一，未能有效结合上下文提供多样化引导；专业性不足，缺少对用户情感的进一步安抚。
2025-12-10 03:44:13,971 INFO __main__ 根本原因分析: 可能由于训练数据中话术模板有限，导致生成内容趋同；同时对专业医疗场景的情感处理不够细腻。
2025-12-10 03:44:13,971 INFO __main__ 正确的处理方法: 结合价值强化话术，例如“基于您的情况，我们让专业医生为您制定方案，请留下联系方式。”并确保每次请求联系方式的方式不同。
2025-12-10 03:44:13,971 INFO __main__ 关键洞察: 在医疗咨询场景中，应通过多样化话术和适当的专业表达增强用户信任感，同时避免机械化回复。
2025-12-10 03:44:13,971 DEBUG __main__ analysis: {'metrics': {'politeness': 0.18, 'professionalism': 0.2, 'relevance': 0.3, 'clarity': 0.5, 'rule_compliance': 1.0, 'overall_score': 0.718, 'user_satisfaction': None}, 'suggestions': ['🟡 整体质量尚可，有改进空间', '建议：使用更多专业医疗术语，提升专业感'], 'timestamp': '2025-12-10T03:44:05.755052'}
2025-12-10 03:44:23,505 INFO __main__ Reflecting on QA - session=6ba865e4-5a4f-4c4d-a994-d64bf483f4a5 q_index=6 question=sentence:我不想发##context:[{'role': 'user', 'content': '牙齿痛洞，补上了牙疼得厉害是怎么回事', 'time'
2025-12-10 03:44:33,614 DEBUG __main__ 思考过程: 🟡 整体质量尚可，有改进空间
建议：使用更多专业医疗术语，提升专业感
2025-12-10 03:44:33,617 INFO __main__ 反思分析: 模型的回答整体符合要求，但未完全紧扣用户问题进行追问，且缺乏对症状的进一步分析。
2025-12-10 03:44:33,617 INFO __main__ 错误定位: 模型未针对用户描述的持续疼痛情况提出更具体的问诊问题，而是转向询问年龄范围，略显突兀。
2025-12-10 03:44:33,617 INFO __main__ 根本原因分析: 可能是因为模型在设计时过于依赖预设流程，未能灵活根据上下文调整提问策略。
2025-12-10 03:44:33,617 INFO __main__ 正确的处理方法: 应继续围绕疼痛特点（如是否伴随其他症状）进行追问，而非直接跳转到与当前问题关联较弱的信息收集。
2025-12-10 03:44:33,617 INFO __main__ 关键洞察: 对话中需保持逻辑连贯性，避免让用户感到信息收集与问题解决无关。
2025-12-10 03:44:33,617 DEBUG __main__ analysis: {'metrics': {'politeness': 0.18, 'professionalism': 0.2, 'relevance': 0.3, 'clarity': 0.3, 'rule_compliance': 1.0, 'overall_score': 0.698, 'user_satisfaction': None}, 'suggestions': ['🟡 整体质量尚可，有改进空间', '建议：使用更多专业医疗术语，提升专业感'], 'timestamp': '2025-12-10T03:44:23.505911'}
2025-12-10 03:44:40,965 INFO __main__ Reflecting on QA - session=6ba865e4-5a4f-4c4d-a994-d64bf483f4a5 q_index=8 question=sentence:【对话ID：1765355775722】##context:[{'role': 'user', 'content': '牙齿痛洞，补上了牙疼得
2025-12-10 03:44:52,570 DEBUG __main__ 思考过程: 🟡 整体质量尚可，有改进空间
建议：使用更多专业医疗术语，提升专业感
2025-12-10 03:44:52,570 INFO __main__ 反思分析: 模型的回答整体符合要求，但存在改进空间。未完全紧扣用户拒绝提供联系方式后的对话逻辑，且提问略显生硬。
2025-12-10 03:44:52,572 INFO __main__ 错误定位: 在用户明确表示不愿提供联系方式后，模型仍试图通过询问年龄范围来获取个人信息，可能让用户感到不适。
2025-12-10 03:44:52,572 INFO __main__ 根本原因分析: 模型未能充分理解用户拒绝的意图，继续追问个人信息，违反了规则2（不要过于急切或强求用户提供信息）。
2025-12-10 03:44:52,572 INFO __main__ 正确的处理方法: 在用户拒绝提供敏感信息时，应尊重用户选择，转而聚焦于症状本身进行进一步问诊，例如疼痛的具体位置或是否有其他伴随症状。
2025-12-10 03:44:52,573 INFO __main__ 关键洞察: 当用户拒绝提供某些信息时，应及时调整策略，避免让用户感到被强迫，同时保持对话流畅性和专业性。
2025-12-10 03:44:52,573 DEBUG __main__ analysis: {'metrics': {'politeness': 0.18, 'professionalism': 0.2, 'relevance': 0.3, 'clarity': 0.3, 'rule_compliance': 1.0, 'overall_score': 0.698, 'user_satisfaction': None}, 'suggestions': ['🟡 整体质量尚可，有改进空间', '建议：使用更多专业医疗术语，提升专业感'], 'timestamp': '2025-12-10T03:44:40.965491'}
2025-12-10 03:45:05,220 INFO __main__ Reflecting on QA - session=8492032e-ce28-4944-b120-90e162e9b97a q_index=0 question=sentence:大概要多少钱呢？##context:[{'role': 'user', 'content': '拔智齿多少钱一颗', 'time': '0'}
2025-12-10 03:45:15,214 DEBUG __main__ 思考过程: 🟡 整体质量尚可，有改进空间
建议：使用更多专业医疗术语，提升专业感
2025-12-10 03:45:15,217 INFO __main__ 反思分析: 模型的回答整体符合要求，但未完全遵守规则8，即避免直接提及费用评估的依据，容易让用户产生误解。此外，缺乏更专业的语气和表述方式。
2025-12-10 03:45:15,217 INFO __main__ 错误定位: 模型在回应价格问题时提到‘牙齿位置和复杂程度’，虽未直接报价，但可能间接引导用户对价格形成预期，违背了平台不允许说明价格的原则。
2025-12-10 03:45:15,217 INFO __main__ 根本原因分析: 模型未能充分理解规则8的深层含义，过于聚焦于解释费用变量，而忽略了模糊化处理的重要性。
2025-12-10 03:45:15,217 INFO __main__ 正确的处理方法: 应回答类似‘具体方案需进一步了解您的情况后评估，暂时无法提供明确费用。’同时自然衔接至问诊环节，例如‘您这颗智齿有没有不舒服的感觉？’
2025-12-10 03:45:15,217 INFO __main__ 关键洞察: 在敏感问题（如价格）上，应采用更模糊且友好的表达，避免任何可能引发用户误解的措辞。
2025-12-10 03:45:15,217 DEBUG __main__ analysis: {'metrics': {'politeness': 0.18, 'professionalism': 0.28, 'relevance': 0.3, 'clarity': 0.5, 'rule_compliance': 1.0, 'overall_score': 0.726, 'user_satisfaction': None}, 'suggestions': ['🟡 整体质量尚可，有改进空间', '建议：使用更多专业医疗术语，提升专业感'], 'timestamp': '2025-12-10T03:45:05.220224'}
2025-12-10 03:45:32,910 INFO __main__ Reflecting on QA - session=8492032e-ce28-4944-b120-90e162e9b97a q_index=2 question=sentence:<picture>app查看##context:[{'role': 'user', 'content': '拔智齿多少钱一颗', 'time'
2025-12-10 03:45:44,271 DEBUG __main__ 思考过程: 🟡 整体质量尚可，有改进空间
建议：使用更多专业医疗术语，提升专业感
2025-12-10 03:45:44,273 INFO __main__ 反思分析: 模型的回答整体符合要求，但存在关键问题：违反了规则5，主动要求客户提供图片。此外，未完全紧扣用户关于价格的提问进行自然引导，显得略微生硬。
2025-12-10 03:45:44,274 INFO __main__ 错误定位: 模型错误地提到了从图片分析情况，并询问牙龈肿痛，这超出了设定的规则范围。
2025-12-10 03:45:44,274 INFO __main__ 根本原因分析: 可能由于对系统提示理解不足，导致生成内容偏离了明确禁止的行为，例如提到图片和症状分析。
2025-12-10 03:45:44,274 INFO __main__ 正确的处理方法: 应回答用户关于费用的问题时说明需要具体评估，同时自然追问一个新信息点，如‘您这颗牙齿有没有不舒服的感觉？’
2025-12-10 03:45:44,274 INFO __main__ 关键洞察: 严格遵守禁止行为清单，避免引入上下文未涉及的内容（如图片），并确保对话流畅且紧扣主题。
2025-12-10 03:45:44,274 DEBUG __main__ analysis: {'metrics': {'politeness': 0.18, 'professionalism': 0.28, 'relevance': 0.3, 'clarity': 0.3, 'rule_compliance': 1.0, 'overall_score': 0.706, 'user_satisfaction': None}, 'suggestions': ['🟡 整体质量尚可，有改进空间', '建议：使用更多专业医疗术语，提升专业感'], 'timestamp': '2025-12-10T03:45:32.910622'}
2025-12-10 03:45:56,811 INFO __main__ Reflecting on QA - session=8492032e-ce28-4944-b120-90e162e9b97a q_index=4 question=sentence:最近一周都疼，牙龈也肿了。##context:[{'role': 'user', 'content': '拔智齿多少钱一颗', 'time':
2025-12-10 03:46:04,896 DEBUG __main__ 思考过程: B字数过长: 回复建议控制在50-80字以内
🔴 整体质量需要显著改进
建议：使用更多专业医疗术语，提升专业感
✅ 成功获取联系方式，给予评分加分
2025-12-10 03:46:04,899 INFO __main__ 反思分析: 模型回复虽获取了联系方式，但字数超出限制且未完全符合话术多样性要求。
2025-12-10 03:46:04,899 INFO __main__ 错误定位: 回复字数过长，未严格遵守简洁性规则；话术略显单一，缺乏变化。
2025-12-10 03:46:04,899 INFO __main__ 根本原因分析: 模型未能充分理解简洁性的重要性，同时对话术多样性的生成策略不足。
2025-12-10 03:46:04,899 INFO __main__ 正确的处理方法: 控制字数在30字以内，采用不同话术组合强化留联请求，如‘您留下微信，我们发具体分析’或‘提供手机号，安排医生解答’。
2025-12-10 03:46:04,899 INFO __main__ 关键洞察: 严格遵守字数和话术多样性要求可提升用户体验与任务完成度。
2025-12-10 03:46:04,899 DEBUG __main__ analysis: {'metrics': {'politeness': 0.18, 'professionalism': 0.2, 'relevance': 0.3, 'clarity': 0.5, 'rule_compliance': 0.8, 'overall_score': 0.648, 'user_satisfaction': None, 'contact_obtained': True}, 'suggestions': ['B字数过长: 回复建议控制在50-80字以内', '🔴 整体质量需要显著改进', '建议：使用更多专业医疗术语，提升专业感', '✅ 成功获取联系方式，给予评分加分'], 'timestamp': '2025-12-10T03:45:56.811692'}
2025-12-10 03:46:15,921 INFO __main__ Reflecting on QA - session=8492032e-ce28-4944-b120-90e162e9b97a q_index=6 question=sentence:我的电话是18325468564##context:[{'role': 'user', 'content': '拔智齿多少钱一颗', 'tim
2025-12-10 03:46:24,240 DEBUG __main__ 思考过程: 🟡 整体质量尚可，有改进空间
建议：使用更多专业医疗术语，提升专业感
2025-12-10 03:46:24,240 INFO __main__ 反思分析: 模型的回答整体符合要求，但缺乏对用户情绪的进一步安抚，且未完全紧扣专业性与自然对话的平衡。
2025-12-10 03:46:24,242 INFO __main__ 错误定位: 回答中没有充分体现出对用户疼痛和肿胀问题的关注，同时略显机械化。
2025-12-10 03:46:24,243 INFO __main__ 根本原因分析: 模型未能有效结合上下文语境优化语气，也未充分利用医疗场景中的共情技巧。
2025-12-10 03:46:24,243 INFO __main__ 正确的处理方法: 应在记录电话后，先简单回应用户的不适情况，再以温和方式询问年龄或其他必要信息。
2025-12-10 03:46:24,243 INFO __main__ 关键洞察: 在医疗问诊场景中，共情表达与信息收集应有机结合，避免让用户感到被机械对待。
2025-12-10 03:46:24,244 DEBUG __main__ analysis: {'metrics': {'politeness': 0.26, 'professionalism': 0.2, 'relevance': 0.3, 'clarity': 0.3, 'rule_compliance': 1.0, 'overall_score': 0.706, 'user_satisfaction': None}, 'suggestions': ['🟡 整体质量尚可，有改进空间', '建议：使用更多专业医疗术语，提升专业感'], 'timestamp': '2025-12-10T03:46:15.921690'}
2025-12-10 03:46:31,392 INFO __main__ Reflecting on QA - session=8492032e-ce28-4944-b120-90e162e9b97a q_index=8 question=sentence:我的电话是18325468564##context:[{'role': 'user', 'content': '拔智齿多少钱一颗', 'tim
2025-12-10 03:46:42,205 DEBUG __main__ 思考过程: 🟡 整体质量尚可，有改进空间
建议：使用更多专业医疗术语，提升专业感
2025-12-10 03:46:42,208 INFO __main__ 反思分析: 模型的回答整体符合要求，但缺乏足够的专业性和引导性。未紧扣用户提供的电话信息进行确认，也未体现进一步的医疗问诊策略。
2025-12-10 03:46:42,208 INFO __main__ 错误定位: 模型未充分利用已知信息（如电话号码）进行确认，且提问过于简单，未能展现专业性或深入挖掘用户症状。
2025-12-10 03:46:42,208 INFO __main__ 根本原因分析: 模型可能因训练数据限制，倾向于生成简短、通用的回复，而忽略了医疗场景中需要更精准和策略性的对话设计。
2025-12-10 03:46:42,208 INFO __main__ 正确的处理方法: 在记录电话后，应先确认信息准确性，并根据上下文提出更具针对性的问题，例如：‘您的疼痛是否影响到正常饮食？’
2025-12-10 03:46:42,209 INFO __main__ 关键洞察: 医疗对话需结合用户提供的具体信息，逐步深入问诊，避免机械式问答，提升专业感和用户体验。
2025-12-10 03:46:42,209 DEBUG __main__ analysis: {'metrics': {'politeness': 0.26, 'professionalism': 0.2, 'relevance': 0.3, 'clarity': 0.3, 'rule_compliance': 1.0, 'overall_score': 0.706, 'user_satisfaction': None}, 'suggestions': ['🟡 整体质量尚可，有改进空间', '建议：使用更多专业医疗术语，提升专业感'], 'timestamp': '2025-12-10T03:46:31.392451'}
2025-12-10 03:46:52,131 INFO __main__ Reflecting on QA - session=8492032e-ce28-4944-b120-90e162e9b97a q_index=10 question=sentence:【对话ID：1765355913876】##context:[{'role': 'user', 'content': '拔智齿多少钱一颗', 
2025-12-10 03:47:00,469 DEBUG __main__ 思考过程: 🟡 整体质量尚可，有改进空间
建议：使用更多专业医疗术语，提升专业感
2025-12-10 03:47:00,471 INFO __main__ 反思分析: 模型在对话中未能完全遵守规则，例如未每句话都包含询问联系方式的内容，且部分回复显得过于直接而缺乏价值强化话术。
2025-12-10 03:47:00,472 INFO __main__ 错误定位: 未严格遵循'每句话必须询问联系方式'的规则；缺少多样化的价值强化话术；引导方式略显生硬。
2025-12-10 03:47:00,472 INFO __main__ 根本原因分析: 可能由于生成策略偏向简洁回答，忽略了多样化和强化用户留联动机的需求；同时对规则理解不够深入。
2025-12-10 03:47:00,472 INFO __main__ 正确的处理方法: 确保每次回复均结合价值强化话术与联系方式请求；使用不同表达方式增加自然度和专业感，如'为了给您安排个性化方案，请留下微信'。
2025-12-10 03:47:00,472 INFO __main__ 关键洞察: 通过嵌入价值强化话术提升用户体验，同时严格遵守规则以保证任务完成质量。
2025-12-10 03:47:00,473 DEBUG __main__ analysis: {'metrics': {'politeness': 0.18, 'professionalism': 0.2, 'relevance': 0.3, 'clarity': 0.3, 'rule_compliance': 1.0, 'overall_score': 0.698, 'user_satisfaction': None}, 'suggestions': ['🟡 整体质量尚可，有改进空间', '建议：使用更多专业医疗术语，提升专业感'], 'timestamp': '2025-12-10T03:46:52.131286'}
2025-12-10 03:47:08,742 INFO __main__ Reflecting on QA - session=12c5116e-9ddd-456b-b9ed-10097e8494ed q_index=0 question=sentence:想先了解下价格范围##context:[{'role': 'user', 'content': '全瓷牙一般多少钱一颗', 'time': '
2025-12-10 03:47:18,642 DEBUG __main__ 思考过程: B字数过长: 回复建议控制在50-80字以内
🟡 整体质量尚可，有改进空间
建议：使用更多专业医疗术语，提升专业感
2025-12-10 03:47:18,645 INFO __main__ 反思分析: 模型的回答虽然遵循了不直接透露价格的原则，但字数略长且未完全符合简洁性要求。同时，缺少进一步引导用户描述症状的自然过渡。
2025-12-10 03:47:18,645 INFO __main__ 错误定位: 回复超出了建议的字数范围，且未充分体现专业性和对话的流畅性。
2025-12-10 03:47:18,645 INFO __main__ 根本原因分析: 模型可能过于注重规则的全面表达，导致语言冗长，未能精准聚焦核心信息和用户需求。
2025-12-10 03:47:18,645 INFO __main__ 正确的处理方法: 应更简洁地说明无法直接报价的原因，并以友好的语气追问用户的主要症状或牙齿问题。
2025-12-10 03:47:18,645 INFO __main__ 关键洞察: 在医疗咨询场景中，简洁、专业且带有策略性提问的回答能更好地引导用户提供关键信息。
2025-12-10 03:47:18,645 DEBUG __main__ analysis: {'metrics': {'politeness': 0.18, 'professionalism': 0.28, 'relevance': 0.3, 'clarity': 0.5, 'rule_compliance': 0.8, 'overall_score': 0.606, 'user_satisfaction': None}, 'suggestions': ['B字数过长: 回复建议控制在50-80字以内', '🟡 整体质量尚可，有改进空间', '建议：使用更多专业医疗术语，提升专业感'], 'timestamp': '2025-12-10T03:47:08.742806'}
2025-12-10 03:47:24,006 INFO __main__ Reflecting on QA - session=12c5116e-9ddd-456b-b9ed-10097e8494ed q_index=2 question=sentence:她之前做过烤瓷牙，现在想换全瓷的。<picture>##context:[{'role': 'user', 'content': '全瓷牙一般
2025-12-10 03:47:34,277 DEBUG __main__ 思考过程: B字数过长: 回复建议控制在50-80字以内
🔴 整体质量需要显著改进
建议：使用更多专业医疗术语，提升专业感
2025-12-10 03:47:34,279 INFO __main__ 反思分析: 模型的回答超出了字数限制，且包含了未授权的图片相关假设。未能紧扣用户问题进行自然问诊，显得不够专业和简洁。
2025-12-10 03:47:34,280 INFO __main__ 错误定位: 1. 回复字数过长；2. 提及了图片评估，但上下文并未提供图片；3. 未按照系统规则逐步引导对话。
2025-12-10 03:47:34,280 INFO __main__ 根本原因分析: 模型未能严格遵守系统设定的规则，特别是在字数控制、避免假设性陈述以及逐步引导问诊方面存在不足。
2025-12-10 03:47:34,281 INFO __main__ 正确的处理方法: 回答应控制在35字以内，不提及图片或复杂术语，并聚焦于一个核心问题进行追问，例如：'您想更换的具体原因是什么呢？'
2025-12-10 03:47:34,281 INFO __main__ 关键洞察: 严格按照规则设计回复流程，确保内容简洁、自然，同时避免引入未经确认的假设信息。
2025-12-10 03:47:34,281 DEBUG __main__ analysis: {'metrics': {'politeness': 0.18, 'professionalism': 0.2, 'relevance': 0.3, 'clarity': 0.5, 'rule_compliance': 0.8, 'overall_score': 0.598, 'user_satisfaction': None}, 'suggestions': ['B字数过长: 回复建议控制在50-80字以内', '🔴 整体质量需要显著改进', '建议：使用更多专业医疗术语，提升专业感'], 'timestamp': '2025-12-10T03:47:24.006497'}
2025-12-10 03:47:44,923 INFO __main__ Reflecting on QA - session=12c5116e-9ddd-456b-b9ed-10097e8494ed q_index=4 question=sentence:主要是牙龈边缘发黑，吃东西会敏感。<picture>##context:[{'role': 'user', 'content': '全瓷牙一般
2025-12-10 03:47:54,585 DEBUG __main__ 思考过程: B字数过长: 回复建议控制在50-80字以内
🟡 整体质量尚可，有改进空间
建议：使用更多专业医疗术语，提升专业感
2025-12-10 03:47:54,586 INFO __main__ 反思分析: 回复中未严格遵守字数限制，且缺乏对用户问题的针对性解答，同时没有充分引导用户提供联系方式。
2025-12-10 03:47:54,586 INFO __main__ 错误定位: 回复字数超出建议范围，未完全符合简洁性要求；引导提供联系方式的方式略显生硬，缺乏多样性。
2025-12-10 03:47:54,586 INFO __main__ 根本原因分析: 模型生成内容时未能充分结合上下文优化语言表达，导致回复冗长且引导方式单一。
2025-12-10 03:47:54,586 INFO __main__ 正确的处理方法: 应更精准地回应用户问题，控制字数在规定范围内，并采用多样化的留联话术提升用户体验。
2025-12-10 03:47:54,586 INFO __main__ 关键洞察: 在引导用户提供联系方式时，需确保话术多样化、温和专业，同时严格遵守字数和简洁性要求。
2025-12-10 03:47:54,586 DEBUG __main__ analysis: {'metrics': {'politeness': 0.18, 'professionalism': 0.28, 'relevance': 0.3, 'clarity': 0.5, 'rule_compliance': 0.8, 'overall_score': 0.606, 'user_satisfaction': None}, 'suggestions': ['B字数过长: 回复建议控制在50-80字以内', '🟡 整体质量尚可，有改进空间', '建议：使用更多专业医疗术语，提升专业感'], 'timestamp': '2025-12-10T03:47:44.923104'}
2025-12-10 03:48:02,780 INFO __main__ Reflecting on QA - session=12c5116e-9ddd-456b-b9ed-10097e8494ed q_index=6 question=sentence:<picture>app查看##context:[{'role': 'user', 'content': '全瓷牙一般多少钱一颗', 'tim
2025-12-10 03:48:11,612 DEBUG __main__ 思考过程: 🟡 整体质量尚可，有改进空间
建议：使用更多专业医疗术语，提升专业感
2025-12-10 03:48:11,612 INFO __main__ 反思分析: 模型的回答整体符合要求，但未完全遵循规则8，即避免直接询问已提及的上下文信息。用户已明确提到牙龈边缘发黑和敏感的问题，模型再次提问显得多余。
2025-12-10 03:48:11,614 INFO __main__ 错误定位: 模型重复问诊用户已提供的信息（敏感症状），违反了规则9。
2025-12-10 03:48:11,614 INFO __main__ 根本原因分析: 可能是由于模型未能充分解析上下文或对已提供信息进行有效筛选，导致冗余提问。
2025-12-10 03:48:11,614 INFO __main__ 正确的处理方法: 应根据用户的最新描述，提出新的相关问题，例如年龄范围或既往病史，以推进诊断流程。
2025-12-10 03:48:11,614 INFO __main__ 关键洞察: 在对话中需动态跟踪用户输入，避免重复提问，确保每次回应都能引导用户提供新信息。
2025-12-10 03:48:11,614 DEBUG __main__ analysis: {'metrics': {'politeness': 0.26, 'professionalism': 0.2, 'relevance': 0.3, 'clarity': 0.3, 'rule_compliance': 1.0, 'overall_score': 0.706, 'user_satisfaction': None}, 'suggestions': ['🟡 整体质量尚可，有改进空间', '建议：使用更多专业医疗术语，提升专业感'], 'timestamp': '2025-12-10T03:48:02.780336'}
2025-12-10 03:55:21,167 INFO __main__ Reflecting on QA - session=6466460a-26b4-4ed2-a921-e457bfde8bbb q_index=0 question=sentence:对，缺了后牙区的<picture>##context:[{'role': 'user', 'content': '缺1~3颗牙', 'time
2025-12-10 03:55:30,937 DEBUG __main__ 思考过程: 🟡 整体质量尚可，有改进空间
建议：使用更多专业医疗术语，提升专业感
2025-12-10 03:55:30,939 INFO __main__ 反思分析: 模型的回答整体符合要求，但缺乏足够的专业感，且未完全紧扣用户初始问题进行追问。
2025-12-10 03:55:30,939 INFO __main__ 错误定位: 回答中未明确提及用户提到的‘缺1~3颗牙’这一具体信息，同时建议使用更多专业术语提升可信度。
2025-12-10 03:55:30,939 INFO __main__ 根本原因分析: 模型可能未能充分解析上下文信息，导致遗漏关键细节；此外，对专业术语的规避限制了表达的专业性。
2025-12-10 03:55:30,939 INFO __main__ 正确的处理方法: 应先确认用户提到的‘缺1~3颗牙’情况，并针对性提问，例如‘您缺牙的主要不适是什么？’，同时适当加入专业表述。
2025-12-10 03:55:30,939 INFO __main__ 关键洞察: 在医疗场景中，精准回应用户提供的信息并逐步引导是建立信任的关键。
2025-12-10 03:55:30,939 DEBUG __main__ analysis: {'metrics': {'politeness': 0.18, 'professionalism': 0.2, 'relevance': 0.3, 'clarity': 0.3, 'rule_compliance': 1.0, 'overall_score': 0.698, 'user_satisfaction': None}, 'suggestions': ['🟡 整体质量尚可，有改进空间', '建议：使用更多专业医疗术语，提升专业感'], 'timestamp': '2025-12-10T03:55:21.167746'}
2025-12-10 03:55:36,780 INFO __main__ Reflecting on QA - session=6466460a-26b4-4ed2-a921-e457bfde8bbb q_index=2 question=sentence:缺了大概半年左右了##context:[{'role': 'user', 'content': '缺1~3颗牙', 'time': '0'},
2025-12-10 03:55:45,348 DEBUG __main__ 思考过程: 🟡 整体质量尚可，有改进空间
建议：使用更多专业医疗术语，提升专业感
2025-12-10 03:55:45,349 INFO __main__ 反思分析: 模型的回答整体符合要求，但未完全紧扣用户的核心问题进行追问，且缺乏进一步引导用户提供更多关键信息。
2025-12-10 03:55:45,350 INFO __main__ 错误定位: 回答中没有明确提到用户的缺牙是否导致具体功能问题，同时提问略显宽泛，未能精准聚焦于症状或病史的深挖。
2025-12-10 03:55:45,350 INFO __main__ 根本原因分析: 模型可能未能充分理解上下文中的用户意图，导致提问设计不够策略性，也未严格遵循逐步收集信息的原则。
2025-12-10 03:55:45,350 INFO __main__ 正确的处理方法: 应在确认用户当前感受的基础上，继续追问更具体的细节，例如‘您平时吃东西时有没有觉得某侧咀嚼更费力？’以自然引导对话。
2025-12-10 03:55:45,350 INFO __main__ 关键洞察: 在医疗问诊场景下，每次提问应直接关联用户已提供的信息，并围绕核心目标逐步推进，避免泛泛而谈。
2025-12-10 03:55:45,350 DEBUG __main__ analysis: {'metrics': {'politeness': 0.1, 'professionalism': 0.2, 'relevance': 0.3, 'clarity': 0.5, 'rule_compliance': 1.0, 'overall_score': 0.71, 'user_satisfaction': None}, 'suggestions': ['🟡 整体质量尚可，有改进空间', '建议：使用更多专业医疗术语，提升专业感'], 'timestamp': '2025-12-10T03:55:36.780770'}
2025-12-10 03:55:52,093 INFO __main__ Reflecting on QA - session=6466460a-26b4-4ed2-a921-e457bfde8bbb q_index=4 question=sentence:是的，吃东西不太方便。##context:[{'role': 'user', 'content': '缺1~3颗牙', 'time': '0'
2025-12-10 03:56:03,402 DEBUG __main__ 思考过程: B字数过长: 回复建议控制在50-80字以内
🔴 整体质量需要显著改进
建议：使用更多专业医疗术语，提升专业感
2025-12-10 03:56:03,403 INFO __main__ 反思分析: 模型生成的回复虽然符合要求询问了联系方式，但字数略长且未完全体现话术多样性。
2025-12-10 03:56:03,403 INFO __main__ 错误定位: 回复中未能严格遵守‘价值强化话术’和‘联系方式请求话术’的多样性要求，同时字数超出建议范围。
2025-12-10 03:56:03,403 INFO __main__ 根本原因分析: 可能由于模板化生成导致话术单一，以及对字数控制不够严格。
2025-12-10 03:56:03,404 INFO __main__ 正确的处理方法: 应更灵活运用不同话术模板，确保每句话都独特且简短，例如：‘缺牙影响咀嚼，您留下微信，我们安排医生解答。’
2025-12-10 03:56:03,404 INFO __main__ 关键洞察: 多样化话术结合精准字数控制能显著提升用户体验与留联成功率。
2025-12-10 03:56:03,404 DEBUG __main__ analysis: {'metrics': {'politeness': 0.18, 'professionalism': 0.2, 'relevance': 0.3, 'clarity': 0.5, 'rule_compliance': 0.8, 'overall_score': 0.598, 'user_satisfaction': None}, 'suggestions': ['B字数过长: 回复建议控制在50-80字以内', '🔴 整体质量需要显著改进', '建议：使用更多专业医疗术语，提升专业感'], 'timestamp': '2025-12-10T03:55:52.093927'}
2025-12-10 03:56:12,681 INFO __main__ Reflecting on QA - session=6466460a-26b4-4ed2-a921-e457bfde8bbb q_index=6 question=sentence:我不想发##context:[{'role': 'user', 'content': '缺1~3颗牙', 'time': '0'}, {'ro
2025-12-10 03:56:23,218 DEBUG __main__ 思考过程: 🟡 整体质量尚可，有改进空间
建议：使用更多专业医疗术语，提升专业感
2025-12-10 03:56:23,219 INFO __main__ 反思分析: 模型的回答整体符合要求，但缺乏足够的专业性和引导性。未紧扣用户的核心问题进行追问，且语气略显生硬。
2025-12-10 03:56:23,219 INFO __main__ 错误定位: 模型在对话中没有充分体现出医疗领域的专业性，同时提问方式显得过于直接，未能自然延续上下文。
2025-12-10 03:56:23,219 INFO __main__ 根本原因分析: 可能是因为生成策略偏向通用对话模式，而忽略了医疗场景中的语境和用户心理需求，导致表达不够精准和友好。
2025-12-10 03:56:23,219 INFO __main__ 正确的处理方法: 应更注重使用贴近医疗咨询的措辞，保持中性且关怀的态度，并通过逐步引导的方式获取更多信息，避免让用户感到突兀。
2025-12-10 03:56:23,219 INFO __main__ 关键洞察: 在医疗问诊场景中，语气的专业性与亲和力需平衡，提问设计应以用户舒适度为核心，同时确保信息收集的完整性。
2025-12-10 03:56:23,220 DEBUG __main__ analysis: {'metrics': {'politeness': 0.18, 'professionalism': 0.2, 'relevance': 0.3, 'clarity': 0.3, 'rule_compliance': 1.0, 'overall_score': 0.698, 'user_satisfaction': None}, 'suggestions': ['🟡 整体质量尚可，有改进空间', '建议：使用更多专业医疗术语，提升专业感'], 'timestamp': '2025-12-10T03:56:12.681963'}
2025-12-10 03:56:31,179 INFO __main__ Reflecting on QA - session=6466460a-26b4-4ed2-a921-e457bfde8bbb q_index=8 question=sentence:【对话ID：1765356482272】##context:[{'role': 'user', 'content': '缺1~3颗牙', 't
2025-12-10 03:56:39,118 DEBUG __main__ 思考过程: 🟡 整体质量尚可，有改进空间
建议：使用更多专业医疗术语，提升专业感
2025-12-10 03:56:39,119 INFO __main__ 反思分析: 模型整体对话流程自然，符合规则，但存在改进空间。未使用更多专业医疗术语来提升专业感，同时在追问时略显简单。
2025-12-10 03:56:39,119 INFO __main__ 错误定位: 模型未充分展现专业性，例如可以适当加入牙齿健康相关的影响描述；提问过于直接，缺乏引导性。
2025-12-10 03:56:39,119 INFO __main__ 根本原因分析: 可能由于训练数据偏向简洁表达，导致生成内容偏于普通对话，未能完全体现医疗领域的专业性需求。
2025-12-10 03:56:39,120 INFO __main__ 正确的处理方法: 在保持友好和简洁的同时，增加一些专业表述，如‘缺牙可能导致邻牙移位’等，并以更自然的方式引导用户提供更多信息。
2025-12-10 03:56:39,120 INFO __main__ 关键洞察: 即使是中性语气的问诊，也可以通过适当的医学常识提升用户信任感，同时避免机械式问答。
2025-12-10 03:56:39,120 DEBUG __main__ analysis: {'metrics': {'politeness': 0.26, 'professionalism': 0.28, 'relevance': 0.3, 'clarity': 0.3, 'rule_compliance': 1.0, 'overall_score': 0.714, 'user_satisfaction': None}, 'suggestions': ['🟡 整体质量尚可，有改进空间', '建议：使用更多专业医疗术语，提升专业感'], 'timestamp': '2025-12-10T03:56:31.179878'}
2025-12-10 03:56:50,967 INFO __main__ Reflecting on QA - session=b173ed99-3f33-4965-8e12-7f4d9244d504 q_index=0 question=sentence:不太懂，能解释下吗？##context:[{'role': 'user', 'content': '牙齿打桩是什么意思', 'time': '
2025-12-10 03:57:00,269 DEBUG __main__ 思考过程: B字数过长: 回复建议控制在50-80字以内
🟡 整体质量尚可，有改进空间
建议：使用更多专业医疗术语，提升专业感
2025-12-10 03:57:00,271 INFO __main__ 反思分析: 模型的回答虽然简洁，但未完全遵循规则，如避免使用专业术语、紧扣用户问题进行自然追问等。
2025-12-10 03:57:00,271 INFO __main__ 错误定位: 回复中出现了‘牙根’和‘牙冠’这类医学术语，违反了规则10；同时追问不够自然，显得机械。
2025-12-10 03:57:00,271 INFO __main__ 根本原因分析: 模型未能充分理解规则中的限制条件，特别是在术语规避和对话流畅性方面存在不足。
2025-12-10 03:57:00,271 INFO __main__ 正确的处理方法: 回答应避免任何专业词汇，用通俗语言解释，并通过更贴近用户的语气进行单点追问，例如‘您是想了解具体的修复方式吗？’
2025-12-10 03:57:00,271 INFO __main__ 关键洞察: 在医疗对话场景中，术语规避和自然语流是提升用户体验的关键。
2025-12-10 03:57:00,272 DEBUG __main__ analysis: {'metrics': {'politeness': 0.18, 'professionalism': 0.30000000000000004, 'relevance': 0.3, 'clarity': 0.5, 'rule_compliance': 0.8, 'overall_score': 0.608, 'user_satisfaction': None}, 'suggestions': ['B字数过长: 回复建议控制在50-80字以内', '🟡 整体质量尚可，有改进空间', '建议：使用更多专业医疗术语，提升专业感'], 'timestamp': '2025-12-10T03:56:50.967335'}
2025-12-10 03:57:11,124 INFO __main__ Reflecting on QA - session=b173ed99-3f33-4965-8e12-7f4d9244d504 q_index=2 question=sentence:<picture>app查看##context:[{'role': 'user', 'content': '牙齿打桩是什么意思', 'time
2025-12-10 03:57:22,184 DEBUG __main__ 思考过程: 🟡 整体质量尚可，有改进空间
建议：使用更多专业医疗术语，提升专业感
2025-12-10 03:57:22,185 INFO __main__ 反思分析: 模型的回答偏离了系统提示的要求，未紧扣用户问题进行策略性追问，且引入了图片查看这一禁止行为。
2025-12-10 03:57:22,186 INFO __main__ 错误定位: 模型错误地假设用户发送了图片，并主动要求查看图片，违反了规则5。此外，回答中没有针对已知信息进行进一步问诊，不符合对话引导要求。
2025-12-10 03:57:22,186 INFO __main__ 根本原因分析: 模型未能准确理解上下文和系统提示的约束条件，生成了与规则不符的内容，可能由于训练数据中存在类似场景导致误判。
2025-12-10 03:57:22,186 INFO __main__ 正确的处理方法: 应回答用户关于牙齿打桩的问题后，通过提问了解主要症状或持续时间等信息，例如：‘您这颗牙目前有没有不舒服的感觉？’
2025-12-10 03:57:22,186 INFO __main__ 关键洞察: 严格遵循系统提示和规则是确保输出合规的关键，避免假设用户行为或引入禁止内容。
2025-12-10 03:57:22,186 DEBUG __main__ analysis: {'metrics': {'politeness': 0.18, 'professionalism': 0.2, 'relevance': 0.3, 'clarity': 0.3, 'rule_compliance': 1.0, 'overall_score': 0.698, 'user_satisfaction': None}, 'suggestions': ['🟡 整体质量尚可，有改进空间', '建议：使用更多专业医疗术语，提升专业感'], 'timestamp': '2025-12-10T03:57:11.124041'}
2025-12-10 03:57:29,152 INFO __main__ Reflecting on QA - session=b173ed99-3f33-4965-8e12-7f4d9244d504 q_index=4 question=sentence:吃东西有点疼，不太方便。##context:[{'role': 'user', 'content': '牙齿打桩是什么意思', 'time':
2025-12-10 03:57:39,451 DEBUG __main__ 思考过程: B字数过长: 回复建议控制在50-80字以内
🔴 整体质量需要显著改进
建议：使用更多专业医疗术语，提升专业感
✅ 成功获取联系方式，给予评分加分
2025-12-10 03:57:39,453 INFO __main__ 反思分析: 模型回复虽获取了联系方式，但字数略长且未完全符合简洁性要求，同时缺乏多样性和更强的专业感。
2025-12-10 03:57:39,453 INFO __main__ 错误定位: 回复超出了建议的字数范围，并显得稍显模板化，未能充分多样化话术。
2025-12-10 03:57:39,454 INFO __main__ 根本原因分析: 可能由于过度依赖固定句式，未灵活运用不同价值强化和联系方式请求话术组合。
2025-12-10 03:57:39,454 INFO __main__ 正确的处理方法: 采用更简短、多样的表达方式，例如：'吃东西疼可以理解，您提供下联系方式，安排医生给您解答。'
2025-12-10 03:57:39,454 INFO __main__ 关键洞察: 在确保专业性的同时，通过精简语言和丰富话术提升用户体验。
2025-12-10 03:57:39,454 DEBUG __main__ analysis: {'metrics': {'politeness': 0.18, 'professionalism': 0.2, 'relevance': 0.3, 'clarity': 0.5, 'rule_compliance': 0.8, 'overall_score': 0.648, 'user_satisfaction': None, 'contact_obtained': True}, 'suggestions': ['B字数过长: 回复建议控制在50-80字以内', '🔴 整体质量需要显著改进', '建议：使用更多专业医疗术语，提升专业感', '✅ 成功获取联系方式，给予评分加分'], 'timestamp': '2025-12-10T03:57:29.152409'}
2025-12-10 03:57:47,105 INFO __main__ Reflecting on QA - session=b173ed99-3f33-4965-8e12-7f4d9244d504 q_index=6 question=sentence:我不想发##context:[{'role': 'user', 'content': '牙齿打桩是什么意思', 'time': '0'}, {
2025-12-10 03:57:59,339 DEBUG __main__ 思考过程: 🟡 整体质量尚可，有改进空间
建议：使用更多专业医疗术语，提升专业感
2025-12-10 03:57:59,342 INFO __main__ 反思分析: 模型的回答整体符合要求，但未完全遵守规则1和规则4。回答虽简洁，但缺乏对用户症状的进一步追问，且未紧扣专业性。
2025-12-10 03:57:59,342 INFO __main__ 错误定位: 模型未使用适当的医疗术语提升专业感，同时忽略了继续问诊的关键步骤，例如询问年龄范围或相关病史。
2025-12-10 03:57:59,342 INFO __main__ 根本原因分析: 可能由于生成策略过于简化，导致遗漏必要的问诊内容；此外，对专业术语的规避使回答显得不够权威。
2025-12-10 03:57:59,342 INFO __main__ 正确的处理方法: 应在保持友好语气的同时，加入更多专业表述，并根据上下文补充一个明确的问诊问题，如“这种情况是从什么时候开始的？”或“您之前是否有类似的情况？”。
2025-12-10 03:57:59,342 INFO __main__ 关键洞察: 在医疗场景中，适当的专业术语能增强用户信任，同时每次回答后需确保有清晰的后续问诊逻辑。
2025-12-10 03:57:59,343 DEBUG __main__ analysis: {'metrics': {'politeness': 0.18, 'professionalism': 0.2, 'relevance': 0.3, 'clarity': 0.3, 'rule_compliance': 1.0, 'overall_score': 0.698, 'user_satisfaction': None}, 'suggestions': ['🟡 整体质量尚可，有改进空间', '建议：使用更多专业医疗术语，提升专业感'], 'timestamp': '2025-12-10T03:57:47.105144'}
2025-12-10 03:58:07,679 INFO __main__ Reflecting on QA - session=b173ed99-3f33-4965-8e12-7f4d9244d504 q_index=8 question=sentence:【对话ID：1765356623757】##context:[{'role': 'user', 'content': '牙齿打桩是什么意思',
2025-12-10 03:58:16,943 DEBUG __main__ 思考过程: 🟡 整体质量尚可，有改进空间
建议：使用更多专业医疗术语，提升专业感
2025-12-10 03:58:16,944 INFO __main__ 反思分析: 模型的回答整体符合要求，但未完全遵守规则11，避免提到可能引发用户担忧的内容。同时，专业术语的使用需谨慎，确保不违反规则10。
2025-12-10 03:58:16,947 INFO __main__ 错误定位: 模型在追问时提及‘之前这颗牙有过其他问题吗’，可能让用户感到不安，且略显机械式问答。
2025-12-10 03:58:16,947 INFO __main__ 根本原因分析: 未能充分理解规则10和11的重要性，导致提问方式不够温和，可能影响用户体验。
2025-12-10 03:58:16,947 INFO __main__ 正确的处理方法: 应采用更自然、友好的问诊方式，例如‘您这颗牙平时有没有什么特别的感觉？’，以减少用户心理负担。
2025-12-10 03:58:16,947 INFO __main__ 关键洞察: 在医疗对话中，语言需兼具专业性和亲和力，避免让用户产生不必要的担忧。
2025-12-10 03:58:16,947 DEBUG __main__ analysis: {'metrics': {'politeness': 0.18, 'professionalism': 0.2, 'relevance': 0.3, 'clarity': 0.3, 'rule_compliance': 1.0, 'overall_score': 0.698, 'user_satisfaction': None}, 'suggestions': ['🟡 整体质量尚可，有改进空间', '建议：使用更多专业医疗术语，提升专业感'], 'timestamp': '2025-12-10T03:58:07.679659'}
2025-12-10 03:58:27,701 INFO __main__ Reflecting on QA - session=78cb5f17-f329-4078-a523-b2160bfbdfee q_index=0 question=sentence:<picture>app查看##context:[{'role': 'user', 'content': '全瓷贴面多少钱一颗', 'time
2025-12-10 03:58:39,416 DEBUG __main__ 思考过程: B字数过长: 回复建议控制在50-80字以内
🟡 整体质量尚可，有改进空间
建议：使用更多专业医疗术语，提升专业感
2025-12-10 03:58:39,419 INFO __main__ 反思分析: 回复中未严格遵守规则8，虽然规避了直接报价，但未充分聚焦于问诊引导。同时，字数略超出建议范围，影响简洁性。
2025-12-10 03:58:39,419 INFO __main__ 错误定位: 模型在回答价格问题时，虽避免直接透露价格，但未紧扣用户情况深入问诊，且字数偏长。
2025-12-10 03:58:39,419 INFO __main__ 根本原因分析: 未能完全遵循对话自然流畅的原则，过于关注解释价格限制，导致核心任务（问诊）被弱化。
2025-12-10 03:58:39,419 INFO __main__ 正确的处理方法: 应更直接切入问诊，例如：'全瓷贴面方案因人而异，您想改善牙齿颜色还是形态？'
2025-12-10 03:58:39,419 INFO __main__ 关键洞察: 在用户询问敏感话题（如价格）时，应回归核心任务，通过策略性提问快速转移焦点。
2025-12-10 03:58:39,419 DEBUG __main__ analysis: {'metrics': {'politeness': 0.18, 'professionalism': 0.28, 'relevance': 0.3, 'clarity': 0.5, 'rule_compliance': 0.8, 'overall_score': 0.606, 'user_satisfaction': None}, 'suggestions': ['B字数过长: 回复建议控制在50-80字以内', '🟡 整体质量尚可，有改进空间', '建议：使用更多专业医疗术语，提升专业感'], 'timestamp': '2025-12-10T03:58:27.701766'}
2025-12-10 03:58:56,887 INFO __main__ Reflecting on QA - session=78cb5f17-f329-4078-a523-b2160bfbdfee q_index=2 question=sentence:主要是颜色，也有点缺损##context:[{'role': 'user', 'content': '全瓷贴面多少钱一颗', 'time': 
2025-12-10 03:59:08,877 DEBUG __main__ 思考过程: 🟡 整体质量尚可，有改进空间
建议：使用更多专业医疗术语，提升专业感
2025-12-10 03:59:08,878 INFO __main__ 反思分析: 模型的回答整体符合要求，但缺乏专业感，未能充分使用医疗领域的术语来提升可信度。同时，追问的逻辑可以更贴近用户的核心需求。
2025-12-10 03:59:08,879 INFO __main__ 错误定位: 回答中未明确提到改善方案的具体方向，且语言过于简化，显得不够专业。此外，追问的问题虽然紧扣用户描述，但略显生硬。
2025-12-10 03:59:08,879 INFO __main__ 根本原因分析: 模型可能受限于对简洁性的过度追求，导致忽略了适当的专业表达。同时，策略性提问的设计可能未完全结合口腔问诊的最佳实践。
2025-12-10 03:59:08,879 INFO __main__ 正确的处理方法: 在保持简洁的同时，加入更多专业但易懂的表述，例如‘牙齿颜色和形态问题可通过定制方案优化’。追问时可采用更自然的语气，如‘您觉得这些问题大概是从什么时候开始的？’
2025-12-10 03:59:08,879 INFO __main__ 关键洞察: 在医疗场景中，专业性和亲和力需要平衡，适当使用领域术语能增强用户信任感，但不应牺牲对话的流畅性。
2025-12-10 03:59:08,879 DEBUG __main__ analysis: {'metrics': {'politeness': 0.18, 'professionalism': 0.2, 'relevance': 0.3, 'clarity': 0.3, 'rule_compliance': 1.0, 'overall_score': 0.698, 'user_satisfaction': None}, 'suggestions': ['🟡 整体质量尚可，有改进空间', '建议：使用更多专业医疗术语，提升专业感'], 'timestamp': '2025-12-10T03:58:56.887217'}
2025-12-10 03:59:22,239 INFO __main__ Reflecting on QA - session=78cb5f17-f329-4078-a523-b2160bfbdfee q_index=4 question=sentence:有好几年了##context:[{'role': 'user', 'content': '全瓷贴面多少钱一颗', 'time': '0'}, 
2025-12-10 03:59:31,363 DEBUG __main__ 思考过程: B字数过长: 回复建议控制在50-80字以内
🔴 整体质量需要显著改进
建议：使用更多专业医疗术语，提升专业感
2025-12-10 03:59:31,366 INFO __main__ 反思分析: 模型回复虽然符合要求询问了联系方式，但字数略长且未完全体现价值强化话术。此外，缺乏对用户问题的直接回应，显得不够专业。
2025-12-10 03:59:31,367 INFO __main__ 错误定位: 回复中未充分结合用户上下文，缺少对牙齿问题改善的价值描述，同时字数超出建议范围。
2025-12-10 03:59:31,367 INFO __main__ 根本原因分析: 模型可能未能有效利用价值强化话术，导致回复显得生硬，且对简洁性和专业性的平衡掌握不足。
2025-12-10 03:59:31,367 INFO __main__ 正确的处理方法: 基于用户提到的多年问题，应先简短回应用户关切，再用价值强化话术引导留联，例如：'多年问题需要个性化方案，您留下微信，我们安排医生详细解答。'
2025-12-10 03:59:31,367 INFO __main__ 关键洞察: 在引导用户提供联系方式时，需结合具体情境强化服务价值，并严格控制字数和语气的专业性。
2025-12-10 03:59:31,367 DEBUG __main__ analysis: {'metrics': {'politeness': 0.18, 'professionalism': 0.2, 'relevance': 0.3, 'clarity': 0.5, 'rule_compliance': 0.8, 'overall_score': 0.598, 'user_satisfaction': None}, 'suggestions': ['B字数过长: 回复建议控制在50-80字以内', '🔴 整体质量需要显著改进', '建议：使用更多专业医疗术语，提升专业感'], 'timestamp': '2025-12-10T03:59:22.239556'}
2025-12-10 03:59:39,314 INFO __main__ Reflecting on QA - session=78cb5f17-f329-4078-a523-b2160bfbdfee q_index=6 question=sentence:我不想发##context:[{'role': 'user', 'content': '全瓷贴面多少钱一颗', 'time': '0'}, {
2025-12-10 03:59:54,487 DEBUG __main__ 思考过程: 🟡 整体质量尚可，有改进空间
建议：使用更多专业医疗术语，提升专业感
2025-12-10 03:59:54,490 INFO __main__ 反思分析: 模型的回答整体符合要求，但未完全达到专业性和自然对话的预期。虽然遵循了规则，但缺乏更贴近医疗场景的专业表达。
2025-12-10 03:59:54,490 INFO __main__ 错误定位: 回答中缺少对用户问题的进一步引导和细节追问，显得过于简短且略显机械。此外，未能体现更强的专业性以提升用户信任感。
2025-12-10 03:59:54,490 INFO __main__ 根本原因分析: 模型可能受限于简洁性要求，导致信息密度不足；同时对医疗场景中的语言风格把握不够精准，影响了专业形象的塑造。
2025-12-10 03:59:54,490 INFO __main__ 正确的处理方法: 在保持简洁的同时，增加一些具体化的问题或表述，例如结合牙齿问题的特点进行针对性提问，并适当使用更专业的语气增强可信度。
2025-12-10 03:59:54,490 INFO __main__ 关键洞察: 即使是简短回答，也需通过精准措辞和逻辑连贯性来传递专业感，从而提高用户满意度和信任度。
2025-12-10 03:59:54,491 DEBUG __main__ analysis: {'metrics': {'politeness': 0.18, 'professionalism': 0.2, 'relevance': 0.3, 'clarity': 0.3, 'rule_compliance': 1.0, 'overall_score': 0.698, 'user_satisfaction': None}, 'suggestions': ['🟡 整体质量尚可，有改进空间', '建议：使用更多专业医疗术语，提升专业感'], 'timestamp': '2025-12-10T03:59:39.314627'}
2025-12-10 04:00:06,635 INFO __main__ Reflecting on QA - session=78cb5f17-f329-4078-a523-b2160bfbdfee q_index=8 question=sentence:【对话ID：1765356769102】##context:[{'role': 'user', 'content': '全瓷贴面多少钱一颗',
2025-12-10 04:00:17,848 DEBUG __main__ 思考过程: 🟡 整体质量尚可，有改进空间
建议：使用更多专业医疗术语，提升专业感
2025-12-10 04:00:17,851 INFO __main__ 反思分析: 模型的回答整体符合要求，但存在轻微问题。虽然语气回答自然，但建议中提到使用更多专业医疗术语与规则10冲突，可能导致违规。
2025-12-10 04:00:17,851 INFO __main__ 错误定位: 建议部分提及增加专业医疗术语，违反了规则10，可能引发用户不安或困惑。
2025-12-10 04:00:17,851 INFO __main__ 根本原因分析: 模型推理时未充分结合规则10的限制，导致给出了不符合规范的优化建议。
2025-12-10 04:00:17,852 INFO __main__ 正确的处理方法: 应避免提及专业术语，专注于通过自然语言追问用户相关信息，确保对话流畅且合规。
2025-12-10 04:00:17,852 INFO __main__ 关键洞察: 在医疗领域对话生成中，需严格遵守所有规则，尤其是涉及用户情绪和平台政策的部分。
2025-12-10 04:00:17,852 DEBUG __main__ analysis: {'metrics': {'politeness': 0.18, 'professionalism': 0.28, 'relevance': 0.3, 'clarity': 0.5, 'rule_compliance': 1.0, 'overall_score': 0.726, 'user_satisfaction': None}, 'suggestions': ['🟡 整体质量尚可，有改进空间', '建议：使用更多专业医疗术语，提升专业感'], 'timestamp': '2025-12-10T04:00:06.635603'}
2025-12-10 22:08:28,904 INFO __main__ Reflecting on QA - session=7ab7fe68-b6d2-40dc-a7cf-7003a8baeed6 q_index=0 question=sentence:嗯嗯，就是后槽牙那边缺了##context:[{'role': 'user', 'content': '缺1~3颗牙', 'time': '0
2025-12-10 22:08:38,930 DEBUG __main__ 思考过程: 🟡 整体质量尚可，有改进空间
建议：使用更多专业医疗术语，提升专业感
2025-12-10 22:08:38,930 INFO __main__ 反思分析: 模型的回答整体符合要求，但未完全遵守规则6和规则10。缺牙时间的追问合理，但提及‘影响咀嚼功能’可能引发用户不必要的担忧，应避免强调潜在危害。
2025-12-10 22:08:38,933 INFO __main__ 错误定位: 回答中包含了对用户可能产生压力的内容（影响咀嚼功能），违反了规则10；同时专业感不足，未能体现更精准的医疗问诊语气。
2025-12-10 22:08:38,933 INFO __main__ 根本原因分析: 模型生成内容时未能充分过滤可能引发用户焦虑的表述，且策略性提问的设计缺乏更高专业度的表达优化。
2025-12-10 22:08:38,933 INFO __main__ 正确的处理方法: 应回答为‘了解，您缺牙的情况大概有多久了？’，既紧扣用户问题，又自然推进对话，同时避免引入可能让用户担忧的内容。
2025-12-10 22:08:38,933 INFO __main__ 关键洞察: 在医疗场景对话中，需严格规避任何可能引发用户焦虑的措辞，并通过精准提问提升专业形象。
2025-12-10 22:08:38,933 DEBUG __main__ analysis: {'metrics': {'politeness': 0.18, 'professionalism': 0.2, 'relevance': 0.3, 'clarity': 0.5, 'rule_compliance': 1.0, 'overall_score': 0.718, 'user_satisfaction': None}, 'suggestions': ['🟡 整体质量尚可，有改进空间', '建议：使用更多专业医疗术语，提升专业感'], 'timestamp': '2025-12-10T22:08:28.904700'}
2025-12-10 22:08:49,159 INFO __main__ Reflecting on QA - session=7ab7fe68-b6d2-40dc-a7cf-7003a8baeed6 q_index=2 question=sentence:大概有几个月了吧##context:[{'role': 'user', 'content': '缺1~3颗牙', 'time': '0'}, 
2025-12-10 22:08:58,429 DEBUG __main__ 思考过程: 🟡 整体质量尚可，有改进空间
建议：使用更多专业医疗术语，提升专业感
2025-12-10 22:08:58,432 INFO __main__ 反思分析: 模型的回答整体符合要求，但未完全遵守规则1和规则4。回答中‘几个月时间不算短了’显得多余，且未紧扣用户问题进行自然追问。
2025-12-10 22:08:58,432 INFO __main__ 错误定位: 回答中包含了不必要的评价性语言，且提问略显生硬，未能充分展现友好和自然的对话流程。
2025-12-10 22:08:58,432 INFO __main__ 根本原因分析: 模型可能在生成文本时过度解读了用户输入，试图增加情感渲染，导致偏离简洁性和专业性的要求。
2025-12-10 22:08:58,432 INFO __main__ 正确的处理方法: 直接确认用户的描述并自然地追问下一个关键信息点，例如：‘了解了，您大概多大年纪呢？’
2025-12-10 22:08:58,432 INFO __main__ 关键洞察: 保持简洁、紧扣主题，并以友好的语气逐步引导用户提供更多信息是最佳实践。
2025-12-10 22:08:58,432 DEBUG __main__ analysis: {'metrics': {'politeness': 0.18, 'professionalism': 0.2, 'relevance': 0.3, 'clarity': 0.5, 'rule_compliance': 1.0, 'overall_score': 0.718, 'user_satisfaction': None}, 'suggestions': ['🟡 整体质量尚可，有改进空间', '建议：使用更多专业医疗术语，提升专业感'], 'timestamp': '2025-12-10T22:08:49.159189'}
2025-12-10 22:09:10,453 INFO __main__ Reflecting on QA - session=7ab7fe68-b6d2-40dc-a7cf-7003a8baeed6 q_index=4 question=sentence:有时候吃东西会塞牙##context:[{'role': 'user', 'content': '缺1~3颗牙', 'time': '0'},
2025-12-10 22:09:18,744 DEBUG __main__ 思考过程: 🟡 整体质量尚可，有改进空间
建议：使用更多专业医疗术语，提升专业感
2025-12-10 22:09:18,744 INFO __main__ 反思分析: 模型输出整体符合要求，但未完全达到专业性和多样性需求。虽然询问了联系方式，但缺乏强化价值的话术，且句子结构略显单一。
2025-12-10 22:09:18,744 INFO __main__ 错误定位: 话术中缺少价值强化内容，未能充分引导用户理解提供联系方式的益处；同时缺乏多样化的表达方式。
2025-12-10 22:09:18,744 INFO __main__ 根本原因分析: 可能由于模板化生成导致多样性不足，且对价值强化话术的应用不够深入。
2025-12-10 22:09:18,744 INFO __main__ 正确的处理方法: 结合价值强化话术，例如“为了给您安排更精准的诊断和个性化方案，请您留下联系方式”。确保每次请求联系方式时使用不同表达方式。
2025-12-10 22:09:18,747 INFO __main__ 关键洞察: 在引导用户提供信息时，应通过强调后续服务的价值来提升用户的配合意愿，同时保持话术多样化。
2025-12-10 22:09:18,747 DEBUG __main__ analysis: {'metrics': {'politeness': 0.18, 'professionalism': 0.2, 'relevance': 0.3, 'clarity': 0.5, 'rule_compliance': 1.0, 'overall_score': 0.718, 'user_satisfaction': None}, 'suggestions': ['🟡 整体质量尚可，有改进空间', '建议：使用更多专业医疗术语，提升专业感'], 'timestamp': '2025-12-10T22:09:10.453928'}
2025-12-10 22:09:26,119 INFO __main__ Reflecting on QA - session=7ab7fe68-b6d2-40dc-a7cf-7003a8baeed6 q_index=6 question=sentence:我不想发##context:[{'role': 'user', 'content': '缺1~3颗牙', 'time': '0'}, {'ro
2025-12-10 22:09:34,172 DEBUG __main__ 思考过程: 🟡 整体质量尚可，有改进空间
建议：使用更多专业医疗术语，提升专业感
2025-12-10 22:09:34,172 INFO __main__ 反思分析: 模型的回答整体符合对话流程，但未完全紧扣用户最新提到的‘吃东西会塞牙’这一点进行追问，错失了深入挖掘症状的机会。此外，使用‘这颗牙’表述不够精准，可能引发歧义。
2025-12-10 22:09:34,174 INFO __main__ 错误定位: 未能针对用户最新描述的症状（塞牙）展开追问；问题设计略显模糊，缺乏明确指向性。
2025-12-10 22:09:34,175 INFO __main__ 根本原因分析: 模型可能过于依赖预设问诊逻辑，而忽略了上下文中用户的实时反馈。同时，语言表达上未充分考虑语境的具体性。
2025-12-10 22:09:34,175 INFO __main__ 正确的处理方法: 应围绕‘吃东西会塞牙’这一具体症状提问，例如：‘您觉得塞牙的情况是最近才开始的吗？’以更贴近用户当前关注点。
2025-12-10 22:09:34,175 INFO __main__ 关键洞察: 在医疗问诊场景中，需优先聚焦用户最新提及的症状或问题，并通过精准措辞避免歧义。
2025-12-10 22:09:34,175 DEBUG __main__ analysis: {'metrics': {'politeness': 0.18, 'professionalism': 0.2, 'relevance': 0.3, 'clarity': 0.3, 'rule_compliance': 1.0, 'overall_score': 0.698, 'user_satisfaction': None}, 'suggestions': ['🟡 整体质量尚可，有改进空间', '建议：使用更多专业医疗术语，提升专业感'], 'timestamp': '2025-12-10T22:09:26.119826'}
2025-12-10 22:09:46,326 INFO __main__ Reflecting on QA - session=7ab7fe68-b6d2-40dc-a7cf-7003a8baeed6 q_index=8 question=sentence:【对话ID：1765421994667】##context:[{'role': 'user', 'content': '缺1~3颗牙', 't
2025-12-10 22:09:55,758 DEBUG __main__ 思考过程: 🟡 整体质量尚可，有改进空间
建议：使用更多专业医疗术语，提升专业感
2025-12-10 22:09:55,758 INFO __main__ 反思分析: 模型的回答整体符合要求，但未完全体现专业性，且提问略显宽泛，未能紧扣用户提到的‘塞牙’这一具体症状进行追问。
2025-12-10 22:09:55,761 INFO __main__ 错误定位: 问题设计不够精准，未针对用户提到的‘吃东西会塞牙’这一现象深入挖掘潜在原因或关联症状。
2025-12-10 22:09:55,761 INFO __main__ 根本原因分析: 模型可能缺乏对上下文信息的深度利用，导致提问过于泛化，未能体现策略性问诊的核心目标。
2025-12-10 22:09:55,761 INFO __main__ 正确的处理方法: 应围绕‘塞牙’现象进一步追问，例如：‘您塞牙的情况是最近才出现的吗？’以更自然地引导用户提供关键信息。
2025-12-10 22:09:55,761 INFO __main__ 关键洞察: 在医疗问诊场景中，需充分利用用户的描述，设计针对性问题，避免泛泛而谈，提升对话效率和专业感。
2025-12-10 22:09:55,761 DEBUG __main__ analysis: {'metrics': {'politeness': 0.18, 'professionalism': 0.30000000000000004, 'relevance': 0.3, 'clarity': 0.3, 'rule_compliance': 1.0, 'overall_score': 0.708, 'user_satisfaction': None}, 'suggestions': ['🟡 整体质量尚可，有改进空间', '建议：使用更多专业医疗术语，提升专业感'], 'timestamp': '2025-12-10T22:09:46.326558'}
2025-12-10 22:10:04,416 INFO __main__ Reflecting on QA - session=c9fc7af8-5084-4e4d-b0f9-50bb3c41511c q_index=0 question=sentence:嗯嗯，牙龈有点肿和痛##context:[{'role': 'user', 'content': '长智齿的前兆是什么', 'time': '
2025-12-10 22:10:12,980 DEBUG __main__ 思考过程: 🟡 整体质量尚可，有改进空间
建议：使用更多专业医疗术语，提升专业感
2025-12-10 22:10:12,980 INFO __main__ 反思分析: 模型的回答整体符合要求，但未完全遵守规则6和规则10。回答中‘智齿萌出时常见的反应’涉及推测性诊断，可能引发用户担忧，且专业术语使用不足。
2025-12-10 22:10:12,982 INFO __main__ 错误定位: 模型在引导对话时提及了‘智齿萌出’这一推测性描述，违反了规则6；同时缺乏足够的专业术语表达，影响可信度。
2025-12-10 22:10:12,982 INFO __main__ 根本原因分析: 模型未能充分理解规则6的限制，倾向于直接关联用户症状与潜在问题，导致表述不够中性；此外，对专业术语的应用意识不足。
2025-12-10 22:10:12,982 INFO __main__ 正确的处理方法: 应回答为‘牙龈肿痛可能是多种原因引起的，您这种情况大概持续多久了？’以避免推测性诊断并提升专业感。
2025-12-10 22:10:12,982 INFO __main__ 关键洞察: 在医疗场景中，避免推测性诊断至关重要，应通过更中性的语言引导用户提供更多信息。
2025-12-10 22:10:12,983 DEBUG __main__ analysis: {'metrics': {'politeness': 0.18, 'professionalism': 0.28, 'relevance': 0.3, 'clarity': 0.5, 'rule_compliance': 1.0, 'overall_score': 0.726, 'user_satisfaction': None}, 'suggestions': ['🟡 整体质量尚可，有改进空间', '建议：使用更多专业医疗术语，提升专业感'], 'timestamp': '2025-12-10T22:10:04.416491'}
2025-12-10 22:10:26,465 INFO __main__ Reflecting on QA - session=c9fc7af8-5084-4e4d-b0f9-50bb3c41511c q_index=2 question=sentence:大概一个星期了##context:[{'role': 'user', 'content': '长智齿的前兆是什么', 'time': '0'}
2025-12-10 22:10:35,408 DEBUG __main__ 思考过程: 🟡 整体质量尚可，有改进空间
建议：使用更多专业医疗术语，提升专业感
2025-12-10 22:10:35,411 INFO __main__ 反思分析: 模型的回答整体符合要求，但未完全遵守规则1和规则4。回答中缺少明确的引导性问题，且语气略显随意，未能充分体现专业性。
2025-12-10 22:10:35,411 INFO __main__ 错误定位: 模型未紧扣用户提供的信息进行追问，且提问方式过于直接，缺乏自然过渡。
2025-12-10 22:10:35,411 INFO __main__ 根本原因分析: 可能由于对系统提示中的‘策略性提问’理解不足，导致对话流程不够流畅，同时忽视了简洁性和专业性的平衡。
2025-12-10 22:10:35,411 INFO __main__ 正确的处理方法: 应在确认用户描述的基础上，采用更温和的语气提出针对性问题，例如‘牙龈肿痛是否在进食时加重？’，并确保一次只问一个问题。
2025-12-10 22:10:35,411 INFO __main__ 关键洞察: 对话设计需兼顾专业性与用户体验，避免让用户感到被审问，同时严格遵循系统设定的规则。
2025-12-10 22:10:35,411 DEBUG __main__ analysis: {'metrics': {'politeness': 0.1, 'professionalism': 0.2, 'relevance': 0.3, 'clarity': 0.5, 'rule_compliance': 1.0, 'overall_score': 0.71, 'user_satisfaction': None}, 'suggestions': ['🟡 整体质量尚可，有改进空间', '建议：使用更多专业医疗术语，提升专业感'], 'timestamp': '2025-12-10T22:10:26.465388'}
2025-12-10 22:10:46,424 INFO __main__ Reflecting on QA - session=c9fc7af8-5084-4e4d-b0f9-50bb3c41511c q_index=4 question=sentence:吃东西时会更明显##context:[{'role': 'user', 'content': '长智齿的前兆是什么', 'time': '0'
2025-12-10 22:10:56,611 DEBUG __main__ 思考过程: 🟡 整体质量尚可，有改进空间
建议：使用更多专业医疗术语，提升专业感
2025-12-10 22:10:56,611 INFO __main__ 反思分析: 模型的回答虽然符合基本要求，但缺乏多样性，且未完全体现价值强化话术。同时，专业感可以通过更精准的语言表达进一步提升。
2025-12-10 22:10:56,614 INFO __main__ 错误定位: 话术单一，未充分结合用户痛点强化留联价值；句子结构略显生硬，未能完全达到温和专业的语气要求。
2025-12-10 22:10:56,614 INFO __main__ 根本原因分析: 模型可能受限于固定的模板化输出，未能灵活运用多种话术组合，导致表达重复性较高。
2025-12-10 22:10:56,614 INFO __main__ 正确的处理方法: 采用多样化的价值强化话术，如强调个性化方案或专业医生介入，并以更自然的语气询问联系方式。
2025-12-10 22:10:56,614 INFO __main__ 关键洞察: 在引导用户提供联系方式时，应注重话术的多样性和场景适配性，避免机械化表达。
2025-12-10 22:10:56,614 DEBUG __main__ analysis: {'metrics': {'politeness': 0.18, 'professionalism': 0.2, 'relevance': 0.3, 'clarity': 0.5, 'rule_compliance': 1.0, 'overall_score': 0.718, 'user_satisfaction': None}, 'suggestions': ['🟡 整体质量尚可，有改进空间', '建议：使用更多专业医疗术语，提升专业感'], 'timestamp': '2025-12-10T22:10:46.424098'}
2025-12-10 22:11:05,493 INFO __main__ Reflecting on QA - session=c9fc7af8-5084-4e4d-b0f9-50bb3c41511c q_index=6 question=sentence:我的电话是18325468564##context:[{'role': 'user', 'content': '长智齿的前兆是什么', 'ti
2025-12-10 22:11:14,256 DEBUG __main__ 思考过程: 🟡 整体质量尚可，有改进空间
建议：使用更多专业医疗术语，提升专业感
2025-12-10 22:11:14,258 INFO __main__ 反思分析: 模型的回答整体符合要求，但缺乏足够的专业性和策略性追问。未完全紧扣用户问题进行自然延伸，且略显机械化。
2025-12-10 22:11:14,258 INFO __main__ 错误定位: 模型在引导对话时未能充分结合上下文优化问诊流程，同时缺少更贴近医疗场景的专业表述。
2025-12-10 22:11:14,258 INFO __main__ 根本原因分析: 可能由于训练数据中缺乏足够高质量的医疗对话样本，导致生成内容偏通用化而非专业化。
2025-12-10 22:11:14,258 INFO __main__ 正确的处理方法: 应在保持友好语气回答的同时，融入更多医疗领域常识，并通过逐步深入的问题设计提升用户体验。
2025-12-10 22:11:14,258 INFO __main__ 关键洞察: 针对特定领域任务，需强化领域知识与对话管理能力的结合以提高输出质量。
2025-12-10 22:11:14,258 DEBUG __main__ analysis: {'metrics': {'politeness': 0.18, 'professionalism': 0.2, 'relevance': 0.3, 'clarity': 0.3, 'rule_compliance': 1.0, 'overall_score': 0.698, 'user_satisfaction': None}, 'suggestions': ['🟡 整体质量尚可，有改进空间', '建议：使用更多专业医疗术语，提升专业感'], 'timestamp': '2025-12-10T22:11:05.493214'}
2025-12-10 22:11:24,204 INFO __main__ Reflecting on QA - session=c9fc7af8-5084-4e4d-b0f9-50bb3c41511c q_index=8 question=sentence:【对话ID：1765422153614】##context:[{'role': 'user', 'content': '长智齿的前兆是什么',
2025-12-10 22:11:35,134 DEBUG __main__ 思考过程: 🟡 整体质量尚可，有改进空间
建议：使用更多专业医疗术语，提升专业感
2025-12-10 22:11:35,137 INFO __main__ 反思分析: 模型的回答整体符合要求，但缺乏专业术语的使用，且未完全紧扣用户问题进行追问。在引导用户提供更多信息时，可以更自然地结合医疗场景。
2025-12-10 22:11:35,137 INFO __main__ 错误定位: 回答中未使用适当的医疗术语，显得不够专业；同时在追问病史时略显生硬，未能充分展现对用户的关怀。
2025-12-10 22:11:35,137 INFO __main__ 根本原因分析: 模型可能受限于规则中避免使用医学术语的要求，导致语言过于简化；此外，对话流程设计上未充分考虑用户情感体验。
2025-12-10 22:11:35,137 INFO __main__ 正确的处理方法: 在保持简洁友好的前提下，适当引入通用医疗术语以提升专业感，同时优化追问方式，使其更贴近用户实际感受。
2025-12-10 22:11:35,137 INFO __main__ 关键洞察: 即使是非专业术语的表达，也可以通过逻辑清晰、语气温和的方式增强用户信任感。
2025-12-10 22:11:35,137 DEBUG __main__ analysis: {'metrics': {'politeness': 0.26, 'professionalism': 0.2, 'relevance': 0.3, 'clarity': 0.3, 'rule_compliance': 1.0, 'overall_score': 0.706, 'user_satisfaction': None}, 'suggestions': ['🟡 整体质量尚可，有改进空间', '建议：使用更多专业医疗术语，提升专业感'], 'timestamp': '2025-12-10T22:11:24.204907'}
2025-12-10 22:11:46,149 INFO __main__ Reflecting on QA - session=443392e2-5a2d-45c4-a89c-663faad5aafe q_index=0 question=sentence:好的，麻烦医生给点建议吧。##context:[{'role': 'user', 'content': '获取矫正方案', 'time': '
